ano_campeonato,data,rodada,estadio,arbitro,publico,publico_max,time_mandante,time_visitante,tecnico_mandante,tecnico_visitante,colocacao_mandante,colocacao_visitante,valor_equipe_titular_mandante,valor_equipe_titular_visitante,idade_media_titular_mandante,idade_media_titular_visitante,gols_mandante,gols_visitante,AvgCH,AvgCD,AvgCA,missing_rodada,gols_pro_mandante,gols_pro_visitante,gols_sofridos_mandante,gols_sofridos_visitante,saldo_gols_mandante,saldo_gols_visitante,vitorias_mandante,vitorias_visitante,empates_mandante,empates_visitante,derrotas_mandante,derrotas_visitante,missing_colocacao_mandante,missing_colocacao_visitante,dia,mes,resultado_vitoria_mandante,resultado_vitoria_visitante,resultado_empate,gols_sofridos_media_mandante,gols_sofridos_media_visitante,gols_marcados_media_mandante,gols_marcados_media_visitante,vitorias_confronto_mandante,vitorias_confronto_visitante,empates_confronto,vitorias_seguidas_mandante,vitorias_seguidas_visitante,colocacao_media_mandante,colocacao_media_visitante,derrotas_seguidas_mandante,derrotas_seguidas_visitante,elo_mandante,elo_visitante,pred_resultado_empate,pred_resultado_vitoria_mandante,pred_resultado_vitoria_visitante,classe_real
1.0,1.061068702290076,0.0,39,45,0.886124194807291,0.8568229372485967,4,33,42,41,0.05263157894736842,0.6842105263157894,0.8022731628059823,0.8468487211442086,0.34530914590937506,0.11706906889102064,2.0,2.0,2.99,3.06,2.42,0,0.0,0.0,0.0,0.0,0.020361898296886314,-0.0036895321542065413,0.0,0.0,0.0,0.0,0.0,0.0,0,0,0.9,0.0,0,0,1,0.0,0.0,0.0,0.0,0.7142857142857142,0.5909090909090909,0.75,0.0,0.0,-0.02282393092010156,-0.069888812953493,0.0,0.0,-0.2025997165740507,1.4442861047210616,0.3292644089479897,0.3073030575768591,0.36343253347515114,0
1.0,1.061068702290076,0.0,2,45,0.7921775400036931,0.542089818812117,12,41,42,41,0.21052631578947367,0.7894736842105263,0.6804606311117569,0.7857365966131702,0.3468926840148598,-0.494389340217036,4.0,2.0,2.86,3.08,2.51,0,0.0,0.0,0.0,0.0,0.020361898296886314,-0.0036895321542065413,0.0,0.0,0.0,0.0,0.0,0.0,0,0,0.9,0.0,1,0,0,0.0,0.0,0.0,0.0,0.14285714285714285,0.4090909090909091,0.125,0.0,0.0,-0.02282393092010156,-0.069888812953493,0.0,0.0,-1.2658569085352052,-0.01811912196086931,0.34071961631124914,0.3173958208246117,0.34188456286413926,1
1.0,1.061068702290076,0.0,81,45,0.9081252463590347,0.8071458190976468,13,18,42,41,0.2631578947368421,0.42105263157894735,0.8017383575793147,0.6524764519488098,0.06204760717214169,0.006687565497441135,1.0,2.0,2.21,3.31,3.15,0,0.0,0.0,0.0,0.0,0.020361898296886314,-0.0036895321542065413,0.0,0.0,0.0,0.0,0.0,0.0,0,0,0.9,0.0,0,1,0,0.0,0.0,0.0,0.0,0.7142857142857142,0.2727272727272727,0.375,0.0,0.0,-0.02282393092010156,-0.069888812953493,0.0,0.0,-0.17744754716078392,-0.03293638656300582,0.3714852248672717,0.3424542785291163,0.2860604966036121,2
1.0,1.061068702290076,0.0,48,45,0.8400699646473958,0.708418767979448,14,38,42,41,0.3157894736842105,0.6842105263157894,0.6504109653283912,0.767362555943629,-0.11646066817777731,-1.4511762319523853,0.0,1.0,2.62,2.91,2.87,0,0.0,0.0,0.0,0.0,0.020361898296886314,-0.0036895321542065413,0.0,0.0,0.0,0.0,0.0,0.0,0,0,0.9,0.0,0,1,0,0.0,0.0,0.0,0.0,0.09523809523809523,0.18181818181818182,0.0625,0.0,0.0,-0.02282393092010156,-0.069888812953493,0.0,0.0,-1.2415151502107773,-0.6198300943002598,0.34906782771025524,0.3262695990562664,0.3246625732334784,2
1.0,1.061068702290076,0.0,49,45,0.8365945588214728,0.6811110161892913,19,48,42,41,0.42105263157894735,0.8421052631578947,0.6247902593092511,0.7964684833870479,-0.4676350762663283,0.0030057574566877978,2.0,0.0,1.79,3.34,4.62,0,0.0,0.0,0.0,0.0,0.020361898296886314,-0.0036895321542065413,0.0,0.0,0.0,0.0,0.0,0.0,0,0,0.9,0.0,1,0,0,0.0,0.0,0.0,0.0,0.0,0.0,0.0,0.0,0.0,-0.02282393092010156,-0.069888812953493,0.0,0.0,-0.24155921644618472,-0.41360462190773245,0.3451376623661715,0.3217599088493037,0.3331024287845248,1
1.0,1.061068702290076,0.0,44,45,0.8991658406776509,0.9711241625770142,22,26,42,41,0.5263157894736843,0.5789473684210527,0.7657007387172505,0.7964684833870479,-0.05163552458161856,-0.04095900311107167,2.0,1.0,1.59,3.79,5.53,0,0.0,0.0,0.0,0.0,0.020361898296886314,-0.0036895321542065413,0.0,0.0,0.0,0.0,0.0,0.0,0,0,0.9,0.0,1,0,0,0.0,0.0,0.0,0.0,0.47619047619047616,1.0,0.625,0.0,0.0,-0.02282393092010156,-0.069888812953493,0.0,0.0,1.0385794895983609,-0.13875639640632703,0.3337808026131247,0.3221383371425233,0.34408086024435197,1
1.0,1.061068702290076,0.0,20,45,0.8729090091420953,0.840985657625906,28,2,42,41,0.5789473684210527,0.3684210526315789,0.7780716141907609,0.7468494646919039,0.2804392421113345,-0.6674624380436176,0.0,1.0,1.97,3.21,3.93,0,0.0,0.0,0.0,0.0,0.020361898296886314,-0.0036895321542065413,0.0,0.0,0.0,0.0,0.0,0.0,0,0,0.9,0.0,0,1,0,0.0,0.0,0.0,0.0,0.38095238095238093,0.4545454545454546,0.4375,0.0,0.0,-0.02282393092010156,-0.069888812953493,0.0,0.0,-0.4749282545934767,-0.9312130003918903,0.3744054549348348,0.32911523192429615,0.2964793131408691,2
1.0,1.0612155020551968,0.0,25,45,0.8906699507359097,0.9156559984339911,45,21,42,41,0.5789473684210527,0.5263157894736843,0.8117269675407692,0.8585953647448308,-0.05897178147142172,0.1415306431307776,2.0,1.0,3.7,2.95,2.16,0,0.0,0.0,0.0,0.0,0.020361898296886314,-0.0036895321542065413,0.0,0.0,0.0,0.0,0.0,0.0,0,0,0.9333333333333333,0.0,1,0,0,0.0,0.0,0.0,0.0,0.7619047619047619,0.5909090909090909,0.875,0.0,0.0,-0.02282393092010156,-0.069888812953493,0.0,0.0,-0.18915490443970767,1.9076795175430468,0.36725638680674094,0.32936470680562807,0.30337890638763104,1
1.0,1.0612155020551968,0.0,44,45,0.8991658406776509,0.9711241625770142,47,46,42,41,0.631578947368421,0.5789473684210527,0.7657007387172505,0.6841173416118116,0.00039884696844762093,-0.3234294090761925,2.0,1.0,1.89,3.3,4.13,0,0.0,0.0,0.0,0.0,0.020361898296886314,-0.0036895321542065413,0.0,0.0,0.0,0.0,0.0,0.0,0,0,0.9333333333333333,0.0,1,0,0,0.0,0.0,0.0,0.0,0.09523809523809523,0.0,0.0,0.0,0.0,-0.02282393092010156,-0.069888812953493,0.0,0.0,1.0277336576428981,-0.6630184420160109,0.3628906227751737,0.3215912048077037,0.3155181724171226,1
1.0,1.061362301820317,0.0,62,45,0.848840709928379,0.7854555477110323,8,16,42,41,0.5263157894736843,0.5789473684210527,0.7024432050920628,0.7544137449486421,0.05070046793783807,0.14595314600119833,4.0,0.0,2.39,3.03,3.11,0,0.0,0.0,0.0,0.0,0.020361898296886314,-0.0036895321542065413,0.0,0.0,0.0,0.0,0.0,0.0,0,0,0.9666666666666667,0.0,1,0,0,0.0,0.0,0.0,0.0,0.42857142857142855,0.6818181818181819,0.6875,0.0,0.0,-0.02282393092010156,-0.069888812953493,0.0,0.0,1.2520232539419447,0.9559337394192643,0.3670693043225521,0.31030516140175035,0.32262553427569735,1
1.0,1.0620963006459188,0.02702702702702703,44,45,0.8991658406776509,0.9711241625770142,21,28,42,41,0.631578947368421,0.8421052631578947,0.8539740249683285,0.7830935928200902,0.09620822187325515,0.321864235874236,1.0,1.0,1.4,4.46,7.62,0,0.009615384615384616,0.0,0.01818181818181818,0.009259259259259259,-0.06253403075278056,-0.08548505892480573,0.0,0.0,0.0,0.0,0.027777777777777776,0.02857142857142857,0,0,0.1,0.09090909090909091,0,0,1,0.044444444444444446,0.02631578947368421,0.027777777777777776,0.0,0.7142857142857142,0.6363636363636364,0.625,0.0,0.0,-0.12640515476260367,0.09776535792995418,0.058823529411764705,0.0625,1.6831338494408048,-0.7144839209813371,0.3383956166260046,0.3274081700004062,0.33419621337358923,0
1.0,1.0620963006459188,0.02702702702702703,59,45,0.7213298226580008,0.351330443528453,38,4,42,41,0.42105263157894735,0.47368421052631576,0.7620625463107176,0.8064022593762237,-1.5309207454634102,0.3853618097231227,1.0,0.0,2.07,3.16,3.67,0,0.009615384615384616,0.01818181818181818,0.0,0.018518518518518517,0.1032578273465532,-0.0036895321542065413,0.030303030303030304,0.0,0.0,0.043478260869565216,0.0,0.0,0,0,0.1,0.09090909090909091,1,0,0,0.0,0.05263157894736842,0.027777777777777776,0.024691358024691357,0.047619047619047616,0.3181818181818182,0.375,0.07692307692307693,0.0,0.5239104685602162,-2.066971880456763,0.0,0.0,-0.4232070812577104,-0.18670035296316076,0.3659360697828563,0.32528240874994657,0.3087815214671972,1
1.0,1.0620963006459188,0.02702702702702703,72,45,0.7897159457435472,0.48718942723050596,41,45,42,41,0.894736842105263,0.3157894736842105,0.7793129520507092,0.8181740415776895,-0.5534554682890978,-0.010366510176650773,1.0,1.0,2.21,3.13,3.29,0,0.019230769230769232,0.01818181818181818,0.03636363636363636,0.009259259259259259,-0.14542995980244744,0.07810599461639266,0.0,0.029411764705882353,0.0,0.0,0.027777777777777776,0.0,0,0,0.1,0.09090909090909091,0,0,1,0.08888888888888889,0.02631578947368421,0.05555555555555555,0.024691358024691357,0.47619047619047616,0.4545454545454546,0.375,0.0,0.07142857142857142,0.9574542174420961,0.09776535792995418,0.058823529411764705,0.0,-0.2825934637350931,0.052492035541945585,0.33956107396671953,0.34610666886900066,0.31433225716427987,0
1.0,1.0620963006459188,0.02702702702702703,44,45,0.8991658406776509,0.9711241625770142,48,47,42,41,0.9473684210526316,0.3684210526315789,0.7657007387172505,0.7964684833870479,0.00039884696844762093,0.0030057574566877978,2.0,2.0,2.97,3.1,2.42,0,0.0,0.01818181818181818,0.01818181818181818,0.009259259259259259,-0.14542995980244744,0.07810599461639266,0.0,0.029411764705882353,0.0,0.0,0.027777777777777776,0.0,0,0,0.1,0.09090909090909091,0,0,1,0.044444444444444446,0.02631578947368421,0.0,0.024691358024691357,0.0,0.0,0.0,0.0,0.07142857142857142,1.174226091883036,0.3142390817686259,0.058823529411764705,0.0,-0.6118384040377717,1.1123057784610584,0.3870166871843977,0.32933729221761643,0.2836460205979859,0
1.0,1.0622431004110395,0.02702702702702703,3,45,0.8831965326804802,0.8265369664638684,18,22,42,41,0.3157894736842105,0.3684210526315789,0.6480876845347974,0.7711162314499898,-0.04154912763939278,-0.003185452608183245,1.0,1.0,2.1,3.21,3.5,0,0.019230769230769232,0.01818181818181818,0.00909090909090909,0.009259259259259259,0.1032578273465532,0.07810599461639266,0.030303030303030304,0.029411764705882353,0.0,0.0,0.0,0.0,0,0,0.13333333333333333,0.09090909090909091,0,0,1,0.022222222222222223,0.02631578947368421,0.05555555555555555,0.024691358024691357,0.42857142857142855,0.6818181818181819,0.375,0.07692307692307693,0.07142857142857142,-0.5599489036444836,-0.11870836590871754,0.0,0.0,0.18822162536560597,1.1418872453243625,0.3570240059001988,0.33579491105577813,0.30718108304402314,0
1.0,1.0622431004110395,0.02702702702702703,11,45,0.8727096040101687,0.8726976679861451,26,8,42,41,0.8421052631578947,0.2631578947368421,0.7912520384988702,0.7069222968863127,-0.09022544918352936,0.09698561073474696,5.0,3.0,2.28,3.1,3.21,0,0.009615384615384616,0.03636363636363636,0.01818181818181818,0.0,-0.06253403075278056,0.3234925749281902,0.0,0.029411764705882353,0.0,0.0,0.027777777777777776,0.0,0,0,0.13333333333333333,0.09090909090909091,1,0,0,0.044444444444444446,0.0,0.027777777777777776,0.04938271604938271,1.0,0.5454545454545454,0.375,0.0,0.07142857142857142,0.09036671967833629,-0.11870836590871754,0.058823529411764705,0.0,-0.2538692313010674,1.4905775831741608,0.38265930363809025,0.33422416868872556,0.28311652767318407,1
1.0,1.0622431004110395,0.02702702702702703,0,45,0.8822211462804724,0.75495318851006,33,19,42,41,0.5263157894736843,0.3684210526315789,0.8425294354759691,0.6279901310033653,0.07121797623870507,-0.41038448802592153,5.0,1.0,1.31,4.86,9.17,0,0.019230769230769232,0.01818181818181818,0.01818181818181818,0.0,0.020361898296886314,0.15990152138699185,0.0,0.029411764705882353,0.043478260869565216,0.0,0.0,0.0,0,0,0.13333333333333333,0.09090909090909091,1,0,0,0.044444444444444446,0.0,0.05555555555555555,0.024691358024691357,0.5714285714285714,0.2272727272727273,0.25,0.0,0.07142857142857142,0.5239104685602162,-0.551655813586061,0.0,0.0,1.4434213093762371,-0.04670752217260835,0.36276847438644255,0.315503320621233,0.3217282049923244,1
1.0,1.0622431004110395,0.02702702702702703,70,45,0.8248847439833021,0.5564847922696696,46,12,42,41,0.894736842105263,0.3684210526315789,0.6794852216075966,0.6847173196414247,-0.37880069623719514,0.3869118479058305,1.0,1.0,1.54,3.9,5.98,0,0.009615384615384616,0.03636363636363636,0.01818181818181818,0.018518518518518517,-0.06253403075278056,0.15990152138699185,0.0,0.029411764705882353,0.0,0.0,0.027777777777777776,0.0,0,0,0.13333333333333333,0.09090909090909091,0,0,1,0.044444444444444446,0.05263157894736842,0.027777777777777776,0.04938271604938271,0.19047619047619047,0.09090909090909091,0.3125,0.0,0.07142857142857142,0.09036671967833629,-1.417550708940748,0.058823529411764705,0.0,-0.7639556485535585,-0.9924015506309842,0.3580703503788917,0.31257445334593204,0.32935519627517634,0
1.0,1.0623899001761599,0.02702702702702703,39,45,0.886124194807291,0.8568229372485967,16,14,42,41,1.0,0.9473684210526316,0.7477073007167834,0.6560066206545649,0.10072630529536342,-0.06663921316218156,1.0,2.0,1.37,4.31,8.94,0,0.0,0.0,0.03636363636363636,0.009259259259259259,-0.3112218179017812,-0.08548505892480573,0.0,0.0,0.0,0.0,0.027777777777777776,0.02857142857142857,0,0,0.16666666666666669,0.09090909090909091,0,1,0,0.08888888888888889,0.02631578947368421,0.0,0.0,0.47619047619047616,0.3181818181818182,0.25,0.0,0.0,0.09036671967833629,-0.9846032612634045,0.058823529411764705,0.0625,0.7124510189492861,-1.430663830707511,0.35957261005135327,0.336535679031159,0.3038917109174878,2
1.0,1.0631238990017615,0.05405405405405406,39,45,0.886124194807291,0.8568229372485967,4,48,42,41,0.631578947368421,0.894736842105263,0.8022731628059823,0.7964684833870479,0.34530914590937506,0.0030057574566877978,3.0,3.0,1.4,4.36,7.61,0,0.019230769230769232,0.01818181818181818,0.02727272727272727,0.037037037037037035,-0.06253403075278056,-0.16728058569540497,0.0,0.0,0.043478260869565216,0.043478260869565216,0.027777777777777776,0.02857142857142857,0,0,0.3333333333333333,0.09090909090909091,0,0,1,0.03333333333333333,0.05263157894736842,0.027777777777777776,0.012345679012345678,0.0,0.0,0.0,0.0,0.0,-1.2102645269673034,1.3966077009619846,0.058823529411764705,0.0,-0.35854824668087754,-0.5903039948870852,0.33127594997111676,0.3201738434994253,0.34855020652945784,0
1.0,1.0631238990017615,0.05405405405405406,2,45,0.7921775400036931,0.542089818812117,12,14,42,41,0.10526315789473684,0.5263157894736843,0.6804606311117569,0.6560066206545649,0.3468926840148598,-0.06663921316218156,3.0,3.0,2.69,3.06,2.67,0,0.04807692307692308,0.01818181818181818,0.02727272727272727,0.018518518518518517,0.18615375639622006,-0.0036895321542065413,0.030303030303030304,0.029411764705882353,0.043478260869565216,0.0,0.0,0.02857142857142857,0,0,0.3333333333333333,0.09090909090909091,0,0,1,0.03333333333333333,0.02631578947368421,0.06944444444444445,0.012345679012345678,0.19047619047619047,0.13636363636363635,0.0625,0.0,0.07142857142857142,-1.1018785897468335,0.3142390817686259,0.0,0.0,-0.9626380002288667,-1.1534588825503003,0.3665609440130352,0.3010557622004669,0.3323832937864978,0
1.0,1.0631238990017615,0.05405405405405406,49,45,0.8365945588214728,0.6811110161892913,19,21,42,41,0.5789473684210527,0.736842105263158,0.6247902593092511,0.8585953647448308,-0.4676350762663283,0.1415306431307776,1.0,2.0,5.53,3.71,1.61,0,0.028846153846153848,0.01818181818181818,0.045454545454545456,0.027777777777777776,-0.14542995980244744,-0.08548505892480573,0.030303030303030304,0.0,0.0,0.043478260869565216,0.027777777777777776,0.02857142857142857,0,0,0.3333333333333333,0.09090909090909091,0,1,0,0.05555555555555556,0.039473684210526314,0.041666666666666664,0.012345679012345678,0.14285714285714285,0.6818181818181819,0.4375,0.0,0.0,-0.6683348408649535,0.09776535792995418,0.058823529411764705,0.0,-0.22562692148004387,1.5733726462407236,0.3125494092929224,0.3130043663480587,0.374446224359019,2
1.0,1.0631238990017615,0.05405405405405406,44,45,0.8991658406776509,0.9711241625770142,47,16,42,41,0.15789473684210525,1.0,0.7657007387172505,0.7544137449486421,0.00039884696844762093,0.14595314600119833,2.0,2.0,2.38,3.09,3.04,0,0.038461538461538464,0.00909090909090909,0.02727272727272727,0.05555555555555555,0.1032578273465532,-0.41266716600720255,0.030303030303030304,0.0,0.043478260869565216,0.0,0.0,0.05714285714285714,0,0,0.3333333333333333,0.09090909090909091,0,0,1,0.03333333333333333,0.07894736842105263,0.05555555555555555,0.006172839506172839,0.0,0.045454545454545456,0.0625,0.0,0.0,-0.23479109198307366,0.9636602532846411,0.0,0.125,1.1064661672329854,0.40002608153635755,0.3497933080424818,0.3541109535077771,0.2960957384497411,0
1.0,1.0632706987668818,0.05405405405405406,8,45,0.8359939086845781,0.7457666073322966,2,41,42,41,0.5789473684210527,0.894736842105263,0.7400437084584428,0.7857365966131702,-0.7302690774634909,-0.494389340217036,2.0,1.0,1.99,3.19,3.89,0,0.009615384615384616,0.02727272727272727,0.0,0.046296296296296294,0.1032578273465532,-0.16728058569540497,0.030303030303030304,0.0,0.0,0.043478260869565216,0.0,0.02857142857142857,0,0,0.3666666666666667,0.09090909090909091,1,0,0,0.0,0.06578947368421052,0.013888888888888888,0.018518518518518517,0.2857142857142857,0.5454545454545454,0.375,0.07692307692307693,0.0,-0.7767207780854235,1.1801339771233128,0.0,0.0,-0.6936551606103071,-0.30224436917856656,0.34572765426602226,0.3187253834295702,0.3355469623044075,1
1.0,1.0632706987668818,0.05405405405405406,81,45,0.9081252463590347,0.8071458190976468,13,38,42,41,1.0,0.05263157894736842,0.8017383575793147,0.767362555943629,0.06204760717214169,-1.4511762319523853,2.0,0.0,1.91,3.16,4.29,0,0.009615384615384616,0.01818181818181818,0.01818181818181818,0.0,-0.06253403075278056,0.15990152138699185,0.0,0.058823529411764705,0.0,0.0,0.027777777777777776,0.0,0,0,0.3666666666666667,0.09090909090909091,1,0,0,0.022222222222222223,0.0,0.013888888888888888,0.012345679012345678,0.09523809523809523,0.36363636363636365,0.25,0.0,0.14285714285714285,-1.2102645269673034,-0.010471503989381683,0.058823529411764705,0.0,-0.36993195190186795,-0.25076860112151605,0.3350870255825716,0.33914892120700696,0.32576405321042146,1
1.0,1.0632706987668818,0.05405405405405406,44,45,0.8991658406776509,0.9711241625770142,22,8,42,41,0.3157894736842105,0.5263157894736843,0.7657007387172505,0.7069222968863127,-0.05163552458161856,0.09698561073474696,1.0,0.0,1.8,3.26,4.81,0,0.028846153846153848,0.06363636363636363,0.01818181818181818,0.046296296296296294,0.1032578273465532,0.15990152138699185,0.030303030303030304,0.029411764705882353,0.043478260869565216,0.0,0.0,0.02857142857142857,0,0,0.3666666666666667,0.09090909090909091,1,0,0,0.022222222222222223,0.06578947368421052,0.041666666666666664,0.043209876543209874,0.5714285714285714,0.6363636363636364,0.6875,0.0,0.0,-0.4515629664240136,-0.6598926755053969,0.0,0.0625,1.157013798945276,1.1768090297461722,0.34629455974621737,0.33381398633991616,0.3198914539138666,1
1.0,1.0632706987668818,0.05405405405405406,25,45,0.8906699507359097,0.9156559984339911,45,26,42,41,0.3684210526315789,0.5789473684210527,0.8117269675407692,0.7964684833870479,-0.05897178147142172,-0.04095900311107167,2.0,0.0,1.9,3.23,4.22,0,0.028846153846153848,0.05454545454545454,0.01818181818181818,0.046296296296296294,0.1032578273465532,0.07810599461639266,0.030303030303030304,0.029411764705882353,0.043478260869565216,0.0,0.0,0.02857142857142857,0,0,0.3666666666666667,0.09090909090909091,1,0,0,0.022222222222222223,0.06578947368421052,0.041666666666666664,0.037037037037037035,0.7619047619047619,0.7727272727272727,0.5,0.0,0.07142857142857142,-0.4515629664240136,0.6389496675266335,0.0,0.0,0.07541293054793315,0.03350559179513361,0.357551847920916,0.32731156905015935,0.31513658302892467,1
1.0,1.0632706987668818,0.05405405405405406,70,45,0.8248847439833021,0.5564847922696696,46,18,42,41,0.8421052631578947,0.3684210526315789,0.6794852216075966,0.6524764519488098,-0.37880069623719514,0.006687565497441135,0.0,1.0,2.23,3.26,3.15,0,0.019230769230769232,0.02727272727272727,0.02727272727272727,0.018518518518518517,-0.06253403075278056,0.07810599461639266,0.0,0.029411764705882353,0.043478260869565216,0.043478260869565216,0.027777777777777776,0.0,0,0,0.3666666666666667,0.09090909090909091,0,1,0,0.03333333333333333,0.02631578947368421,0.027777777777777776,0.018518518518518517,0.2857142857142857,0.4090909090909091,0.375,0.0,0.0,0.7406823430011562,-0.7681295374247328,0.0,0.0,-0.7738900211256878,0.1819439089343023,0.38211362718363306,0.3281391666601407,0.28974720615622623,2
1.0,1.0634174985320026,0.05405405405405406,20,45,0.8729090091420953,0.840985657625906,28,33,42,41,0.8421052631578947,0.3684210526315789,0.7780716141907609,0.8468487211442086,0.2804392421113345,0.11706906889102064,1.0,3.0,3.03,3.31,2.27,0,0.009615384615384616,0.06363636363636363,0.01818181818181818,0.027777777777777776,-0.06253403075278056,0.3234925749281902,0.0,0.029411764705882353,0.043478260869565216,0.043478260869565216,0.027777777777777776,0.0,0,0,0.4,0.09090909090909091,0,1,0,0.022222222222222223,0.039473684210526314,0.013888888888888888,0.043209876543209874,0.6666666666666666,0.6818181818181819,0.625,0.0,0.07142857142857142,0.6322964057806861,0.20600221984929004,0.0,0.0,-0.6258123691274144,1.6070958125550356,0.37336021002314185,0.31088455919020014,0.31575523078665807,2
1.0,1.0642982971227246,0.08108108108108109,8,45,0.8359939086845781,0.7457666073322966,2,13,42,41,0.21052631578947367,0.5789473684210527,0.7400437084584428,0.80654580800737,-0.7302690774634909,0.10809269999060549,0.0,1.0,2.59,2.92,2.89,0,0.028846153846153848,0.02727272727272727,0.00909090909090909,0.018518518518518517,0.18615375639622006,0.07810599461639266,0.06060606060606061,0.029411764705882353,0.0,0.0,0.0,0.02857142857142857,0,0,0.6,0.09090909090909091,0,1,0,0.007407407407407408,0.017543859649122806,0.027777777777777776,0.012345679012345678,0.19047619047619047,0.4545454545454546,0.6875,0.15384615384615385,0.07142857142857142,-0.34317702920354365,0.3142390817686259,0.0,0.0,-0.48830110728633286,-0.1594652993910639,0.337435295924576,0.31625845743366615,0.3463062466417578,2
1.0,1.065179095713447,0.08108108108108109,48,45,0.8400699646473958,0.708418767979448,14,45,42,41,0.47368421052631576,0.05263157894736842,0.6504109653283912,0.8181740415776895,-0.11646066817777731,-0.010366510176650773,0.0,1.0,2.5,3.04,2.9,0,0.04807692307692308,0.045454545454545456,0.045454545454545456,0.018518518518518517,0.020361898296886314,0.24169704815759105,0.030303030303030304,0.058823529411764705,0.043478260869565216,0.043478260869565216,0.027777777777777776,0.0,0,0,0.8,0.09090909090909091,0,1,0,0.03703703703703704,0.017543859649122806,0.046296296296296294,0.0205761316872428,0.2857142857142857,0.36363636363636365,0.8125,0.0,0.07142857142857142,0.16262401115864974,-0.551655813586061,0.0,0.0,-1.1262152665566312,0.2739873103930928,0.3628906227751737,0.3215912048077037,0.3155181724171226,2
1.0,1.065179095713447,0.08108108108108109,44,45,0.8991658406776509,0.9711241625770142,48,28,42,41,0.7894736842105263,0.9473684210526316,0.7657007387172505,0.7830935928200897,0.00039884696844762093,0.321864235874236,1.0,1.0,3.22,3.34,2.14,0,0.04807692307692308,0.01818181818181818,0.06363636363636363,0.046296296296296294,-0.14542995980244744,-0.24907611246600414,0.0,0.0,0.08695652173913043,0.043478260869565216,0.027777777777777776,0.05714285714285714,0,0,0.8,0.09090909090909091,0,0,1,0.05185185185185185,0.043859649122807015,0.046296296296296294,0.008230452674897118,0.0,0.0,0.0,0.0,0.0,1.390997966323976,0.8193444373921934,0.0,0.0625,-0.5568452346523637,-0.7850657340435254,0.34249720099708003,0.32720975391661017,0.33029304508630963,0
1.0,1.065179095713447,0.10810810810810811,39,45,0.886124194807291,0.8568229372485967,16,13,42,41,1.0,0.21052631578947367,0.7477073007167834,0.80654580800737,0.10072630529536342,0.10809269999060549,1.0,1.0,1.7,3.48,5.03,0,0.028846153846153848,0.03636363636363636,0.07272727272727272,0.018518518518518517,-0.3941177469514481,0.15990152138699185,0.0,0.058823529411764705,0.043478260869565216,0.0,0.05555555555555555,0.02857142857142857,0,0,0.8,0.09090909090909091,0,0,1,0.044444444444444446,0.013157894736842105,0.020833333333333332,0.012345679012345678,0.7142857142857142,0.7272727272727273,0.4375,0.0,0.14285714285714285,1.246483383363349,0.24208117382240188,0.0,0.0,0.45580816139214997,0.023879937367415203,0.3552879936799704,0.316987479640256,0.32772452667977364,0
1.0,1.065179095713447,0.10810810810810811,59,45,0.7213298226580008,0.351330443528453,38,2,42,41,0.3157894736842105,0.2631578947368421,0.7620625463107176,0.7468494646919039,-1.5309207454634102,-0.6674624380436176,1.0,1.0,2.02,3.2,3.71,0,0.019230769230769232,0.02727272727272727,0.01818181818181818,0.018518518518518517,0.020361898296886314,0.07810599461639266,0.06060606060606061,0.058823529411764705,0.0,0.0,0.027777777777777776,0.02857142857142857,0,0,0.8,0.09090909090909091,0,0,1,0.011111111111111112,0.013157894736842105,0.013888888888888888,0.009259259259259259,0.19047619047619047,0.13636363636363635,0.1875,0.0,0.0,-0.70446348660511,-0.6959716294785087,0.058823529411764705,0.0625,-0.46207689503057714,-0.6958988003663255,0.34846661063325346,0.3384228832022192,0.3131105061645272,0
1.0,1.0653258954785674,0.08108108108108109,11,45,0.8727096040101687,0.8726976679861451,26,4,42,41,0.631578947368421,0.7894736842105263,0.7912520384988702,0.8064022593762237,-0.09022544918352936,0.3853618097231227,2.0,1.0,2.19,3.22,3.22,0,0.057692307692307696,0.045454545454545456,0.06363636363636363,0.05555555555555555,-0.06253403075278056,-0.08548505892480573,0.030303030303030304,0.0,0.0,0.08695652173913043,0.05555555555555555,0.02857142857142857,0,0,0.8333333333333334,0.09090909090909091,1,0,0,0.05185185185185185,0.05263157894736842,0.05555555555555555,0.0205761316872428,1.0,0.5454545454545454,0.375,0.0,0.0,0.45165317707990277,-0.6959716294785087,0.058823529411764705,0.0,-0.1672855684518299,-0.39381822898118374,0.37281693151144585,0.3283829771893408,0.2988000912992134,1
1.0,1.0653258954785674,0.08108108108108109,0,45,0.8822211462804724,0.75495318851006,33,22,42,41,0.05263157894736842,0.21052631578947367,0.8425294354759691,0.7711162314499898,0.07121797623870507,-0.003185452608183245,2.0,1.0,1.65,3.71,5.01,0,0.09615384615384616,0.03636363636363636,0.03636363636363636,0.018518518518518517,0.5177374725948876,0.15990152138699185,0.06060606060606061,0.058823529411764705,0.043478260869565216,0.043478260869565216,0.0,0.0,0,0,0.8333333333333334,0.09090909090909091,1,0,0,0.02962962962962963,0.017543859649122806,0.09259259259259257,0.016460905349794237,0.9523809523809523,0.7272727272727273,0.4375,0.15384615384615385,0.07142857142857142,-0.12640515476260367,-0.6238137215322851,0.0,0.0,1.7884003207570685,1.306786609694183,0.34568273756889506,0.3246750562922156,0.32964220613888917,1
1.0,1.0653258954785674,0.08108108108108109,72,45,0.7897159457435472,0.48718942723050596,41,46,42,41,1.0,0.9473684210526316,0.7793129520507092,0.6841173416118116,-0.5534554682890978,-0.3234294090761925,2.0,1.0,2.02,3.35,3.56,0,0.038461538461538464,0.01818181818181818,0.06363636363636363,0.037037037037037035,-0.22832588885211433,-0.16728058569540497,0.0,0.0,0.043478260869565216,0.043478260869565216,0.05555555555555555,0.05714285714285714,0,0,0.8333333333333334,0.09090909090909091,1,0,0,0.05185185185185185,0.03508771929824561,0.037037037037037035,0.008230452674897118,0.3333333333333333,0.2727272727272727,0.3125,0.0,0.0,1.246483383363349,0.8915023453384171,0.058823529411764705,0.0625,-0.4814073186062874,-0.9538158402863856,0.3568443495915745,0.32102118807998764,0.32213446232843784,1
1.0,1.0672342924251321,0.08108108108108109,3,45,0.8831965326804802,0.8265369664638684,18,19,42,41,0.15789473684210525,0.736842105263158,0.6480876845347974,0.6279901310033653,-0.04154912763939278,-0.41038448802592153,1.0,1.0,1.68,3.58,4.93,0,0.038461538461538464,0.03636363636363636,0.01818181818181818,0.06481481481481481,0.18615375639622006,-0.24907611246600414,0.06060606060606061,0.029411764705882353,0.043478260869565216,0.0,0.0,0.05714285714285714,0,0,0.3333333333333333,0.1818181818181818,0,0,1,0.014814814814814815,0.061403508771929814,0.037037037037037035,0.016460905349794237,0.23809523809523808,0.09090909090909091,0.3125,0.07692307692307693,0.0,-0.7767207780854235,-0.40733999769361334,0.0,0.125,0.37233925554144987,-0.3784715701907839,0.38211362718363306,0.3281391666601407,0.28974720615622623,0
1.0,1.0672342924251321,0.10810810810810811,39,45,0.886124194807291,0.8568229372485967,4,28,42,41,0.8421052631578947,0.894736842105263,0.8022731628059823,0.7830935928200902,0.34530914590937506,0.321864235874236,1.0,0.0,2.03,3.37,3.51,0,0.057692307692307696,0.02727272727272727,0.07272727272727272,0.05555555555555555,-0.14542995980244744,-0.24907611246600414,0.0,0.0,0.08695652173913043,0.08695652173913043,0.05555555555555555,0.05714285714285714,0,0,0.3333333333333333,0.1818181818181818,1,0,0,0.044444444444444446,0.039473684210526314,0.041666666666666664,0.009259259259259259,0.9047619047619047,0.8636363636363636,0.375,0.0,0.0,-0.2889840605933086,1.017778684244309,0.058823529411764705,0.0,-0.5486742366757718,-0.7752827188941535,0.3125494092929224,0.3130043663480587,0.374446224359019,1
1.0,1.0672342924251321,0.10810810810810811,44,45,0.8991658406776509,0.9711241625770142,47,41,42,41,0.47368421052631576,0.6842105263157894,0.7657007387172505,0.7857365966131702,0.00039884696844762093,-0.494389340217036,2.0,2.0,1.73,3.62,4.5,0,0.057692307692307696,0.05454545454545454,0.045454545454545456,0.07407407407407407,0.1032578273465532,-0.16728058569540497,0.030303030303030304,0.029411764705882353,0.08695652173913043,0.043478260869565216,0.0,0.05714285714285714,0,0,0.3333333333333333,0.1818181818181818,0,0,1,0.02777777777777778,0.05263157894736842,0.041666666666666664,0.018518518518518517,0.047619047619047616,0.0,0.0625,0.0,0.07142857142857142,-0.70446348660511,1.3966077009619846,0.0,0.0,1.0833487784591431,-0.33719311979385025,0.34629455974621737,0.33381398633991616,0.3198914539138666,0
1.0,1.0673810921902525,0.08108108108108109,44,45,0.8991658406776509,0.9711241625770142,21,16,42,41,0.631578947368421,0.9473684210526316,0.8539740249683285,0.7544137449486421,0.09620822187325515,0.14595314600119833,2.0,0.0,1.47,4.08,6.64,0,0.038461538461538464,0.03636363636363636,0.03636363636363636,0.08333333333333333,0.020361898296886314,-0.41266716600720255,0.030303030303030304,0.0,0.043478260869565216,0.08695652173913043,0.027777777777777776,0.05714285714285714,0,0,0.3666666666666667,0.1818181818181818,1,0,0,0.02962962962962963,0.07894736842105263,0.037037037037037035,0.016460905349794237,0.8571428571428571,0.5909090909090909,0.3125,0.07692307692307693,0.0,0.30713859411927624,1.3966077009619846,0.0,0.0,1.744209556615203,0.4076009408544401,0.3452468408824566,0.34137991336288104,0.31337324575466247,1
1.0,1.0673810921902525,0.10810810810810811,25,45,0.8906699507359097,0.9156559984339911,45,12,42,41,0.05263157894736842,0.5263157894736843,0.8117269675407692,0.6847173196414247,-0.05897178147142172,0.3869118479058305,2.0,0.0,1.41,4.43,7.11,0,0.057692307692307696,0.07272727272727272,0.01818181818181818,0.05555555555555555,0.35194561449555384,0.15990152138699185,0.09090909090909091,0.029411764705882353,0.043478260869565216,0.08695652173913043,0.0,0.0,0,0,0.3666666666666667,0.1818181818181818,1,0,0,0.011111111111111112,0.039473684210526314,0.041666666666666664,0.024691358024691357,0.23809523809523808,0.18181818181818182,0.5,0.15384615384615385,0.0,-0.9392996839161285,-1.3453928009945242,0.0,0.0,0.44800665152984387,-0.9913757123115948,0.34572765426602226,0.3187253834295702,0.3355469623044075,1
1.0,1.0673810921902525,0.10810810810810811,70,45,0.8248847439833021,0.5564847922696696,46,33,42,41,1.0,0.05263157894736842,0.6794852216075966,0.8468487211442086,-0.37880069623719514,0.11706906889102064,2.0,1.0,3.0,3.21,2.33,0,0.028846153846153848,0.10909090909090909,0.05454545454545454,0.046296296296296294,-0.22832588885211433,0.5688791552399878,0.0,0.08823529411764705,0.043478260869565216,0.043478260869565216,0.08333333333333333,0.0,0,0,0.3666666666666667,0.1818181818181818,1,0,0,0.03333333333333333,0.03289473684210526,0.020833333333333332,0.037037037037037035,0.23809523809523808,0.7727272727272727,0.625,0.0,0.21428571428571427,1.0658401546625662,-0.6057742445457289,0.11764705882352941,0.0,-1.1037141184128931,1.9123445856094825,0.34762717945720334,0.31275897516680823,0.33961384537598843,1
1.0,1.0673810921902525,0.10810810810810811,44,45,0.8991658406776509,0.9711241625770142,48,22,42,41,0.894736842105263,0.2631578947368421,0.7657007387172505,0.7711162314499898,0.00039884696844762093,-0.003185452608183245,0.0,2.0,3.92,3.52,1.87,0,0.057692307692307696,0.045454545454545456,0.07272727272727272,0.037037037037037035,-0.14542995980244744,0.07810599461639266,0.0,0.058823529411764705,0.13043478260869565,0.043478260869565216,0.027777777777777776,0.02857142857142857,0,0,0.3666666666666667,0.1818181818181818,0,1,0,0.044444444444444446,0.02631578947368421,0.041666666666666664,0.015432098765432098,0.0,0.0,0.0,0.0,0.0,1.2826120291035061,-0.8222479683844007,0.0,0.0625,-0.5667184304457369,1.137794757412136,0.348464173183802,0.31293124466514777,0.33860458215105016,2
1.0,1.0673810921902525,0.13513513513513514,81,45,0.9081252463590347,0.8071458190976468,13,14,42,41,0.2631578947368421,0.6842105263157894,0.8017383575793147,0.6560066206545649,0.06204760717214169,-0.06663921316218156,0.0,2.0,1.63,3.61,5.46,0,0.04807692307692308,0.045454545454545456,0.02727272727272727,0.05555555555555555,0.18615375639622006,-0.08548505892480573,0.06060606060606061,0.029411764705882353,0.043478260869565216,0.043478260869565216,0.027777777777777776,0.05714285714285714,0,0,0.3666666666666667,0.1818181818181818,0,1,0,0.013333333333333334,0.03157894736842105,0.027777777777777776,0.012345679012345678,0.7142857142857142,0.045454545454545456,0.5,0.0,0.0,-0.18059812337283865,0.04364692697028625,0.0,0.0625,0.06854998591030656,-1.2858558442874022,0.34862142531078993,0.32945077681948237,0.3219277978697277,2
1.0,1.0675278919553728,0.13513513513513514,11,45,0.8727096040101687,0.8726976679861451,26,38,42,41,0.47368421052631576,0.42105263157894735,0.7912520384988702,0.767362555943629,-0.09022544918352936,-1.4511762319523853,1.0,1.0,2.21,3.29,3.12,0,0.07692307692307693,0.02727272727272727,0.07272727272727272,0.027777777777777776,0.020361898296886314,-0.0036895321542065413,0.06060606060606061,0.058823529411764705,0.0,0.043478260869565216,0.05555555555555555,0.02857142857142857,0,0,0.4,0.1818181818181818,0,0,1,0.035555555555555556,0.015789473684210523,0.044444444444444446,0.007407407407407407,0.14285714285714285,0.2272727272727273,0.1875,0.07692307692307693,0.0,0.4155245313397462,-0.7681295374247328,0.0,0.0,0.012917407714031146,-0.49648748654154545,0.34380944758684007,0.33222783592218236,0.32396271649097746,0
1.0,1.0676746917204931,0.10810810810810811,62,45,0.848840709928379,0.7854555477110323,8,21,42,41,0.8421052631578947,0.2631578947368421,0.7024432050920628,0.8585953647448308,0.05070046793783807,0.1415306431307776,0.0,3.0,3.97,3.25,1.93,0,0.06730769230769232,0.05454545454545454,0.05454545454545454,0.037037037037037035,0.1032578273465532,0.15990152138699185,0.030303030303030304,0.058823529411764705,0.0,0.043478260869565216,0.05555555555555555,0.02857142857142857,0,0,0.43333333333333335,0.1818181818181818,0,1,0,0.03333333333333333,0.02631578947368421,0.048611111111111105,0.018518518518518517,0.42857142857142855,0.6363636363636364,0.9375,0.0,0.14285714285714285,-0.4876916121641701,0.3142390817686259,0.11764705882352941,0.0,1.0258380748989009,1.8658483439525544,0.34862142531078993,0.32945077681948237,0.3219277978697277,2
1.0,1.0676746917204931,0.13513513513513514,49,45,0.8365945588214728,0.6811110161892913,19,4,42,41,0.7894736842105263,0.631578947368421,0.6247902593092511,0.8064022593762237,-0.4676350762663283,0.3853618097231227,2.0,0.0,2.33,3.01,3.15,0,0.04807692307692308,0.06363636363636363,0.07272727272727272,0.07407407407407407,-0.22832588885211433,-0.08548505892480573,0.030303030303030304,0.029411764705882353,0.043478260869565216,0.08695652173913043,0.05555555555555555,0.05714285714285714,0,0,0.43333333333333335,0.1818181818181818,1,0,0,0.035555555555555556,0.042105263157894736,0.027777777777777776,0.01728395061728395,0.38095238095238093,0.36363636363636365,0.375,0.0,0.07142857142857142,-0.12640515476260367,0.011175868394485415,0.0,0.0,-0.32842693937288797,-0.3939623755465245,0.3643628401975939,0.3505617756116134,0.2850753841907927,1
1.0,1.067821491485614,0.13513513513513514,39,45,0.886124194807291,0.8568229372485967,16,46,42,41,1.0,0.7894736842105263,0.7477073007167834,0.6841173416118116,0.10072630529536342,-0.3234294090761925,3.0,3.0,1.88,3.27,4.14,0,0.038461538461538464,0.045454545454545456,0.09999999999999999,0.06481481481481481,-0.5599096050507819,-0.16728058569540497,0.0,0.029411764705882353,0.08695652173913043,0.043478260869565216,0.08333333333333333,0.08571428571428572,0,0,0.4666666666666667,0.1818181818181818,0,0,1,0.04888888888888889,0.03684210526315789,0.022222222222222223,0.012345679012345678,0.7142857142857142,0.3181818181818182,0.4375,0.0,0.07142857142857142,1.434352341212164,1.2234287218910471,0.058823529411764705,0.0,0.272519908164653,-0.8250587409713934,0.33605728346876534,0.3313863554612047,0.3325563610700299,0
1.0,1.067821491485614,0.13513513513513514,44,45,0.8991658406776509,0.9711241625770142,22,2,42,41,0.15789473684210525,0.3684210526315789,0.7657007387172505,0.7468494646919039,-0.05163552458161856,-0.6674624380436176,3.0,2.0,1.78,3.39,4.53,0,0.06730769230769232,0.03636363636363636,0.03636363636363636,0.027777777777777776,0.2690496854458869,0.07810599461639266,0.09090909090909091,0.058823529411764705,0.043478260869565216,0.043478260869565216,0.027777777777777776,0.02857142857142857,0,0,0.4666666666666667,0.1818181818181818,1,0,0,0.017777777777777778,0.015789473684210523,0.03888888888888888,0.009876543209876543,0.5714285714285714,0.4090909090909091,0.3125,0.07692307692307693,0.0,-0.9067839027499874,-0.8222479683844007,0.0,0.0,1.337601079261358,-0.6859801941398407,0.3383956166260046,0.3274081700004062,0.33419621337358923,1
1.0,1.067821491485614,0.13513513513513514,20,45,0.8729090091420953,0.840985657625906,28,18,42,41,1.0,0.21052631578947367,0.7780716141907609,0.6524764519488098,0.2804392421113345,0.006687565497441135,0.0,1.0,1.8,3.62,4.04,0,0.028846153846153848,0.045454545454545456,0.06363636363636363,0.027777777777777776,-0.3112218179017812,0.15990152138699185,0.0,0.058823529411764705,0.08695652173913043,0.08695652173913043,0.08333333333333333,0.0,0,0,0.4666666666666667,0.1818181818181818,0,1,0,0.03111111111111111,0.015789473684210523,0.016666666666666666,0.012345679012345678,0.7142857142857142,0.18181818181818182,0.3125,0.0,0.0,1.0875173421066604,-0.9846032612634045,0.058823529411764705,0.0,-0.9335096225342009,0.31589390624554226,0.34165237525679726,0.31331366528798354,0.34503395945521925,2
1.0,1.067821491485614,0.13513513513513514,0,45,0.8822211462804724,0.75495318851006,33,47,42,41,0.15789473684210525,0.5789473684210527,0.8425294354759691,0.7964684833870479,0.07121797623870507,0.0030057574566877978,1.0,0.0,1.63,3.76,5.09,0,0.125,0.07272727272727272,0.06363636363636363,0.06481481481481481,0.5177374725948876,0.07810599461639266,0.09090909090909091,0.029411764705882353,0.043478260869565216,0.13043478260869565,0.027777777777777776,0.0,0,0,0.4666666666666667,0.1818181818181818,1,0,0,0.03111111111111111,0.03684210526315789,0.07222222222222222,0.019753086419753086,0.0,0.045454545454545456,0.0625,0.0,0.0,-0.9067839027499874,-0.6057742445457289,0.058823529411764705,0.0,1.6589228187791158,1.0024997915417833,0.38265930363809025,0.33422416868872556,0.28311652767318407,1
1.0,1.067821491485614,0.16216216216216217,48,45,0.8400699646473958,0.708418767979448,14,48,42,41,0.3157894736842105,0.894736842105263,0.6504109653283912,0.7964684833870479,-0.11646066817777731,0.0030057574566877978,1.0,0.0,1.72,3.56,4.63,0,0.06730769230769232,0.05454545454545454,0.05454545454545454,0.09259259259259259,0.1032578273465532,-0.33087163923660334,0.06060606060606061,0.0,0.043478260869565216,0.13043478260869565,0.05555555555555555,0.05714285714285714,0,0,0.4666666666666667,0.1818181818181818,1,0,0,0.022222222222222223,0.043859649122807015,0.032407407407407406,0.012345679012345678,0.0,0.0,0.0,0.07692307692307693,0.0,0.13372109456652412,1.3100182114265162,0.0,0.0625,-0.9599465828555229,-0.7491309151460301,0.3337808026131247,0.3221383371425233,0.34408086024435197,1
1.0,1.067821491485614,0.16216216216216217,59,45,0.7213298226580008,0.351330443528453,38,45,42,41,0.3157894736842105,0.05263157894736842,0.7620625463107176,0.8181740415776895,-1.5309207454634102,-0.010366510176650773,1.0,2.0,2.36,3.08,3.04,0,0.038461538461538464,0.07272727272727272,0.03636363636363636,0.018518518518518517,0.020361898296886314,0.48708362846938863,0.06060606060606061,0.11764705882352941,0.08695652173913043,0.043478260869565216,0.027777777777777776,0.0,0,0,0.4666666666666667,0.1818181818181818,0,1,0,0.014814814814814815,0.008771929824561403,0.018518518518518517,0.016460905349794237,0.19047619047619047,0.18181818181818182,0.375,0.0,0.21428571428571427,-0.7333664031972357,-1.1577822403343419,0.0,0.0,-0.4542811256008472,0.576301314861828,0.34732982498789616,0.3291292703677698,0.3235409046443341,2
1.0,1.067821491485614,0.16216216216216217,72,45,0.7897159457435472,0.48718942723050596,41,13,42,41,0.6842105263157894,0.47368421052631576,0.7793129520507092,0.80654580800737,-0.5534554682890978,0.10809269999060549,1.0,1.0,2.48,3.02,2.92,0,0.07692307692307693,0.045454545454545456,0.09090909090909091,0.046296296296296294,-0.14542995980244744,-0.0036895321542065413,0.030303030303030304,0.058823529411764705,0.08695652173913043,0.043478260869565216,0.05555555555555555,0.05714285714285714,0,0,0.4666666666666667,0.1818181818181818,0,0,1,0.03703703703703704,0.021929824561403508,0.037037037037037035,0.0102880658436214,0.38095238095238093,0.4545454545454546,0.625,0.0,0.0,1.217580466771224,-0.3784768345151235,0.0,0.0625,-0.2686935331036622,-0.2667534458454856,0.3600762330140023,0.3191777763312471,0.3207459906547507,0
1.0,1.0679682912507338,0.16216216216216217,2,45,0.7921775400036931,0.542089818812117,12,26,42,41,0.6842105263157894,0.42105263157894735,0.6804606311117569,0.7964684833870479,0.3468926840148598,-0.04095900311107167,1.0,1.0,2.91,3.35,2.29,0,0.07692307692307693,0.08181818181818182,0.07272727272727272,0.08333333333333333,0.020361898296886314,-0.0036895321542065413,0.030303030303030304,0.058823529411764705,0.08695652173913043,0.043478260869565216,0.027777777777777776,0.05714285714285714,0,0,0.5,0.1818181818181818,0,0,1,0.02962962962962963,0.039473684210526314,0.037037037037037035,0.018518518518518517,0.19047619047619047,0.36363636363636365,0.3125,0.0,0.0,-1.0476856211365986,0.2709443370008917,0.058823529411764705,0.0,-1.1341213523351001,-0.033556291329999044,0.34629455974621737,0.33381398633991616,0.3198914539138666,0
1.0,1.0682618907809749,0.16216216216216217,8,45,0.8359939086845781,0.7457666073322966,2,16,42,41,0.47368421052631576,0.9473684210526316,0.7400437084584428,0.7544137449486421,-0.7302690774634909,0.14595314600119833,2.0,1.0,2.11,3.2,3.45,0,0.057692307692307696,0.06363636363636363,0.05454545454545454,0.12962962962962962,0.020361898296886314,-0.576258219548401,0.06060606060606061,0.0,0.043478260869565216,0.13043478260869565,0.05555555555555555,0.08571428571428572,0,0,0.5666666666666667,0.1818181818181818,1,0,0,0.022222222222222223,0.061403508771929814,0.027777777777777776,0.01440329218106996,0.2857142857142857,0.4090909090909091,0.4375,0.0,0.0,-0.8200751529736116,1.5048445628813205,0.058823529411764705,0.0,-0.7756549378894719,0.2074431768163131,0.3361746382376776,0.3160643032044593,0.34776105855786293,1
1.0,1.0682618907809749,0.16216216216216217,0,45,0.8822211462804724,0.75495318851006,33,8,42,41,0.05263157894736842,0.8421052631578947,0.8425294354759691,0.7069222968863127,0.07121797623870507,0.09698561073474696,2.0,1.0,1.49,4.06,6.24,0,0.13461538461538464,0.06363636363636363,0.06363636363636363,0.08333333333333333,0.6006334016445545,-0.16728058569540497,0.12121212121212122,0.029411764705882353,0.043478260869565216,0.0,0.027777777777777776,0.08571428571428572,0,0,0.5666666666666667,0.1818181818181818,1,0,0,0.02592592592592593,0.039473684210526314,0.0648148148148148,0.01440329218106996,0.8571428571428571,0.4545454545454546,0.5625,0.07692307692307693,0.0,-1.0296212982665203,-0.06458993494904962,0.0,0.1875,1.8223832006505716,0.758348328127919,0.34572765426602226,0.3187253834295702,0.3355469623044075,1
1.0,1.0682618907809749,0.1891891891891892,39,45,0.886124194807291,0.8568229372485967,4,45,42,41,0.7894736842105263,0.05263157894736842,0.8022731628059823,0.818174041577689,0.34530914590937506,-0.010366510176650773,1.0,0.0,2.31,3.01,3.2,0,0.06730769230769232,0.09090909090909091,0.09090909090909091,0.027777777777777776,-0.22832588885211433,0.5688791552399878,0.030303030303030304,0.14705882352941177,0.08695652173913043,0.043478260869565216,0.08333333333333333,0.0,0,0,0.5666666666666667,0.1818181818181818,1,0,0,0.03174603174603175,0.011278195488721802,0.027777777777777776,0.01763668430335097,0.7619047619047619,0.5909090909090909,0.6875,0.0,0.2857142857142857,0.05423807393817976,-1.309313847021412,0.058823529411764705,0.0,-0.597321234324209,0.7315292940576917,0.3670693043225521,0.31030516140175035,0.32262553427569735,1
1.0,1.0682618907809749,0.1891891891891892,3,45,0.8831965326804802,0.8265369664638684,18,38,42,41,0.15789473684210525,0.47368421052631576,0.6480876845347974,0.767362555943629,-0.04154912763939278,-1.4511762319523853,2.0,0.0,1.64,3.69,5.13,0,0.057692307692307696,0.045454545454545456,0.02727272727272727,0.05555555555555555,0.2690496854458869,-0.08548505892480573,0.09090909090909091,0.058823529411764705,0.08695652173913043,0.08695652173913043,0.0,0.05714285714285714,0,0,0.5666666666666667,0.1818181818181818,1,0,0,0.009523809523809523,0.022556390977443608,0.023809523809523808,0.008818342151675485,0.23809523809523808,0.13636363636363635,0.125,0.07692307692307693,0.0,-1.0802014023027395,-0.7681295374247328,0.0,0.0625,0.4960375451113816,-0.6340722957497948,0.3639549495506039,0.33438069953765304,0.30166435091174304,1
1.0,1.0682618907809749,0.1891891891891892,44,45,0.8991658406776509,0.9711241625770142,47,14,42,41,0.6842105263157894,0.2631578947368421,0.7657007387172505,0.6560066206545649,0.00039884696844762093,-0.06663921316218156,0.0,1.0,1.63,3.6,5.43,0,0.07692307692307693,0.07272727272727272,0.07272727272727272,0.05555555555555555,0.020361898296886314,0.15990152138699185,0.030303030303030304,0.08823529411764705,0.13043478260869565,0.043478260869565216,0.027777777777777776,0.05714285714285714,0,0,0.5666666666666667,0.1818181818181818,0,1,0,0.025396825396825397,0.022556390977443608,0.031746031746031744,0.014109347442680775,0.0,0.0,0.0,0.0,0.14285714285714285,-0.4732401538681075,-0.04655045796249351,0.058823529411764705,0.0,0.8772577533156728,-0.783850194597151,0.3613810843322085,0.32015294492008667,0.3184659707477048,2
1.0,1.0684086905460948,0.13513513513513514,44,45,0.8991658406776509,0.9711241625770142,21,48,42,41,0.2631578947368421,0.894736842105263,0.8539740249683285,0.7964684833870479,0.09620822187325515,0.0030057574566877978,3.0,0.0,1.14,7.42,16.04,0,0.08653846153846154,0.05454545454545454,0.03636363636363636,0.10185185185185185,0.4348415435452207,-0.41266716600720255,0.09090909090909091,0.0,0.043478260869565216,0.13043478260869565,0.027777777777777776,0.08571428571428572,0,0,0.6,0.1818181818181818,1,0,0,0.017777777777777778,0.05789473684210526,0.049999999999999996,0.014814814814814814,0.0,0.0,0.0,0.23076923076923078,0.0,0.0036579699019602284,1.3244497930157608,0.0,0.125,2.143547117606709,-0.9451718037593493,0.3361746382376776,0.3160643032044593,0.34776105855786293,1
1.0,1.0684086905460948,0.16216216216216217,70,45,0.8248847439833021,0.5564847922696696,46,22,42,41,0.7894736842105263,0.21052631578947367,0.6794852216075966,0.7711162314499898,-0.37880069623719514,-0.003185452608183245,3.0,2.0,3.52,3.11,2.11,0,0.07692307692307693,0.09090909090909091,0.09090909090909091,0.05555555555555555,-0.14542995980244744,0.3234925749281902,0.030303030303030304,0.11764705882352941,0.08695652173913043,0.043478260869565216,0.08333333333333333,0.02857142857142857,0,0,0.6,0.1818181818181818,1,0,0,0.03703703703703704,0.02631578947368421,0.037037037037037035,0.0205761316872428,0.6190476190476191,0.3181818181818182,0.75,0.0,0.14285714285714285,1.174226091883036,-1.0206822152365165,0.0,0.0,-0.7694996978262184,1.4079735836394203,0.34267497871460995,0.3220969272332608,0.3352280940521293,1
1.0,1.0684086905460948,0.1891891891891892,11,45,0.8727096040101687,0.8726976679861451,26,19,42,41,0.3684210526315789,0.631578947368421,0.7912520384988702,0.6279901310033653,-0.09022544918352936,-0.41038448802592153,2.0,0.0,1.78,3.39,4.55,0,0.09615384615384616,0.06363636363636363,0.09090909090909091,0.07407407407407407,0.020361898296886314,-0.08548505892480573,0.06060606060606061,0.058823529411764705,0.08695652173913043,0.043478260869565216,0.05555555555555555,0.05714285714285714,0,0,0.6,0.1818181818181818,1,0,0,0.03174603174603175,0.03007518796992481,0.03968253968253968,0.012345679012345678,0.5714285714285714,0.2272727272727273,0.4375,0.0,0.07142857142857142,0.12649536541849282,0.09776535792995418,0.0,0.0,-0.033037414707061265,-0.12752413040870283,0.3670693043225521,0.31030516140175035,0.32262553427569735,1
1.0,1.0684086905460948,0.1891891891891892,72,45,0.7897159457435472,0.48718942723050596,41,28,42,41,0.7894736842105263,1.0,0.7793129520507092,0.7830935928200902,-0.5534554682890978,0.321864235874236,1.0,2.0,2.09,3.21,3.47,0,0.08653846153846154,0.02727272727272727,0.09999999999999999,0.07407407407407407,-0.14542995980244744,-0.41266716600720255,0.030303030303030304,0.0,0.13043478260869565,0.08695652173913043,0.05555555555555555,0.11428571428571428,0,0,0.6,0.1818181818181818,0,1,0,0.03492063492063492,0.03007518796992481,0.03571428571428571,0.00529100529100529,0.14285714285714285,0.4545454545454546,0.6875,0.0,0.0,1.101968800402723,1.2162129310964251,0.0,0.125,-0.27182122482129983,-1.1005959406594865,0.3475659856694204,0.32121087536443055,0.3312231389661489,2
1.0,1.0685554903112156,0.1891891891891892,2,45,0.7921775400036931,0.542089818812117,12,13,42,41,0.6842105263157894,0.42105263157894735,0.6804606311117569,0.80654580800737,0.3468926840148598,0.10809269999060549,0.0,0.0,3.24,3.1,2.25,0,0.08653846153846154,0.05454545454545454,0.08181818181818182,0.05555555555555555,0.020361898296886314,-0.0036895321542065413,0.030303030303030304,0.058823529411764705,0.13043478260869565,0.08695652173913043,0.027777777777777776,0.05714285714285714,0,0,0.6333333333333333,0.1818181818181818,0,0,1,0.028571428571428574,0.022556390977443608,0.03571428571428571,0.010582010582010581,0.047619047619047616,0.5,0.375,0.0,0.0,-0.7333664031972357,-0.3712610437205011,0.0,0.0,-1.1059723361039977,-0.26365432210717366,0.3497933080424818,0.3541109535077771,0.2960957384497411,0
1.0,1.0687022900763359,0.21621621621621623,44,45,0.8991658406776509,0.9711241625770142,22,4,42,41,0.21052631578947367,0.5263157894736843,0.7657007387172505,0.8064022593762237,-0.05163552458161856,0.3853618097231227,1.0,0.0,1.63,3.5,5.62,0,0.11538461538461539,0.07272727272727272,0.08181818181818182,0.09259259259259259,0.2690496854458869,-0.16728058569540497,0.12121212121212122,0.058823529411764705,0.043478260869565216,0.08695652173913043,0.05555555555555555,0.08571428571428572,0,0,0.6666666666666666,0.1818181818181818,1,0,0,0.025,0.03289473684210526,0.041666666666666664,0.012345679012345678,0.5238095238095237,0.6818181818181819,0.875,0.0,0.07142857142857142,-1.0863948844296236,0.1905398110036707,0.058823529411764705,0.0,1.1762331618591413,-0.3799595181080439,0.36085277881464545,0.32975715955704826,0.30939006162830646,1
1.0,1.0687022900763359,0.21621621621621623,59,45,0.7213298226580008,0.351330443528453,38,8,42,41,0.5789473684210527,0.894736842105263,0.7620625463107176,0.7069222968863127,-1.5309207454634102,0.09698561073474696,1.0,2.0,1.89,3.37,3.98,0,0.04807692307692308,0.07272727272727272,0.07272727272727272,0.10185185185185185,-0.22832588885211433,-0.24907611246600414,0.06060606060606061,0.029411764705882353,0.08695652173913043,0.0,0.08333333333333333,0.11428571428571428,0,0,0.6666666666666666,0.1818181818181818,0,1,0,0.022222222222222223,0.03618421052631579,0.017361111111111112,0.012345679012345678,0.14285714285714285,0.4090909090909091,0.125,0.0,0.0,-0.7147859568165834,0.18435484746542297,0.11764705882352941,0.25,-0.787830512870682,0.6122495128828062,0.348464173183802,0.31293124466514777,0.33860458215105016,2
1.0,1.0688490898414562,0.21621621621621623,8,45,0.8359939086845781,0.7457666073322966,2,14,42,41,0.3684210526315789,0.2631578947368421,0.7400437084584428,0.6560066206545649,-0.7302690774634909,-0.06663921316218156,2.0,0.0,1.93,3.14,4.16,0,0.07692307692307693,0.08181818181818182,0.06363636363636363,0.05555555555555555,0.1032578273465532,0.24169704815759105,0.09090909090909091,0.11764705882352941,0.043478260869565216,0.043478260869565216,0.05555555555555555,0.05714285714285714,0,0,0.7,0.1818181818181818,1,0,0,0.019444444444444445,0.019736842105263157,0.027777777777777776,0.013888888888888888,0.3333333333333333,0.2727272727272727,0.1875,0.07692307692307693,0.21428571428571427,-0.740592132345267,-0.21148281898243407,0.0,0.0,-0.5464097371621525,-0.5231646938866656,0.3468165569143921,0.339177212409837,0.31400623067577077,1
1.0,1.0688490898414562,0.21621621621621623,81,45,0.9081252463590347,0.8071458190976468,13,21,42,41,0.42105263157894735,0.21052631578947367,0.8017383575793147,0.8585953647448308,0.06204760717214169,0.1415306431307776,1.0,1.0,3.28,3.03,2.26,0,0.057692307692307696,0.10909090909090909,0.05454545454545454,0.037037037037037035,0.020361898296886314,0.650674682010587,0.06060606060606061,0.11764705882352941,0.13043478260869565,0.043478260869565216,0.05555555555555555,0.02857142857142857,0,0,0.7,0.1818181818181818,0,0,1,0.016666666666666666,0.013157894736842105,0.020833333333333332,0.018518518518518517,0.6666666666666666,0.8636363636363636,0.4375,0.0,0.2857142857142857,-0.4051118504723838,-0.1908662738549416,0.0,0.0,-0.25800409552608283,2.2075594620522576,0.35073315798284754,0.32860382258944154,0.32066301942771086,0
1.0,1.0688490898414562,0.21621621621621623,39,45,0.886124194807291,0.8568229372485967,16,41,42,41,0.9473684210526316,0.8421052631578947,0.7477073007167834,0.7857365966131702,0.10072630529536342,-0.494389340217036,0.0,0.0,1.67,3.57,5.04,0,0.07692307692307693,0.09090909090909091,0.14545454545454545,0.12037037037037036,-0.6428055341004487,-0.24907611246600414,0.0,0.029411764705882353,0.13043478260869565,0.13043478260869565,0.1111111111111111,0.08571428571428572,0,0,0.7,0.1818181818181818,0,0,1,0.044444444444444446,0.042763157894736836,0.027777777777777776,0.015432098765432098,0.47619047619047616,0.36363636363636365,0.1875,0.0,0.0,1.5148676088616564,1.0873595240495968,0.058823529411764705,0.0625,0.009087422003057998,-0.5279340620297753,0.35688289765172526,0.3268160736128502,0.3163010287354245,0
1.0,1.0688490898414562,0.21621621621621623,49,45,0.8365945588214728,0.6811110161892913,19,47,42,41,0.631578947368421,0.8421052631578947,0.6247902593092511,0.7964684833870479,-0.4676350762663283,0.0030057574566877978,1.0,0.0,2.51,3.07,2.82,0,0.06730769230769232,0.07272727272727272,0.09090909090909091,0.08333333333333333,-0.22832588885211433,-0.08548505892480573,0.06060606060606061,0.029411764705882353,0.043478260869565216,0.13043478260869565,0.08333333333333333,0.05714285714285714,0,0,0.7,0.1818181818181818,1,0,0,0.02777777777777778,0.029605263157894735,0.024305555555555552,0.012345679012345678,0.047619047619047616,0.0,0.0625,0.0,0.0,0.12649536541849282,-0.29910313577427744,0.058823529411764705,0.125,-0.32710820199041896,0.5798469374396118,0.3572228204737197,0.32975186250302846,0.31302531702325165,1
1.0,1.0688490898414562,0.21621621621621623,20,45,0.8729090091420953,0.840985657625906,28,12,42,41,0.894736842105263,0.6842105263157894,0.7780716141907609,0.6847173196414247,0.2804392421113345,0.3869118479058305,2.0,0.0,1.37,4.72,7.48,0,0.04807692307692308,0.08181818181818182,0.08181818181818182,0.08333333333333333,-0.3112218179017812,-0.0036895321542065413,0.030303030303030304,0.029411764705882353,0.08695652173913043,0.17391304347826086,0.1111111111111111,0.02857142857142857,0,0,0.7,0.1818181818181818,1,0,0,0.025,0.029605263157894735,0.017361111111111112,0.013888888888888888,0.3333333333333333,0.2727272727272727,0.125,0.07692307692307693,0.0,1.2980957344207165,-0.5155768596129492,0.0,0.0,-0.8497619480833917,-1.103877317515414,0.35874417973670636,0.3135149745713686,0.327740845691925,1
1.0,1.0688490898414562,0.21621621621621623,25,45,0.8906699507359097,0.9156559984339911,45,33,42,41,0.05263157894736842,0.0,0.8117269675407692,0.8468487211442086,-0.05897178147142172,0.11706906889102064,0.0,1.0,2.62,2.97,2.78,0,0.09615384615384616,0.14545454545454545,0.03636363636363636,0.07407407407407407,0.5177374725948876,0.650674682010587,0.15151515151515152,0.14705882352941177,0.043478260869565216,0.043478260869565216,0.027777777777777776,0.02857142857142857,0,0,0.7,0.1818181818181818,0,1,0,0.011111111111111112,0.02631578947368421,0.034722222222222224,0.024691358024691357,0.7142857142857142,0.6818181818181819,0.875,0.0,0.14285714285714285,-1.4270364014082435,-1.1701521674108373,0.058823529411764705,0.0,0.5244133737797718,1.9231240327180104,0.36655627343086017,0.31085225878750583,0.322591467781634,2
1.0,1.0688490898414562,0.21621621621621623,70,45,0.8248847439833021,0.5564847922696696,46,26,42,41,0.5263157894736843,0.3684210526315789,0.6794852216075966,0.7964684833870479,-0.37880069623719514,-0.04095900311107167,2.0,1.0,1.85,3.45,4.03,0,0.10576923076923078,0.10909090909090909,0.10909090909090909,0.09259259259259259,-0.06253403075278056,0.15990152138699185,0.06060606060606061,0.08823529411764705,0.08695652173913043,0.08695652173913043,0.08333333333333333,0.05714285714285714,0,0,0.7,0.1818181818181818,1,0,0,0.03333333333333333,0.03289473684210526,0.03819444444444444,0.018518518518518517,0.42857142857142855,0.7272727272727273,0.4375,0.07692307692307693,0.07142857142857142,1.1432586812486163,0.004990904856237673,0.0,0.0,-0.4958032413985161,0.16386064785243115,0.348464173183802,0.31293124466514777,0.33860458215105016,1
1.0,1.0688490898414562,0.21621621621621623,44,45,0.8991658406776509,0.9711241625770142,48,18,42,41,1.0,0.21052631578947367,0.7657007387172505,0.6524764519488098,0.00039884696844762093,0.006687565497441135,4.0,1.0,2.92,3.12,2.41,0,0.057692307692307696,0.07272727272727272,0.12727272727272726,0.027777777777777776,-0.6428055341004487,0.4052881016987894,0.0,0.11764705882352941,0.13043478260869565,0.08695652173913043,0.1111111111111111,0.0,0,0,0.7,0.1818181818181818,1,0,0,0.03888888888888889,0.009868421052631578,0.020833333333333332,0.012345679012345678,0.0,0.0,0.0,0.0,0.14285714285714285,1.3290631450551362,-1.1649980311289643,0.1764705882352941,0.0,-1.0382462861626254,0.6380690578596963,0.3575815234588248,0.3267697832803881,0.31564869326078704,1
1.0,1.0698766881972985,0.24324324324324326,8,45,0.8359939086845781,0.7457666073322966,2,8,42,41,0.2631578947368421,0.8421052631578947,0.7400437084584428,0.7069222968863127,-0.7302690774634909,0.09698561073474696,4.0,1.0,1.95,3.21,3.9,0,0.09615384615384616,0.09090909090909091,0.06363636363636363,0.1111111111111111,0.2690496854458869,-0.16728058569540497,0.12121212121212122,0.058823529411764705,0.043478260869565216,0.0,0.05555555555555555,0.11428571428571428,0,0,0.9333333333333333,0.1818181818181818,1,0,0,0.017283950617283952,0.03508771929824561,0.030864197530864196,0.013717421124828532,0.47619047619047616,0.2727272727272727,0.25,0.15384615384615385,0.07142857142857142,-0.7457533674510036,0.38639698971485,0.0,0.0,-0.31334224063816485,0.7533519659066391,0.3697167914857487,0.33299921593808507,0.29728399257616617,1
1.0,1.07031708749266,0.24324324324324326,20,45,0.8729090091420953,0.840985657625906,28,45,42,41,0.5789473684210527,0.10526315789473684,0.7780716141907609,0.8181740415776895,0.2804392421113345,-0.010366510176650773,1.0,1.0,2.18,3.08,3.4,0,0.06730769230769232,0.09090909090909091,0.08181818181818182,0.046296296296296294,-0.14542995980244744,0.4052881016987894,0.06060606060606061,0.14705882352941177,0.08695652173913043,0.043478260869565216,0.1111111111111111,0.05714285714285714,0,0,0.0,0.2727272727272727,0,0,1,0.022222222222222223,0.014619883040935672,0.021604938271604937,0.013717421124828532,0.6666666666666666,0.8181818181818182,0.8125,0.15384615384615385,0.0,1.3097085134086235,-1.49872835538025,0.0,0.125,-0.6307512085549536,0.35020981810485385,0.35688289765172526,0.3268160736128502,0.3163010287354245,0
1.0,1.07031708749266,0.2702702702702703,62,45,0.848840709928379,0.7854555477110323,8,47,42,41,0.8421052631578947,0.894736842105263,0.7024432050920628,0.7964684833870479,0.05070046793783807,0.0030057574566877978,3.0,2.0,2.26,3.24,3.04,0,0.10576923076923078,0.07272727272727272,0.14545454545454545,0.09259259259259259,-0.3941177469514481,-0.16728058569540497,0.06060606060606061,0.029411764705882353,0.0,0.13043478260869565,0.1388888888888889,0.08571428571428572,0,0,0.0,0.2727272727272727,1,0,0,0.035555555555555556,0.02631578947368421,0.030555555555555558,0.009876543209876543,0.0,0.0,0.125,0.0,0.0,0.49294305792579635,-0.08778354821747884,0.058823529411764705,0.1875,0.46015626400925724,0.35553878564588604,0.3570240059001988,0.33579491105577813,0.30718108304402314,1
1.0,1.0704638872577803,0.24324324324324326,2,45,0.7921775400036931,0.542089818812117,12,4,42,41,0.7894736842105263,0.6842105263157894,0.6804606311117574,0.8064022593762237,0.3468926840148598,0.3853618097231227,0.0,4.0,3.26,3.19,2.19,0,0.08653846153846154,0.07272727272727272,0.09999999999999999,0.10185185185185185,-0.14542995980244744,-0.24907611246600414,0.030303030303030304,0.058823529411764705,0.17391304347826086,0.08695652173913043,0.05555555555555555,0.11428571428571428,0,0,0.03333333333333333,0.2727272727272727,0,1,0,0.027160493827160497,0.03216374269005848,0.027777777777777776,0.010973936899862825,0.23809523809523808,0.3181818181818182,0.3125,0.0,0.0,-0.3741444398379635,0.15188378888962212,0.058823529411764705,0.0625,-1.3040864720668515,-0.5074892748298981,0.3659331290030674,0.33056064926903544,0.3035062217278972,2
1.0,1.0704638872577803,0.24324324324324326,48,45,0.8400699646473958,0.708418767979448,14,46,42,41,0.3157894736842105,0.47368421052631576,0.6504109653283912,0.6841173416118116,-0.11646066817777731,-0.3234294090761925,1.0,1.0,2.66,2.95,2.75,0,0.08653846153846154,0.11818181818181818,0.07272727272727272,0.12037037037037036,0.1032578273465532,-0.0036895321542065413,0.12121212121212122,0.08823529411764705,0.043478260869565216,0.08695652173913043,0.08333333333333333,0.08571428571428572,0,0,0.03333333333333333,0.2727272727272727,0,0,1,0.019753086419753086,0.038011695906432746,0.027777777777777776,0.01783264746227709,0.23809523809523808,0.3181818181818182,0.5,0.0,0.14285714285714285,-0.34317702920354365,0.990719468764475,0.058823529411764705,0.0,-0.7320775483670054,-0.305602739513465,0.3383956166260046,0.3274081700004062,0.33419621337358923,0
1.0,1.0704638872577803,0.24324324324324326,39,45,0.886124194807291,0.8568229372485967,16,19,42,41,1.0,0.5263157894736843,0.7477073007167834,0.6279901310033653,0.10072630529536342,-0.41038448802592153,3.0,0.0,1.5,3.93,6.21,0,0.07692307692307693,0.07272727272727272,0.14545454545454545,0.09259259259259259,-0.6428055341004487,-0.16728058569540497,0.0,0.08823529411764705,0.17391304347826086,0.043478260869565216,0.1111111111111111,0.08571428571428572,0,0,0.03333333333333333,0.2727272727272727,1,0,0,0.03950617283950617,0.029239766081871343,0.024691358024691357,0.010973936899862825,0.6666666666666666,0.045454545454545456,0.5,0.0,0.07142857142857142,1.5264803878495634,0.15961499331243198,0.0,0.0,-0.009507448493626803,-0.12852482412561558,0.33127594997111676,0.3201738434994253,0.34855020652945784,1
1.0,1.0704638872577803,0.24324324324324326,44,45,0.8991658406776509,0.9711241625770142,22,13,42,41,0.15789473684210525,0.5789473684210527,0.7657007387172505,0.80654580800737,-0.05163552458161856,0.10809269999060549,3.0,1.0,1.79,3.3,4.64,0,0.125,0.06363636363636363,0.08181818181818182,0.06481481481481481,0.35194561449555384,-0.0036895321542065413,0.15151515151515152,0.058823529411764705,0.043478260869565216,0.17391304347826086,0.05555555555555555,0.05714285714285714,0,0,0.03333333333333333,0.2727272727272727,1,0,0,0.022222222222222223,0.02046783625730994,0.040123456790123455,0.009602194787379972,0.6190476190476191,0.7272727272727273,0.75,0.07692307692307693,0.0,-1.128975074051951,-0.4163597361868912,0.0,0.0,1.3049384984420982,-0.2216675412270199,0.3290809111375469,0.3165032545013675,0.3544158343610855,1
1.0,1.0704638872577803,0.24324324324324326,72,45,0.7897159457435472,0.48718942723050596,41,48,42,41,0.7894736842105263,1.0,0.7793129520507092,0.7964684833870479,-0.5534554682890978,0.0030057574566877978,2.0,0.0,1.62,3.64,5.39,0,0.09615384615384616,0.09090909090909091,0.11818181818181818,0.1388888888888889,-0.22832588885211433,-0.41266716600720255,0.030303030303030304,0.029411764705882353,0.17391304347826086,0.13043478260869565,0.08333333333333333,0.11428571428571428,0,0,0.03333333333333333,0.2727272727272727,1,0,0,0.03209876543209877,0.043859649122807015,0.030864197530864196,0.013717421124828532,0.0,0.0,0.0,0.0,0.07142857142857142,1.0929366389676836,1.3966077009619846,0.0,0.0,-0.4852285139200459,-0.6990406529196562,0.36203484489774385,0.3000622730637829,0.3379028820384733,1
1.0,1.0704638872577803,0.2702702702702703,3,45,0.8831965326804802,0.8265369664638684,18,2,42,41,0.2631578947368421,0.15789473684210525,0.6480876845347974,0.7468494646919039,-0.04154912763939278,-0.6674624380436176,3.0,0.0,1.77,3.48,4.44,0,0.08653846153846154,0.12727272727272726,0.06363636363636363,0.07407407407407407,0.18615375639622006,0.48708362846938863,0.12121212121212122,0.14705882352941177,0.08695652173913043,0.043478260869565216,0.027777777777777776,0.05714285714285714,0,0,0.03333333333333333,0.2727272727272727,1,0,0,0.015555555555555555,0.021052631578947368,0.024999999999999998,0.01728395061728395,0.3333333333333333,0.5,0.3125,0.0,0.21428571428571427,-1.2102645269673034,-0.7951887529045667,0.058823529411764705,0.0,0.31118901268719756,-0.013081491643278648,0.34071961631124914,0.3173958208246117,0.34188456286413926,1
1.0,1.0706106870229006,0.24324324324324326,0,45,0.8822211462804724,0.75495318851006,33,26,42,41,0.0,0.42105263157894735,0.8425294354759691,0.7964684833870479,0.07121797623870507,-0.04095900311107167,2.0,1.0,1.5,4.15,5.72,0,0.16346153846153846,0.11818181818181818,0.07272727272727272,0.1111111111111111,0.7664252597438882,0.07810599461639266,0.18181818181818182,0.08823529411764705,0.043478260869565216,0.08695652173913043,0.027777777777777776,0.08571428571428572,0,0,0.06666666666666668,0.2727272727272727,1,0,0,0.019753086419753086,0.03508771929824561,0.05246913580246913,0.01783264746227709,0.7619047619047619,0.4090909090909091,0.875,0.23076923076923078,0.0,-1.3186504641877734,-0.09164915042888358,0.0,0.0625,2.11182684191208,-0.050523786717021485,0.34846661063325346,0.3384228832022192,0.3131105061645272,1
1.0,1.0706106870229006,0.24324324324324326,59,45,0.7213298226580008,0.351330443528453,38,21,42,41,0.7894736842105263,0.2631578947368421,0.7620625463107176,0.8585953647448308,-1.5309207454634102,0.1415306431307776,3.0,0.0,3.68,3.14,2.05,0,0.057692307692307696,0.11818181818181818,0.09090909090909091,0.046296296296296294,-0.3112218179017812,0.650674682010587,0.06060606060606061,0.11764705882352941,0.08695652173913043,0.08695652173913043,0.1111111111111111,0.02857142857142857,0,0,0.06666666666666668,0.2727272727272727,1,0,0,0.02469135802469136,0.014619883040935672,0.018518518518518517,0.01783264746227709,0.14285714285714285,0.2727272727272727,0.25,0.0,0.0,-0.6141418722547186,-0.366106907438628,0.1764705882352941,0.0,-0.9302336599943961,2.144866944799519,0.3409079966829191,0.3117213775521439,0.34737062576493705,1
1.0,1.0707574867880214,0.2702702702702703,25,45,0.8906699507359097,0.9156559984339911,45,16,42,41,0.15789473684210525,0.8421052631578947,0.8117269675407692,0.7544137449486421,-0.05897178147142172,0.14595314600119833,4.0,1.0,2.21,3.08,3.35,0,0.10576923076923078,0.09999999999999999,0.05454545454545454,0.14814814814814814,0.4348415435452207,-0.41266716600720255,0.15151515151515152,0.029411764705882353,0.08695652173913043,0.17391304347826086,0.05555555555555555,0.11428571428571428,0,0,0.1,0.2727272727272727,1,0,0,0.013333333333333334,0.042105263157894736,0.030555555555555558,0.013580246913580247,1.0476190476190474,0.2727272727272727,0.4375,0.0,0.07142857142857142,-1.547465220542099,1.5649761528365072,0.0,0.0,0.3574816478629129,0.22063424538651585,0.34340761065762543,0.3267536369627368,0.3298387523796378,1
1.0,1.0709042865531413,0.2702702702702703,2,45,0.7921775400036931,0.542089818812117,12,19,42,41,0.8421052631578947,0.5789473684210527,0.6804606311117574,0.6279901310033653,0.3468926840148598,-0.41038448802592153,1.0,1.0,2.53,3.16,2.72,0,0.08653846153846154,0.07272727272727272,0.13636363636363635,0.12037037037037036,-0.477013676001115,-0.41266716600720255,0.030303030303030304,0.08823529411764705,0.17391304347826086,0.043478260869565216,0.08333333333333333,0.11428571428571428,0,0,0.13333333333333333,0.2727272727272727,0,0,1,0.03333333333333333,0.034210526315789476,0.024999999999999998,0.009876543209876543,0.14285714285714285,0.2272727272727273,0.0625,0.0,0.0,-0.20769460767795617,0.12482457340978816,0.11764705882352941,0.0625,-1.5670443736632385,-0.38729222098389465,0.3451376623661715,0.3217599088493037,0.3331024287845248,0
1.0,1.0709042865531413,0.2702702702702703,81,45,0.9081252463590347,0.8071458190976468,13,28,42,41,0.6842105263157894,0.7894736842105263,0.8017383575793147,0.7830935928200902,0.06204760717214169,0.321864235874236,0.0,1.0,2.14,3.03,3.54,0,0.07692307692307693,0.07272727272727272,0.09090909090909091,0.09259259259259259,-0.14542995980244744,-0.16728058569540497,0.06060606060606061,0.058823529411764705,0.17391304347826086,0.13043478260869565,0.08333333333333333,0.11428571428571428,0,0,0.13333333333333333,0.2727272727272727,0,1,0,0.022222222222222223,0.02631578947368421,0.022222222222222223,0.009876543209876543,0.6666666666666666,0.4090909090909091,1.125,0.0,0.0,-0.36726279303031467,1.1801339771233128,0.058823529411764705,0.0,-0.3537404273079227,-0.6289966321442302,0.3531722339657328,0.3268805847101693,0.319947181324098,2
1.0,1.0709042865531413,0.2702702702702703,48,45,0.8400699646473958,0.708418767979448,14,22,42,41,0.3157894736842105,0.10526315789473684,0.6504109653283912,0.7711162314499898,-0.11646066817777731,-0.003185452608183245,1.0,1.0,3.04,2.95,2.44,0,0.09615384615384616,0.14545454545454545,0.08181818181818182,0.09259259259259259,0.1032578273465532,0.48708362846938863,0.12121212121212122,0.1764705882352941,0.08695652173913043,0.043478260869565216,0.08333333333333333,0.05714285714285714,0,0,0.13333333333333333,0.2727272727272727,0,0,1,0.02,0.02631578947368421,0.027777777777777776,0.019753086419753086,0.42857142857142855,0.5,0.6875,0.0,0.14285714285714285,-0.41543432068385705,-1.1770243491200016,0.0,0.0,-0.7230102448090551,1.4218612004442308,0.34528711932302164,0.31040780274147733,0.344305077935501,0
1.0,1.0709042865531413,0.2702702702702703,44,45,0.8991658406776509,0.9711241625770142,21,41,42,41,0.3157894736842105,0.6842105263157894,0.8539740249683285,0.7857365966131702,0.09620822187325515,-0.494389340217036,3.0,1.0,1.33,4.64,8.96,0,0.125,0.10909090909090909,0.07272727272727272,0.12037037037037036,0.4348415435452207,-0.08548505892480573,0.12121212121212122,0.058823529411764705,0.08695652173913043,0.17391304347826086,0.05555555555555555,0.08571428571428572,0,0,0.13333333333333333,0.2727272727272727,1,0,0,0.017777777777777778,0.034210526315789476,0.03611111111111111,0.014814814814814814,0.6666666666666666,0.4545454545454546,0.375,0.0,0.07142857142857142,-0.4786594507291311,1.0839234331950147,0.058823529411764705,0.0,1.7668620557940784,-0.290335250318081,0.34125081281158576,0.3331070644595852,0.3256421227288289,1
1.0,1.0709042865531413,0.2972972972972973,39,45,0.886124194807291,0.8568229372485967,4,2,42,41,0.47368421052631576,0.2631578947368421,0.8022731628059823,0.7468494646919039,0.34530914590937506,-0.6674624380436176,2.0,1.0,2.16,3.17,3.34,0,0.11538461538461539,0.12727272727272726,0.09999999999999999,0.10185185185185185,0.1032578273465532,0.24169704815759105,0.09090909090909091,0.14705882352941177,0.08695652173913043,0.043478260869565216,0.1111111111111111,0.08571428571428572,0,0,0.13333333333333333,0.2727272727272727,1,0,0,0.022222222222222223,0.02631578947368421,0.0303030303030303,0.015712682379349044,0.5238095238095237,0.5909090909090909,0.125,0.07692307692307693,0.0,0.18670977498542077,-0.8883927173351059,0.0,0.0625,-0.22023223387855972,-0.2602597764080811,0.35248750613167096,0.33863453602458315,0.3088779578437459,1
1.0,1.0709042865531413,0.2972972972972973,3,45,0.8831965326804802,0.8265369664638684,18,33,42,41,0.21052631578947367,0.0,0.6480876845347974,0.8468487211442086,-0.04154912763939278,0.11706906889102064,1.0,2.0,2.53,3.08,2.78,0,0.11538461538461539,0.17272727272727273,0.06363636363636363,0.08333333333333333,0.4348415435452207,0.8142657355517854,0.15151515151515152,0.20588235294117646,0.08695652173913043,0.043478260869565216,0.027777777777777776,0.02857142857142857,0,0,0.13333333333333333,0.2727272727272727,0,1,0,0.014141414141414142,0.0215311004784689,0.0303030303030303,0.02132435465768799,0.23809523809523808,0.5,0.5625,0.07692307692307693,0.2857142857142857,-1.2102645269673034,-1.417550708940748,0.0,0.0,0.560645807355428,2.1707687059567973,0.35752608993129165,0.3295998227804062,0.31287408728830196,2
1.0,1.0709042865531413,0.2972972972972973,70,45,0.8248847439833021,0.5564847922696696,46,8,42,41,0.42105263157894735,0.7894736842105263,0.6794852216075966,0.7069222968863127,-0.37880069623719514,0.09698561073474696,1.0,2.0,1.93,3.34,3.82,0,0.13461538461538464,0.12727272727272726,0.12727272727272726,0.16666666666666666,0.020361898296886314,-0.33087163923660334,0.09090909090909091,0.08823529411764705,0.13043478260869565,0.0,0.08333333333333333,0.14285714285714285,0,0,0.13333333333333333,0.2727272727272727,0,1,0,0.028282828282828285,0.0430622009569378,0.03535353535353535,0.015712682379349044,0.47619047619047616,0.6363636363636364,0.5,0.0,0.07142857142857142,0.8370253983082406,0.5848312365669656,0.0,0.0,-0.2885098969110984,0.6109760364551885,0.34296430178922915,0.34105784036457043,0.31597785784620047,2
1.0,1.071051086318262,0.2702702702702703,11,45,0.8727096040101687,0.8726976679861451,26,48,42,41,0.5789473684210527,1.0,0.7912520384988702,0.7964684833870479,-0.09022544918352936,0.0030057574566877978,0.0,0.0,1.67,3.74,4.8,0,0.13461538461538464,0.09090909090909091,0.12727272727272726,0.15740740740740738,0.020361898296886314,-0.576258219548401,0.09090909090909091,0.029411764705882353,0.08695652173913043,0.13043478260869565,0.1111111111111111,0.14285714285714285,0,0,0.16666666666666669,0.2727272727272727,0,0,1,0.03111111111111111,0.04473684210526315,0.03888888888888888,0.012345679012345678,0.0,0.0,0.0,0.0,0.0,-0.1504909185893747,1.4447129729261337,0.11764705882352941,0.0625,-0.1299417089550249,-0.9182144375604018,0.3632588837391512,0.33127975739765925,0.3054613588631897,0
1.0,1.071051086318262,0.2972972972972973,44,45,0.8991658406776509,0.9711241625770142,47,38,42,41,1.0,0.631578947368421,0.7657007387172505,0.767362555943629,0.00039884696844762093,-1.4511762319523853,0.0,1.0,2.1,3.26,3.4,0,0.09615384615384616,0.08181818181818182,0.11818181818181818,0.09259259259259259,-0.22832588885211433,-0.08548505892480573,0.030303030303030304,0.08823529411764705,0.13043478260869565,0.08695652173913043,0.1111111111111111,0.11428571428571428,0,0,0.16666666666666669,0.2727272727272727,0,1,0,0.02626262626262627,0.023923444976076555,0.025252525252525252,0.010101010101010102,0.0,0.045454545454545456,0.0625,0.0,0.07142857142857142,0.09036671967833629,-0.43139263367568786,0.23529411764705882,0.0,0.2023643714634218,-0.5275938064169057,0.3497933080424818,0.3541109535077771,0.2960957384497411,2
1.0,1.0717850851438642,0.2972972972972973,49,45,0.8365945588214728,0.6811110161892913,19,45,42,41,0.6842105263157894,0.05263157894736842,0.6247902593092511,0.8181740415776895,-0.4676350762663283,-0.010366510176650773,2.0,0.0,2.95,3.0,2.47,0,0.08653846153846154,0.13636363636363635,0.12727272727272726,0.06481481481481481,-0.3941177469514481,0.650674682010587,0.09090909090909091,0.1764705882352941,0.08695652173913043,0.08695652173913043,0.1111111111111111,0.05714285714285714,0,0,0.3333333333333333,0.2727272727272727,1,0,0,0.028282828282828285,0.016746411483253586,0.022727272727272728,0.01683501683501683,0.19047619047619047,0.8636363636363636,0.0,0.0,0.07142857142857142,0.11445248350510731,-1.547434943243951,0.0,0.0,-0.39212038307360286,0.5834399212703493,0.33956107396671953,0.34610666886900066,0.31433225716427987,1
1.0,1.0717850851438642,0.32432432432432434,44,45,0.8991658406776509,0.9711241625770142,47,18,42,41,1.0,0.21052631578947367,0.7657007387172505,0.6524764519488098,0.00039884696844762093,0.006687565497441135,1.0,2.0,2.17,3.3,3.18,0,0.09615384615384616,0.11818181818181818,0.12727272727272726,0.08333333333333333,-0.3112218179017812,0.3234925749281902,0.030303030303030304,0.14705882352941177,0.13043478260869565,0.08695652173913043,0.1388888888888889,0.05714285714285714,0,0,0.3333333333333333,0.2727272727272727,0,1,0,0.02592592592592593,0.019736842105263157,0.023148148148148147,0.013374485596707817,0.047619047619047616,0.0,0.0625,0.0,0.0,0.2830528302925052,-1.2251296210841507,0.29411764705882354,0.0625,-0.025546732687933324,0.39401154077122197,0.36655627343086017,0.31085225878750583,0.322591467781634,2
1.0,1.0717850851438642,0.32432432432432434,44,45,0.8991658406776509,0.9711241625770142,48,46,42,41,0.894736842105263,0.631578947368421,0.7657007387172505,0.6841173416118116,0.00039884696844762093,-0.3234294090761925,1.0,1.0,2.86,3.2,2.41,0,0.09615384615384616,0.13636363636363635,0.15454545454545454,0.14814814814814814,-0.5599096050507819,-0.08548505892480573,0.030303030303030304,0.08823529411764705,0.17391304347826086,0.13043478260869565,0.1388888888888889,0.11428571428571428,0,0,0.3333333333333333,0.2727272727272727,0,0,1,0.031481481481481485,0.03508771929824561,0.023148148148148147,0.015432098765432098,0.0,0.0,0.0,0.0,0.0,1.4777067161003516,0.7038917846782352,0.0,0.0625,-0.8719648308880478,-0.47492042281519325,0.35688289765172526,0.3268160736128502,0.3163010287354245,0
1.0,1.071931884908984,0.2972972972972973,44,45,0.8991658406776509,0.9711241625770142,22,21,42,41,0.05263157894736842,0.21052631578947367,0.7657007387172505,0.8585953647448308,-0.05163552458161856,0.1415306431307776,1.0,2.0,3.07,3.01,2.38,0,0.16346153846153846,0.14545454545454545,0.09999999999999999,0.08333333333333333,0.5177374725948876,0.5688791552399878,0.18181818181818182,0.14705882352941177,0.08695652173913043,0.08695652173913043,0.05555555555555555,0.05714285714285714,0,0,0.3666666666666667,0.2727272727272727,0,1,0,0.022222222222222223,0.0215311004784689,0.04292929292929293,0.017957351290684622,0.7142857142857142,0.8181818181818182,0.625,0.0,0.07142857142857142,-1.2536189018554915,-0.5276031776039865,0.0,0.0,1.4083358003510615,1.8571134550827084,0.35073315798284754,0.32860382258944154,0.32066301942771086,2
1.0,1.071931884908984,0.2972972972972973,20,45,0.8729090091420953,0.840985657625906,28,26,42,41,0.6842105263157894,0.631578947368421,0.7780716141907609,0.7964684833870479,0.2804392421113345,-0.04095900311107167,0.0,0.0,1.76,3.49,4.51,0,0.08653846153846154,0.12727272727272726,0.09090909090909091,0.12962962962962962,-0.06253403075278056,-0.0036895321542065413,0.09090909090909091,0.08823529411764705,0.13043478260869565,0.13043478260869565,0.1111111111111111,0.11428571428571428,0,0,0.3666666666666667,0.2727272727272727,0,0,1,0.020202020202020204,0.03349282296650717,0.022727272727272728,0.015712682379349044,0.5714285714285714,0.5,0.875,0.07692307692307693,0.0,1.1525489044389419,-0.11870836590871754,0.0,0.0,-0.3960583204571624,-0.18296887017001334,0.3701951128545368,0.311275085738631,0.31852980140683224,0
1.0,1.071931884908984,0.32432432432432434,8,45,0.8359939086845781,0.7457666073322966,2,12,42,41,0.2631578947368421,0.8421052631578947,0.7400437084584428,0.6847173196414247,-0.7302690774634909,0.3869118479058305,2.0,0.0,1.46,4.14,6.34,0,0.14423076923076925,0.09090909090909091,0.11818181818181818,0.14814814814814814,0.18615375639622006,-0.49446269277780175,0.15151515151515152,0.029411764705882353,0.043478260869565216,0.21739130434782608,0.1111111111111111,0.08571428571428572,0,0,0.3666666666666667,0.2727272727272727,1,0,0,0.024074074074074074,0.03508771929824561,0.034722222222222224,0.0102880658436214,0.14285714285714285,0.09090909090909091,0.6875,0.0,0.0,-0.9284610901940815,-0.04655045796249351,0.11764705882352941,0.0,-0.42150525473266326,-1.5514845898837284,0.3670693043225521,0.31030516140175035,0.32262553427569735,1
1.0,1.071931884908984,0.32432432432432434,62,45,0.848840709928379,0.7854555477110323,8,14,42,41,0.6842105263157894,0.3157894736842105,0.7024432050920628,0.6560066206545649,0.05070046793783807,-0.06663921316218156,2.0,2.0,1.83,3.35,4.3,0,0.15384615384615385,0.09999999999999999,0.17272727272727273,0.09259259259259259,-0.22832588885211433,0.07810599461639266,0.12121212121212122,0.11764705882352941,0.0,0.13043478260869565,0.1388888888888889,0.08571428571428572,0,0,0.3666666666666667,0.2727272727272727,0,0,1,0.03518518518518519,0.021929824561403508,0.037037037037037035,0.011316872427983538,0.6666666666666666,0.18181818181818182,0.375,0.15384615384615385,0.0,0.6202535238673007,-0.46506632405059223,0.0,0.0,0.8073964458686536,-0.690017373092263,0.3485194062599455,0.314101641742628,0.33737895199742646,0
1.0,1.071931884908984,0.32432432432432434,81,45,0.9081252463590347,0.8071458190976468,13,33,42,41,0.7894736842105263,0.0,0.8017383575793147,0.8468487211442086,0.06204760717214169,0.11706906889102064,0.0,0.0,2.69,2.91,2.78,0,0.07692307692307693,0.1909090909090909,0.09999999999999999,0.09259259259259259,-0.22832588885211433,0.8960612623223846,0.06060606060606061,0.23529411764705882,0.17391304347826086,0.043478260869565216,0.1111111111111111,0.02857142857142857,0,0,0.3666666666666667,0.2727272727272727,0,0,1,0.020370370370370372,0.021929824561403508,0.018518518518518517,0.021604938271604937,0.47619047619047616,0.9090909090909092,0.75,0.0,0.3571428571428571,-0.27814546687126146,-1.5041401984762168,0.11764705882352941,0.0,-0.563499664524554,2.3035695547694135,0.34340761065762543,0.3267536369627368,0.3298387523796378,0
1.0,1.071931884908984,0.32432432432432434,39,45,0.886124194807291,0.8568229372485967,16,38,42,41,0.9473684210526316,0.42105263157894735,0.7477073007167834,0.767362555943629,0.10072630529536342,-1.4511762319523853,2.0,1.0,1.93,3.32,3.89,0,0.11538461538461539,0.09090909090909091,0.18181818181818182,0.09259259259259259,-0.6428055341004487,-0.0036895321542065413,0.030303030303030304,0.11764705882352941,0.17391304347826086,0.08695652173913043,0.1388888888888889,0.11428571428571428,0,0,0.3666666666666667,0.2727272727272727,1,0,0,0.03703703703703704,0.021929824561403508,0.027777777777777776,0.0102880658436214,0.14285714285714285,0.045454545454545456,0.125,0.0,0.14285714285714285,1.5210610909885403,-0.3568294621312564,0.058823529411764705,0.0,-0.008668400793415113,-0.3017644162898138,0.34765815685578494,0.33886171030888107,0.313480132835334,1
1.0,1.071931884908984,0.32432432432432434,72,45,0.7897159457435472,0.48718942723050596,41,4,42,41,0.7894736842105263,0.3684210526315789,0.7793129520507092,0.8064022593762237,-0.5534554682890978,0.3853618097231227,1.0,0.0,2.18,3.15,3.31,0,0.125,0.12727272727272726,0.14545454545454545,0.1111111111111111,-0.22832588885211433,0.15990152138699185,0.06060606060606061,0.11764705882352941,0.17391304347826086,0.08695652173913043,0.1111111111111111,0.11428571428571428,0,0,0.3666666666666667,0.2727272727272727,1,0,0,0.02962962962962963,0.02631578947368421,0.030092592592592587,0.01440329218106996,0.47619047619047616,0.5454545454545454,0.375,0.0,0.14285714285714285,1.0224857797743783,0.14106010269768837,0.058823529411764705,0.0,-0.40038200965223153,-0.06082516036439075,0.36725638680674094,0.32936470680562807,0.30337890638763104,1
1.0,1.072812683499706,0.35135135135135137,2,45,0.7921775400036931,0.542089818812117,12,8,42,41,0.9473684210526316,0.5263157894736843,0.6804606311117569,0.7069222968863127,0.3468926840148598,0.09698561073474696,1.0,4.0,3.49,3.41,2.02,0,0.09615384615384616,0.16363636363636364,0.16363636363636364,0.19444444444444442,-0.6428055341004487,-0.24907611246600414,0.030303030303030304,0.11764705882352941,0.21739130434782608,0.043478260869565216,0.1111111111111111,0.14285714285714285,0,0,0.5666666666666667,0.2727272727272727,0,1,0,0.03076923076923077,0.04251012145748988,0.021367521367521368,0.017094017094017092,0.14285714285714285,0.36363636363636365,0.0625,0.0,0.0,0.06868953223424237,0.6173022951427665,0.058823529411764705,0.0,-1.713311737864733,0.7270146014848065,0.36655627343086017,0.31085225878750583,0.322591467781634,2
1.0,1.072812683499706,0.35135135135135137,70,45,0.8248847439833021,0.5564847922696696,46,45,42,41,0.631578947368421,0.10526315789473684,0.6794852216075966,0.8181740415776895,-0.37880069623719514,-0.010366510176650773,2.0,1.0,2.12,3.19,3.44,0,0.15384615384615385,0.13636363636363635,0.15454545454545454,0.08333333333333333,-0.06253403075278056,0.48708362846938863,0.09090909090909091,0.1764705882352941,0.17391304347826086,0.08695652173913043,0.1111111111111111,0.08571428571428572,0,0,0.5666666666666667,0.2727272727272727,1,0,0,0.02905982905982906,0.018218623481781375,0.03418803418803419,0.01424501424501424,0.38095238095238093,0.7727272727272727,0.5,0.0,0.0,0.6618562068408145,-1.5946655738996611,0.0,0.0625,-0.4584998962009177,0.30543203690091875,0.3468165569143921,0.339177212409837,0.31400623067577077,1
1.0,1.0729594832648268,0.35135135135135137,48,45,0.8400699646473958,0.708418767979448,14,4,42,41,0.3684210526315789,0.47368421052631576,0.6504109653283912,0.8064022593762237,-0.11646066817777731,0.3853618097231227,2.0,0.0,2.23,3.1,3.29,0,0.125,0.12727272727272726,0.10909090909090909,0.12037037037037036,0.1032578273465532,0.07810599461639266,0.12121212121212122,0.11764705882352941,0.17391304347826086,0.08695652173913043,0.08333333333333333,0.14285714285714285,0,0,0.6,0.2727272727272727,1,0,0,0.020512820512820516,0.02631578947368421,0.027777777777777776,0.01329534662867996,0.38095238095238093,0.6818181818181819,0.125,0.0,0.0,-0.5205358355643127,0.05840649905019572,0.0,0.0625,-0.6226978468267563,-0.2623076570156313,0.357551847920916,0.32731156905015935,0.31513658302892467,1
1.0,1.0729594832648268,0.35135135135135137,39,45,0.886124194807291,0.8568229372485967,16,26,42,41,0.8421052631578947,0.631578947368421,0.7477073007167834,0.7964684833870479,0.10072630529536342,-0.04095900311107167,2.0,0.0,1.66,3.65,5.03,0,0.13461538461538464,0.12727272727272726,0.1909090909090909,0.12962962962962962,-0.5599096050507819,-0.0036895321542065413,0.06060606060606061,0.08823529411764705,0.17391304347826086,0.17391304347826086,0.1388888888888889,0.11428571428571428,0,0,0.6,0.2727272727272727,1,0,0,0.0358974358974359,0.028340080971659916,0.029914529914529912,0.01329534662867996,0.7619047619047619,0.7272727272727273,0.375,0.07692307692307693,0.0,1.528943704604575,-0.07934950702895908,0.0,0.0,0.16887590656422302,-0.18591263208412387,0.3643628401975939,0.3505617756116134,0.2850753841907927,1
1.0,1.0729594832648268,0.35135135135135137,49,45,0.8365945588214728,0.6811110161892913,19,13,42,41,0.5789473684210527,0.8421052631578947,0.6247902593092511,0.80654580800737,-0.4676350762663283,0.10809269999060549,0.0,0.0,2.6,2.96,2.84,0,0.10576923076923078,0.07272727272727272,0.12727272727272726,0.10185185185185185,-0.22832588885211433,-0.24907611246600414,0.12121212121212122,0.058823529411764705,0.08695652173913043,0.21739130434782608,0.1111111111111111,0.11428571428571428,0,0,0.6,0.2727272727272727,0,0,1,0.02393162393162393,0.022267206477732792,0.023504273504273504,0.007597340930674264,0.09523809523809523,0.4545454545454546,0.375,0.07692307692307693,0.0,0.15539828201061842,-0.158067224788476,0.0,0.0,-0.11154979899789377,-0.5156978831033312,0.3680817265574571,0.3249902869120553,0.30692798653048764,0
1.0,1.0729594832648268,0.35135135135135137,44,45,0.8991658406776509,0.9711241625770142,21,18,42,41,0.05263157894736842,0.21052631578947367,0.8539740249683285,0.6524764519488098,0.09620822187325515,0.006687565497441135,2.0,0.0,1.43,4.46,6.67,0,0.17307692307692307,0.13636363636363635,0.09090909090909091,0.09259259259259259,0.6835293306942214,0.4052881016987894,0.18181818181818182,0.1764705882352941,0.08695652173913043,0.08695652173913043,0.05555555555555555,0.05714285714285714,0,0,0.6,0.2727272727272727,1,0,0,0.017094017094017096,0.020242914979757085,0.03846153846153846,0.01424501424501424,0.7619047619047619,0.2272727272727273,0.375,0.15384615384615385,0.07142857142857142,-0.6249804659767657,-1.2443717298698107,0.0,0.0,2.082627228003037,0.5735041813130548,0.37298667483882353,0.335606820439549,0.2914065047216275,1
1.0,1.0729594832648268,0.35135135135135137,20,45,0.8729090091420953,0.840985657625906,28,47,42,41,0.631578947368421,1.0,0.7780716141907609,0.7964684833870479,0.2804392421113345,0.0030057574566877978,1.0,2.0,1.88,3.4,4.04,0,0.08653846153846154,0.09999999999999999,0.09090909090909091,0.14814814814814814,-0.06253403075278056,-0.41266716600720255,0.09090909090909091,0.029411764705882353,0.17391304347826086,0.13043478260869565,0.1111111111111111,0.17142857142857143,0,0,0.6,0.2727272727272727,0,1,0,0.017094017094017096,0.032388663967611336,0.01923076923076923,0.010446343779677113,0.0,0.045454545454545456,0.0625,0.0,0.0,1.0953999557226943,0.44412331607182887,0.0,0.375,-0.39308742270189073,-0.23351857521590041,0.35833840175283865,0.3417229145045446,0.29993868374261684,2
1.0,1.0729594832648268,0.35135135135135137,0,45,0.8822211462804724,0.75495318851006,33,2,42,41,0.0,0.2631578947368421,0.8425294354759691,0.7468494646919039,0.07121797623870507,-0.6674624380436176,1.0,0.0,1.56,3.78,5.93,0,0.20192307692307693,0.15454545454545454,0.09090909090909091,0.12037037037037036,0.932217117843222,0.3234925749281902,0.24242424242424243,0.1764705882352941,0.08695652173913043,0.043478260869565216,0.027777777777777776,0.11428571428571428,0,0,0.6,0.2727272727272727,1,0,0,0.017094017094017096,0.02631578947368421,0.04487179487179487,0.01614434947768281,0.5714285714285714,0.2272727272727273,0.4375,0.0,0.07142857142857142,-1.5846886737289272,-0.945244402383646,0.0,0.0,2.2817560141182405,-0.27147731979389633,0.34165237525679726,0.31331366528798354,0.34503395945521925,1
1.0,1.0729594832648268,0.35135135135135137,59,45,0.7213298226580008,0.351330443528453,38,48,42,41,0.5789473684210527,0.9473684210526316,0.7620625463107176,0.7964684833870479,-1.5309207454634102,0.0030057574566877978,4.0,2.0,1.49,4.05,6.34,0,0.10576923076923078,0.09999999999999999,0.10909090909090909,0.16666666666666666,-0.06253403075278056,-0.576258219548401,0.12121212121212122,0.029411764705882353,0.08695652173913043,0.21739130434782608,0.1388888888888889,0.14285714285714285,0,0,0.6,0.2727272727272727,1,0,0,0.020512820512820516,0.03643724696356275,0.023504273504273504,0.010446343779677113,0.0,0.0,0.0,0.0,0.0,-0.3825900972837145,1.4753254187215015,0.058823529411764705,0.0,-0.45311319550571727,-0.8846088159587036,0.34528711932302164,0.31040780274147733,0.344305077935501,1
1.0,1.0729594832648268,0.35135135135135137,72,45,0.7897159457435472,0.48718942723050596,41,22,42,41,0.6842105263157894,0.10526315789473684,0.7793129520507092,0.7711162314499898,-0.5534554682890978,-0.003185452608183245,2.0,3.0,2.22,3.18,3.22,0,0.13461538461538464,0.16363636363636364,0.14545454545454545,0.12037037037037036,-0.14542995980244744,0.4052881016987894,0.09090909090909091,0.1764705882352941,0.17391304347826086,0.08695652173913043,0.1111111111111111,0.08571428571428572,0,0,0.6,0.2727272727272727,0,1,0,0.027350427350427354,0.02631578947368421,0.029914529914529912,0.017094017094017092,0.47619047619047616,0.5,0.4375,0.07692307692307693,0.0,1.0165738195623526,-1.319153561741352,0.0,0.0625,-0.19704223065750576,1.1889809284049195,0.3397657069672317,0.3197053690672887,0.3405289239654798,2
1.0,1.0738402818555488,0.3783783783783784,62,45,0.848840709928379,0.7854555477110323,8,28,42,41,0.42105263157894735,0.6842105263157894,0.7024432050920628,0.7830935928200902,0.05070046793783807,0.321864235874236,2.0,2.0,2.48,3.18,2.75,0,0.21153846153846156,0.09090909090909091,0.19999999999999998,0.1111111111111111,0.020361898296886314,-0.16728058569540497,0.15151515151515152,0.08823529411764705,0.043478260869565216,0.17391304347826086,0.1388888888888889,0.14285714285714285,0,0,0.8,0.2727272727272727,0,0,1,0.03492063492063492,0.022556390977443608,0.04365079365079365,0.008818342151675485,0.5714285714285714,0.7727272727272727,0.375,0.07692307692307693,0.0,0.5436170026003019,1.0358181612308648,0.0,0.0625,0.912209933071539,-0.6084031264195557,0.37107548046481,0.3439954442646495,0.28492907527054057,0
1.0,1.0738402818555488,0.3783783783783784,3,45,0.8831965326804802,0.8265369664638684,18,41,42,41,0.21052631578947367,0.736842105263158,0.6480876845347974,0.7857365966131702,-0.04154912763939278,-0.494389340217036,2.0,2.0,1.59,3.86,5.21,0,0.14423076923076925,0.14545454545454545,0.10909090909090909,0.17592592592592593,0.2690496854458869,-0.24907611246600414,0.18181818181818182,0.08823529411764705,0.08695652173913043,0.17391304347826086,0.08333333333333333,0.14285714285714285,0,0,0.8,0.2727272727272727,0,0,1,0.019047619047619046,0.03571428571428571,0.02976190476190476,0.014109347442680775,0.2857142857142857,0.5,0.25,0.0,0.0,-1.2693841290875596,0.9816997302711968,0.058823529411764705,0.0625,0.447657586893028,-0.36538524979645576,0.3359028311467437,0.32318852286576705,0.3409086459874893,0
1.0,1.0738402818555488,0.3783783783783784,44,45,0.8991658406776509,0.9711241625770142,48,16,42,41,0.9473684210526316,0.7894736842105263,0.7657007387172505,0.7544137449486421,0.00039884696844762093,0.14595314600119833,0.0,1.0,2.82,3.28,2.38,0,0.125,0.14545454545454545,0.19999999999999998,0.19444444444444442,-0.7257014631501156,-0.41266716600720255,0.030303030303030304,0.08823529411764705,0.21739130434782608,0.17391304347826086,0.16666666666666666,0.14285714285714285,0,0,0.8,0.2727272727272727,0,1,0,0.03492063492063492,0.039473684210526314,0.025793650793650792,0.014109347442680775,0.0,0.0,0.0,0.0,0.14285714285714285,1.481319580674368,1.5048445628813205,0.058823529411764705,0.0,-1.0741366324092922,0.35111132787943317,0.3685266212680483,0.32507315396417846,0.3064002247677731,2
1.0,1.0739870816206696,0.3783783783783784,8,45,0.8359939086845781,0.7457666073322966,2,19,42,41,0.2631578947368421,0.5789473684210527,0.7400437084584428,0.6279901310033653,-0.7302690774634909,-0.41038448802592153,3.0,1.0,1.59,3.64,5.79,0,0.16346153846153846,0.09999999999999999,0.12727272727272726,0.12962962962962962,0.2690496854458869,-0.24907611246600414,0.18181818181818182,0.11764705882352941,0.043478260869565216,0.13043478260869565,0.1388888888888889,0.11428571428571428,0,0,0.8333333333333334,0.2727272727272727,1,0,0,0.022222222222222223,0.02631578947368421,0.03373015873015873,0.009700176366843033,0.2857142857142857,0.18181818181818182,0.125,0.0,0.0,-0.9754283296562852,0.15680364624959167,0.058823529411764705,0.0,-0.34056494460034203,-0.15393235201103156,0.34568273756889506,0.3246750562922156,0.32964220613888917,1
1.0,1.0739870816206696,0.3783783783783784,81,45,0.9081252463590347,0.8071458190976468,13,46,42,41,0.8421052631578947,0.47368421052631576,0.8017383575793147,0.6841173416118116,0.06204760717214169,-0.3234294090761925,1.0,0.0,2.14,3.21,3.34,0,0.07692307692307693,0.16363636363636364,0.09999999999999999,0.16666666666666666,-0.22832588885211433,-0.0036895321542065413,0.06060606060606061,0.11764705882352941,0.2608695652173913,0.17391304347826086,0.1111111111111111,0.11428571428571428,0,0,0.8333333333333334,0.2727272727272727,1,0,0,0.01746031746031746,0.03383458646616541,0.015873015873015872,0.015873015873015872,0.7619047619047619,0.2272727272727273,0.5625,0.0,0.07142857142857142,-0.05414786328229022,0.6389496675266335,0.0,0.0,-0.47665011472184465,-0.2644503426065285,0.38265930363809025,0.33422416868872556,0.28311652767318407,1
1.0,1.0739870816206696,0.3783783783783784,11,45,0.8727096040101687,0.8726976679861451,26,14,42,41,0.8421052631578947,0.3157894736842105,0.7912520384988702,0.6560066206545649,-0.09022544918352936,-0.06663921316218156,1.0,0.0,1.87,3.27,4.16,0,0.13461538461538464,0.13636363636363635,0.14545454545454545,0.1111111111111111,-0.14542995980244744,0.24169704815759105,0.09090909090909091,0.14705882352941177,0.17391304347826086,0.17391304347826086,0.1388888888888889,0.08571428571428572,0,0,0.8333333333333334,0.2727272727272727,1,0,0,0.025396825396825397,0.022556390977443608,0.027777777777777776,0.013227513227513227,0.5714285714285714,0.36363636363636365,0.25,0.0,0.07142857142857142,-0.05414786328229022,-0.5336163365995049,0.058823529411764705,0.0,-0.3730983847454592,-0.3980231038388358,0.3451376623661715,0.3217599088493037,0.3331024287845248,1
1.0,1.0739870816206696,0.3783783783783784,59,45,0.7213298226580008,0.351330443528453,38,33,42,41,0.3684210526315789,0.0,0.7620625463107176,0.8468487211442086,-1.5309207454634102,0.11706906889102064,0.0,1.0,2.8,3.13,2.48,0,0.14423076923076925,0.19999999999999998,0.12727272727272726,0.09259259259259259,0.1032578273465532,0.9778567890929838,0.15151515151515152,0.2647058823529412,0.08695652173913043,0.08695652173913043,0.1388888888888889,0.02857142857142857,0,0,0.8333333333333334,0.2727272727272727,0,1,0,0.022222222222222223,0.018796992481203006,0.02976190476190476,0.019400352733686066,0.19047619047619047,0.2727272727272727,0.25,0.07692307692307693,0.07142857142857142,-0.34317702920354365,-1.6340244327794198,0.0,0.0,-0.242762558868157,2.3268916584530923,0.34846661063325346,0.3384228832022192,0.3131105061645272,2
1.0,1.0739870816206696,0.3783783783783784,25,45,0.8906699507359097,0.9156559984339911,45,47,42,41,0.2631578947368421,0.894736842105263,0.8117269675407692,0.7964684833870479,-0.05897178147142172,0.0030057574566877978,1.0,0.0,1.95,3.29,3.83,0,0.15384615384615385,0.11818181818181818,0.09999999999999999,0.15740740740740738,0.4348415435452207,-0.33087163923660334,0.18181818181818182,0.058823529411764705,0.08695652173913043,0.13043478260869565,0.1111111111111111,0.17142857142857143,0,0,0.8333333333333334,0.2727272727272727,1,0,0,0.01746031746031746,0.03195488721804511,0.031746031746031744,0.01146384479717813,0.0,0.09090909090909091,0.0,0.0,0.07142857142857142,-1.6257439529791051,0.5700716644870562,0.11764705882352941,0.0,0.11663570628576435,-0.04332499875235545,0.3613284456820919,0.30948731100251015,0.3291842433153981,1
1.0,1.07413388138579,0.3783783783783784,39,45,0.886124194807291,0.8568229372485967,4,21,42,41,0.736842105263158,0.05263157894736842,0.8022731628059823,0.8585953647448308,0.34530914590937506,0.1415306431307776,0.0,4.0,4.6,3.47,1.74,0,0.13461538461538464,0.18181818181818182,0.13636363636363635,0.09259259259259259,-0.06253403075278056,0.8142657355517854,0.12121212121212122,0.20588235294117646,0.08695652173913043,0.08695652173913043,0.16666666666666666,0.05714285714285714,0,0,0.8666666666666667,0.2727272727272727,0,1,0,0.023809523809523808,0.018796992481203006,0.027777777777777776,0.01763668430335097,0.7142857142857142,0.8181818181818182,0.5625,0.0,0.21428571428571427,0.01810942819802284,-0.7484501079848533,0.11764705882352941,0.0,-0.4857313637730517,2.193540196245341,0.34249720099708003,0.32720975391661017,0.33029304508630963,2
1.0,1.07413388138579,0.3783783783783784,44,45,0.8991658406776509,0.9711241625770142,22,12,42,41,0.10526315789473684,1.0,0.7657007387172505,0.6847173196414247,-0.05163552458161856,0.3869118479058305,2.0,1.0,1.28,5.27,9.42,0,0.20192307692307693,0.09999999999999999,0.13636363636363635,0.2037037037037037,0.5177374725948876,-0.9034403266307978,0.21212121212121213,0.029411764705882353,0.08695652173913043,0.21739130434782608,0.08333333333333333,0.14285714285714285,0,0,0.8666666666666667,0.2727272727272727,1,0,0,0.023809523809523808,0.041353383458646614,0.041666666666666664,0.009700176366843033,0.19047619047619047,0.36363636363636365,0.3125,0.07692307692307693,0.0,-1.3728434327980084,0.21584193456922918,0.0,0.125,1.371652223726995,-1.874525854039629,0.3290809111375469,0.3165032545013675,0.3544158343610855,1
1.0,1.0748678802113916,0.40540540540540543,62,45,0.848840709928379,0.7854555477110323,8,48,42,41,0.3684210526315789,0.9473684210526316,0.7024432050920628,0.7964684833870479,0.05070046793783807,0.0030057574566877978,1.0,2.0,1.53,3.98,5.69,0,0.23076923076923078,0.11818181818181818,0.21818181818181817,0.21296296296296297,0.020361898296886314,-0.8216447998601986,0.15151515151515152,0.029411764705882353,0.08695652173913043,0.21739130434782608,0.1388888888888889,0.19999999999999998,0,0,0.03333333333333333,0.36363636363636365,0,1,0,0.035555555555555556,0.04035087719298246,0.044444444444444446,0.010699588477366255,0.0,0.0,0.0,0.0,0.0,0.45165317707990277,1.4965186504259866,0.0,0.125,0.8669304459077969,-1.2332885225180221,0.3665609440130352,0.3010557622004669,0.3323832937864978,2
1.0,1.0748678802113916,0.40540540540540543,49,45,0.8365945588214728,0.6811110161892913,19,14,42,41,0.631578947368421,0.3157894736842105,0.6247902593092511,0.6560066206545649,-0.4676350762663283,-0.06663921316218156,4.0,1.0,2.16,3.01,3.52,0,0.11538461538461539,0.13636363636363635,0.15454545454545454,0.12037037037037036,-0.3941177469514481,0.15990152138699185,0.12121212121212122,0.14705882352941177,0.13043478260869565,0.17391304347826086,0.1388888888888889,0.11428571428571428,0,0,0.03333333333333333,0.36363636363636365,1,0,0,0.025185185185185185,0.022807017543859647,0.022222222222222223,0.012345679012345678,0.3333333333333333,0.13636363636363635,0.25,0.0,0.0,0.14455968828857127,-0.568307638496728,0.058823529411764705,0.0625,-0.3677556732490341,-0.5846885533412094,0.34125081281158576,0.3331070644595852,0.3256421227288289,1
1.0,1.0748678802113916,0.40540540540540543,0,45,0.8822211462804724,0.75495318851006,33,41,42,41,0.0,0.8421052631578947,0.8425294354759691,0.7857365966131702,0.07121797623870507,-0.494389340217036,1.0,1.0,1.55,3.79,6.06,0,0.22115384615384617,0.16363636363636364,0.09090909090909091,0.19444444444444442,1.0980089759425558,-0.24907611246600414,0.30303030303030304,0.08823529411764705,0.08695652173913043,0.21739130434782608,0.027777777777777776,0.14285714285714285,0,0,0.03333333333333333,0.36363636363636365,0,0,1,0.014814814814814815,0.03684210526315789,0.04259259259259259,0.014814814814814814,0.42857142857142855,0.5,0.25,0.15384615384615385,0.0,-1.6938325545663233,0.9636602532846411,0.0,0.0,2.4784559507615844,-0.3393428472556896,0.337435295924576,0.31625845743366615,0.3463062466417578,0
1.0,1.075014679976512,0.40540540540540543,8,45,0.8359939086845781,0.7457666073322966,2,26,42,41,0.21052631578947367,0.5789473684210527,0.7400437084584428,0.7964684833870479,-0.7302690774634909,-0.04095900311107167,0.0,0.0,1.72,3.36,4.98,0,0.19230769230769232,0.13636363636363635,0.13636363636363635,0.14814814814814814,0.4348415435452207,-0.08548505892480573,0.21212121212121213,0.11764705882352941,0.043478260869565216,0.17391304347826086,0.1388888888888889,0.14285714285714285,0,0,0.06666666666666668,0.36363636363636365,0,0,1,0.022222222222222223,0.028070175438596495,0.037037037037037035,0.012345679012345678,0.42857142857142855,0.5909090909090909,0.1875,0.07692307692307693,0.07142857142857142,-0.9934926525263635,0.04780988319795319,0.0,0.0,-0.09918336700673995,-0.21173764008947288,0.36640967254436957,0.3402067139223474,0.29338361353328307,0
1.0,1.075014679976512,0.40540540540540543,2,45,0.7921775400036931,0.542089818812117,12,38,42,41,1.0,0.42105263157894735,0.6804606311117574,0.767362555943629,0.3468926840148598,-1.4511762319523853,1.0,2.0,4.04,3.36,1.87,0,0.11538461538461539,0.13636363636363635,0.21818181818181817,0.1388888888888889,-0.9743892502991163,-0.0036895321542065413,0.030303030303030304,0.14705882352941177,0.21739130434782608,0.08695652173913043,0.16666666666666666,0.17142857142857143,0,0,0.06666666666666668,0.36363636363636365,0,1,0,0.035555555555555556,0.02631578947368421,0.022222222222222223,0.012345679012345678,0.09523809523809523,0.045454545454545456,0.0,0.0,0.0,0.3432672398594328,-0.3684857395687229,0.1764705882352941,0.0625,-1.9386304085069743,-0.36947155175768503,0.3714852248672717,0.3424542785291163,0.2860604966036121,2
1.0,1.075014679976512,0.40540540540540543,39,45,0.886124194807291,0.8568229372485967,16,4,42,41,0.631578947368421,0.7894736842105263,0.7477073007167834,0.8064022593762237,0.10072630529536342,0.3853618097231227,1.0,3.0,1.82,3.29,4.45,0,0.16346153846153846,0.12727272727272726,0.1909090909090909,0.17592592592592593,-0.3112218179017812,-0.41266716600720255,0.12121212121212122,0.11764705882352941,0.17391304347826086,0.08695652173913043,0.1388888888888889,0.19999999999999998,0,0,0.06666666666666668,0.36363636363636365,0,1,0,0.03111111111111111,0.03333333333333333,0.03148148148148148,0.011522633744855966,0.5714285714285714,0.5909090909090909,0.5,0.23076923076923078,0.0,1.4576970046134958,0.08111353301928718,0.0,0.1875,0.5248683470493583,-0.6631883504198017,0.35329058885466696,0.3271724872999431,0.31953692384538995,2
1.0,1.075014679976512,0.40540540540540543,44,45,0.8991658406776509,0.9711241625770142,21,46,42,41,0.05263157894736842,0.631578947368421,0.8539740249683285,0.6841173416118116,0.09620822187325515,-0.3234294090761925,2.0,2.0,1.43,4.22,7.05,0,0.23076923076923078,0.16363636363636364,0.09090909090909091,0.17592592592592593,1.1809049049922227,-0.08548505892480573,0.24242424242424243,0.11764705882352941,0.08695652173913043,0.17391304347826086,0.05555555555555555,0.14285714285714285,0,0,0.06666666666666668,0.36363636363636365,0,0,1,0.014814814814814815,0.03333333333333333,0.044444444444444446,0.014814814814814814,0.6190476190476191,0.18181818181818182,1.0,0.3076923076923077,0.0,-0.8670423924358153,0.5640164554286312,0.0,0.0625,2.397330743266003,-0.46072715327149316,0.3660977863350941,0.34129628434685255,0.29260592931805335,0
1.0,1.075014679976512,0.40540540540540543,20,45,0.8729090091420953,0.840985657625906,28,22,42,41,0.8421052631578947,0.10526315789473684,0.7780716141907609,0.7711162314499898,0.2804392421113345,-0.003185452608183245,2.0,0.0,2.17,3.16,3.32,0,0.11538461538461539,0.20909090909090908,0.12727272727272726,0.14814814814814814,-0.14542995980244744,0.5688791552399878,0.09090909090909091,0.23529411764705882,0.21739130434782608,0.08695652173913043,0.1388888888888889,0.08571428571428572,0,0,0.06666666666666668,0.36363636363636365,1,0,0,0.02074074074074074,0.028070175438596495,0.022222222222222223,0.018930041152263374,0.8095238095238095,0.6818181818181819,0.5625,0.0,0.14285714285714285,0.9908037365868559,-1.400898884030081,0.0,0.0,-0.539754732143793,1.4055210342824087,0.33127594997111676,0.3201738434994253,0.34855020652945784,1
1.0,1.075014679976512,0.40540540540540543,25,45,0.8906699507359097,0.9156559984339911,45,18,42,41,0.15789473684210525,0.2631578947368421,0.8117269675407692,0.6524764519488098,-0.05897178147142172,0.006687565497441135,2.0,2.0,1.98,3.38,3.6,0,0.16346153846153846,0.15454545454545454,0.09999999999999999,0.12962962962962962,0.5177374725948876,0.24169704815759105,0.21212121212121213,0.1764705882352941,0.08695652173913043,0.13043478260869565,0.1111111111111111,0.08571428571428572,0,0,0.06666666666666668,0.36363636363636365,0,0,1,0.016296296296296295,0.024561403508771926,0.03148148148148148,0.013991769547325101,0.7142857142857142,0.2727272727272727,0.375,0.07692307692307693,0.0,-1.5937839971320433,-1.2732348930483,0.0,0.0,0.29966841973509667,0.38881378809620026,0.3469309237959689,0.3355840074378287,0.31748506876620225,0
1.0,1.0751614797416327,0.40540540540540543,44,45,0.8991658406776509,0.9711241625770142,47,13,42,41,0.9473684210526316,0.7894736842105263,0.7657007387172505,0.80654580800737,0.00039884696844762093,0.10809269999060549,2.0,1.0,2.56,2.91,2.88,0,0.125,0.08181818181818182,0.16363636363636364,0.10185185185185185,-0.3941177469514481,-0.16728058569540497,0.06060606060606061,0.08823529411764705,0.13043478260869565,0.2608695652173913,0.19444444444444442,0.11428571428571428,0,0,0.1,0.36363636363636365,1,0,0,0.02666666666666667,0.019298245614035085,0.024074074074074074,0.007407407407407407,0.047619047619047616,0.045454545454545456,0.0,0.0,0.07142857142857142,0.6322964057806861,0.04780988319795319,0.058823529411764705,0.0,-0.19777986810183584,-0.30473217921527745,0.36085277881464545,0.32975715955704826,0.30939006162830646,1
1.0,1.0758954785672343,0.43243243243243246,48,45,0.8400699646473958,0.708418767979448,14,28,42,41,0.3684210526315789,0.5789473684210527,0.6504109653283912,0.7830935928200902,-0.11646066817777731,0.321864235874236,2.0,2.0,2.66,3.06,2.66,0,0.15384615384615385,0.12727272727272726,0.15454545454545454,0.12962962962962962,-0.06253403075278056,-0.0036895321542065413,0.15151515151515152,0.11764705882352941,0.17391304347826086,0.21739130434782608,0.1388888888888889,0.14285714285714285,0,0,0.26666666666666666,0.36363636363636365,0,0,1,0.02361111111111111,0.023026315789473683,0.027777777777777776,0.010802469135802469,0.19047619047619047,0.5454545454545454,0.5625,0.0,0.07142857142857142,-0.6064000195961134,1.0100474798214996,0.11764705882352941,0.0,-0.8163956455759899,-0.24110948918696914,0.3591994930109198,0.32354701864958374,0.31725348833949646,0
1.0,1.0758954785672343,0.43243243243243246,44,45,0.8991658406776509,0.9711241625770142,22,19,42,41,0.10526315789473684,0.42105263157894735,0.7657007387172505,0.6279901310033653,-0.05163552458161856,-0.41038448802592153,2.0,2.0,1.49,4.1,6.22,0,0.22115384615384617,0.14545454545454545,0.16363636363636364,0.16666666666666666,0.4348415435452207,-0.16728058569540497,0.24242424242424243,0.14705882352941177,0.08695652173913043,0.13043478260869565,0.1111111111111111,0.14285714285714285,0,0,0.26666666666666666,0.36363636363636365,0,0,1,0.025,0.029605263157894735,0.03993055555555555,0.012345679012345678,0.38095238095238093,0.3181818181818182,0.6875,0.0,0.07142857142857142,-1.4425201067254534,0.16437265757262257,0.058823529411764705,0.0,1.1220545678859026,-0.1401464073387631,0.3659360697828563,0.32528240874994657,0.3087815214671972,0
1.0,1.0760422783323547,0.43243243243243246,39,45,0.886124194807291,0.8568229372485967,4,8,42,41,0.5789473684210527,0.5263157894736843,0.8022731628059823,0.7069222968863127,0.34530914590937506,0.09698561073474696,1.0,1.0,2.15,3.29,3.22,0,0.16346153846153846,0.22727272727272727,0.18181818181818182,0.24074074074074073,-0.22832588885211433,-0.08548505892480573,0.15151515151515152,0.14705882352941177,0.08695652173913043,0.08695652173913043,0.19444444444444442,0.17142857142857143,0,0,0.3,0.36363636363636365,0,0,1,0.02777777777777778,0.042763157894736836,0.029513888888888888,0.019290123456790122,0.6190476190476191,0.7272727272727273,0.4375,0.07692307692307693,0.0,0.1368178356299661,0.36419455650062693,0.0,0.0625,-0.33942864508170795,0.5545509847405584,0.3613284456820919,0.30948731100251015,0.3291842433153981,0
1.0,1.0760422783323547,0.43243243243243246,81,45,0.9081252463590347,0.8071458190976468,13,45,42,41,0.8421052631578947,0.15789473684210525,0.8017383575793147,0.8181740415776895,0.06204760717214169,-0.010366510176650773,3.0,2.0,2.04,3.08,3.8,0,0.09615384615384616,0.17272727272727273,0.11818181818181818,0.12037037037037036,-0.22832588885211433,0.48708362846938863,0.09090909090909091,0.20588235294117646,0.2608695652173913,0.13043478260869565,0.1388888888888889,0.11428571428571428,0,0,0.3,0.36363636363636365,1,0,0,0.018055555555555557,0.021381578947368418,0.017361111111111112,0.014660493827160493,0.5714285714285714,0.5,1.0,0.0,0.0,0.10585042499554623,-1.5876372062425614,0.058823529411764705,0.0,-0.4636509325776603,0.2677784689026835,0.35752608993129165,0.3295998227804062,0.31287408728830196,1
1.0,1.0760422783323547,0.43243243243243246,3,45,0.8831965326804802,0.8265369664638684,18,16,42,41,0.2631578947368421,0.7894736842105263,0.6480876845347974,0.7544137449486421,-0.04154912763939278,0.14595314600119833,1.0,2.0,1.93,3.45,3.69,0,0.1826923076923077,0.16363636363636364,0.14545454545454545,0.2222222222222222,0.2690496854458869,-0.49446269277780175,0.18181818181818182,0.11764705882352941,0.17391304347826086,0.17391304347826086,0.08333333333333333,0.17142857142857143,0,0,0.3,0.36363636363636365,0,1,0,0.022222222222222223,0.039473684210526314,0.03298611111111111,0.013888888888888888,0.14285714285714285,0.5,0.4375,0.0,0.0,-1.2769635652568234,1.381145292116365,0.0,0.0625,0.4218194525266305,0.1932142515877557,0.36375500675352557,0.33619631634353814,0.3000486769029362,2
1.0,1.0760422783323547,0.43243243243243246,11,45,0.8727096040101687,0.8726976679861451,26,21,42,41,0.7894736842105263,0.05263157894736842,0.7912520384988702,0.8585953647448308,-0.09022544918352936,0.1415306431307776,0.0,1.0,3.9,3.3,1.91,0,0.14423076923076925,0.23636363636363636,0.14545454545454545,0.1111111111111111,-0.06253403075278056,1.1414478426341823,0.12121212121212122,0.23529411764705882,0.21739130434782608,0.13043478260869565,0.1388888888888889,0.05714285714285714,0,0,0.3,0.36363636363636365,0,1,0,0.022222222222222223,0.019736842105263157,0.026041666666666664,0.020061728395061727,0.8571428571428571,0.7727272727272727,0.5625,0.0,0.0,0.04391560372670646,-0.9512996114420703,0.0,0.0,-0.17830784910474007,2.271505574614131,0.35874417973670636,0.3135149745713686,0.327740845691925,2
1.0,1.0760422783323547,0.43243243243243246,72,45,0.7897159457435472,0.48718942723050596,41,38,42,41,0.8421052631578947,0.3157894736842105,0.7793129520507092,0.767362555943629,-0.5534554682890978,-1.4511762319523853,2.0,0.0,2.11,3.3,3.32,0,0.1826923076923077,0.15454545454545454,0.19999999999999998,0.14814814814814814,-0.22832588885211433,0.07810599461639266,0.09090909090909091,0.1764705882352941,0.2608695652173913,0.08695652173913043,0.1388888888888889,0.17142857142857143,0,0,0.3,0.36363636363636365,1,0,0,0.030555555555555558,0.02631578947368421,0.03298611111111111,0.013117283950617283,0.09523809523809523,0.18181818181818182,0.3125,0.0,0.07142857142857142,0.9729379227593065,-0.38156931628424734,0.0,0.0,-0.23841475963722972,-0.23431227305630012,0.3531722339657328,0.3268805847101693,0.319947181324098,1
1.0,1.0760422783323547,0.43243243243243246,44,45,0.8991658406776509,0.9711241625770142,47,12,42,41,0.894736842105263,1.0,0.7657007387172505,0.6847173196414247,0.00039884696844762093,0.3869118479058305,1.0,1.0,1.44,4.25,6.83,0,0.14423076923076925,0.11818181818181818,0.17272727272727273,0.24074074074074073,-0.3112218179017812,-1.0670313801719962,0.09090909090909091,0.029411764705882353,0.13043478260869565,0.21739130434782608,0.19444444444444442,0.19999999999999998,0,0,0.3,0.36363636363636365,0,0,1,0.02638888888888889,0.042763157894736836,0.026041666666666664,0.010030864197530864,0.0,0.0,0.0,0.07692307692307693,0.0,0.7073328238563966,0.4641055059646293,0.0,0.25,-0.012692943682193265,-2.084795001152154,0.3562695899931519,0.3341699159116853,0.30956049409516284,0
1.0,1.0760422783323547,0.43243243243243246,44,45,0.8991658406776509,0.9711241625770142,48,33,42,41,0.9473684210526316,0.0,0.7657007387172505,0.8468487211442086,0.00039884696844762093,0.11706906889102064,1.0,1.0,3.9,3.38,1.9,0,0.14423076923076925,0.21818181818181817,0.21818181818181817,0.10185185185185185,-0.7257014631501156,1.059652315863583,0.06060606060606061,0.29411764705882354,0.21739130434782608,0.13043478260869565,0.19444444444444442,0.02857142857142857,0,0,0.3,0.36363636363636365,0,0,1,0.03333333333333333,0.018092105263157895,0.026041666666666664,0.018518518518518517,0.0,0.0,0.0,0.07692307692307693,0.0,1.499383903544446,-1.726798885853136,0.0,0.0,-0.9373895140203988,2.3527122760263177,0.36276847438644255,0.315503320621233,0.3217282049923244,0
1.0,1.0761890780974754,0.43243243243243246,70,45,0.8248847439833021,0.5564847922696696,46,2,42,41,0.7894736842105263,0.21052631578947367,0.6794852216075966,0.7468494646919039,-0.37880069623719514,-0.6674624380436176,1.0,0.0,1.79,3.34,4.48,0,0.19230769230769232,0.18181818181818182,0.1909090909090909,0.1388888888888889,-0.06253403075278056,0.4052881016987894,0.12121212121212122,0.20588235294117646,0.21739130434782608,0.08695652173913043,0.1388888888888889,0.14285714285714285,0,0,0.3333333333333333,0.36363636363636365,1,0,0,0.029166666666666667,0.024671052631578948,0.034722222222222224,0.015432098765432098,0.14285714285714285,0.4090909090909091,0.25,0.0,0.0,0.5393941738774262,-1.0155280789546435,0.0,0.0,-0.36008793222368934,-0.13333587198410396,0.36375500675352557,0.33619631634353814,0.3000486769029362,1
1.0,1.076923076923077,0.4594594594594595,39,45,0.886124194807291,0.8568229372485967,4,47,42,41,0.631578947368421,0.894736842105263,0.8022731628059823,0.7964684833870479,0.34530914590937506,0.0030057574566877978,3.0,1.0,1.95,3.28,3.83,0,0.17307692307692307,0.14545454545454545,0.1909090909090909,0.18518518518518517,-0.22832588885211433,-0.33087163923660334,0.15151515151515152,0.08823529411764705,0.13043478260869565,0.17391304347826086,0.19444444444444442,0.19999999999999998,0,0,0.5,0.36363636363636365,1,0,0,0.027450980392156866,0.030959752321981424,0.029411764705882353,0.011619462599854755,0.047619047619047616,0.0,0.0625,0.0,0.0,0.13372109456652412,0.7626489382915888,0.0,0.0,-0.31687080822572056,-0.0999119037293669,0.35688289765172526,0.3268160736128502,0.3163010287354245,1
1.0,1.076923076923077,0.4594594594594595,44,45,0.8991658406776509,0.9711241625770142,22,45,42,41,0.10526315789473684,0.15789473684210525,0.7657007387172505,0.8181740415776895,-0.05163552458161856,-0.010366510176650773,2.0,1.0,1.7,3.62,4.67,0,0.2403846153846154,0.1909090909090909,0.18181818181818182,0.14814814814814814,0.4348415435452207,0.4052881016987894,0.24242424242424243,0.20588235294117646,0.13043478260869565,0.13043478260869565,0.1111111111111111,0.14285714285714285,0,0,0.5,0.36363636363636365,1,0,0,0.026143790849673203,0.024767801857585134,0.04084967320261438,0.015250544662309368,0.9047619047619047,0.6818181818181819,0.625,0.0,0.0,-1.4703907762964314,-1.5907296880116852,0.0,0.0625,1.0836305797809045,0.05050538710398443,0.35957261005135327,0.336535679031159,0.3038917109174878,1
1.0,1.076923076923077,0.4594594594594595,20,45,0.8729090091420953,0.840985657625906,28,46,42,41,0.6842105263157894,0.42105263157894735,0.7780716141907609,0.6841173416118116,0.2804392421113345,-0.3234294090761925,4.0,1.0,1.91,3.27,4.01,0,0.15384615384615385,0.1909090909090909,0.14545454545454545,0.19444444444444442,0.020361898296886314,-0.0036895321542065413,0.12121212121212122,0.14705882352941177,0.2608695652173913,0.21739130434782608,0.1388888888888889,0.14285714285714285,0,0,0.5,0.36363636363636365,1,0,0,0.02091503267973856,0.032507739938080496,0.026143790849673196,0.015250544662309368,0.7142857142857142,0.4545454545454546,0.3125,0.0,0.07142857142857142,0.9430027591460335,0.5740075503750318,0.0,0.0,-0.22769333710875925,-0.18859932063962218,0.34267497871460995,0.3220969272332608,0.3352280940521293,1
1.0,1.0770698766881974,0.4594594594594595,8,45,0.8359939086845781,0.7457666073322966,2,21,42,41,0.21052631578947367,0.05263157894736842,0.7400437084584428,0.8585953647448308,-0.7302690774634909,0.1415306431307776,1.0,1.0,3.5,3.17,2.08,0,0.19230769230769232,0.24545454545454545,0.14545454545454545,0.1111111111111111,0.35194561449555384,1.2232433694047815,0.21212121212121213,0.2647058823529412,0.08695652173913043,0.13043478260869565,0.16666666666666666,0.05714285714285714,0,0,0.5333333333333333,0.36363636363636365,0,0,1,0.02091503267973856,0.018575851393188854,0.032679738562091505,0.019607843137254898,0.47619047619047616,0.4090909090909091,0.3125,0.0,0.07142857142857142,-1.0512984857106142,-1.0309904878002627,0.058823529411764705,0.0,-0.30431506052083984,2.3755068472425793,0.34071961631124914,0.3173958208246117,0.34188456286413926,0
1.0,1.0770698766881974,0.4594594594594595,62,45,0.848840709928379,0.7854555477110323,8,13,42,41,0.6842105263157894,0.7894736842105263,0.7024432050920628,0.80654580800737,0.05070046793783807,0.10809269999060549,3.0,1.0,2.59,3.07,2.74,0,0.25,0.11818181818181818,0.24545454545454545,0.1388888888888889,-0.06253403075278056,-0.16728058569540497,0.15151515151515152,0.11764705882352941,0.13043478260869565,0.2608695652173913,0.16666666666666666,0.14285714285714285,0,0,0.5333333333333333,0.36363636363636365,1,0,0,0.03529411764705882,0.023219814241486066,0.04248366013071895,0.009440813362381988,0.6666666666666666,0.5454545454545454,0.75,0.0,0.07142857142857142,0.3226222994364862,0.18435484746542297,0.0,0.0,0.5660822623239836,-0.27085545898406566,0.3701951128545368,0.311275085738631,0.31852980140683224,1
1.0,1.0770698766881974,0.4594594594594595,2,45,0.7921775400036931,0.542089818812117,12,48,42,41,1.0,0.9473684210526316,0.6804606311117569,0.7964684833870479,0.3468926840148598,0.0030057574566877978,2.0,3.0,2.46,3.21,2.76,0,0.13461538461538464,0.14545454545454545,0.24545454545454545,0.23148148148148145,-1.0572851793487832,-0.7398492730895994,0.030303030303030304,0.058823529411764705,0.2608695652173913,0.2608695652173913,0.19444444444444442,0.19999999999999998,0,0,0.5333333333333333,0.36363636363636365,0,1,0,0.03529411764705882,0.03869969040247678,0.02287581699346405,0.011619462599854755,0.0,0.0,0.0,0.0,0.0,0.554877879194636,1.5120603536759425,0.0,0.0,-2.0158728579103933,-0.8778372442316154,0.3415359492980815,0.329336789956191,0.3291272607457276,2
1.0,1.0770698766881974,0.4594594594594595,3,45,0.8831965326804802,0.8265369664638684,18,26,42,41,0.2631578947368421,0.8421052631578947,0.6480876845347974,0.7964684833870479,-0.04154912763939278,-0.04095900311107167,1.0,1.0,1.64,3.85,4.78,0,0.19230769230769232,0.13636363636363635,0.16363636363636364,0.15740740740740738,0.18615375639622006,-0.16728058569540497,0.18181818181818182,0.11764705882352941,0.17391304347826086,0.21739130434782608,0.1111111111111111,0.17142857142857143,0,0,0.5333333333333333,0.36363636363636365,0,0,1,0.023529411764705882,0.02631578947368421,0.032679738562091505,0.010893246187363833,0.5238095238095237,0.6818181818181819,0.1875,0.0,0.0,-1.2721993482361433,0.11219693951919892,0.058823529411764705,0.0625,0.21425489761347952,-0.3093930211095958,,,,0
1.0,1.0770698766881974,0.4594594594594595,0,45,0.8822211462804724,0.75495318851006,33,16,42,41,0.0,0.6842105263157894,0.8425294354759691,0.7544137449486421,0.07121797623870507,0.14595314600119833,1.0,1.0,1.88,3.33,3.98,0,0.2403846153846154,0.18181818181818182,0.10909090909090909,0.23148148148148145,1.0980089759425558,-0.41266716600720255,0.30303030303030304,0.14705882352941177,0.17391304347826086,0.17391304347826086,0.027777777777777776,0.17142857142857143,0,0,0.5333333333333333,0.36363636363636365,0,0,1,0.015686274509803925,0.03869969040247678,0.04084967320261438,0.014524328249818445,0.6190476190476191,0.5909090909090909,0.5625,0.0,0.07142857142857142,-1.7738714005137473,1.3533129561942503,0.0,0.0,2.3229394793106497,0.3988829355361658,,,,0
1.0,1.0770698766881974,0.4594594594594595,59,45,0.7213298226580008,0.351330443528453,38,19,42,41,0.47368421052631576,0.6842105263157894,0.7620625463107176,0.6279901310033653,-1.5309207454634102,-0.41038448802592153,2.0,0.0,1.54,4.01,5.6,0,0.16346153846153846,0.16363636363636364,0.16363636363636364,0.18518518518518517,-0.06253403075278056,-0.16728058569540497,0.18181818181818182,0.14705882352941177,0.08695652173913043,0.17391304347826086,0.19444444444444442,0.14285714285714285,0,0,0.5333333333333333,0.36363636363636365,1,0,0,0.023529411764705882,0.030959752321981424,0.027777777777777776,0.0130718954248366,0.09523809523809523,0.09090909090909091,0.0,0.0,0.0,-0.4298857789799197,0.11322776677557354,0.058823529411764705,0.0,-0.43974124751844035,-0.10207337955754679,,,,1
1.0,1.0770698766881974,0.4594594594594595,72,45,0.7897159457435472,0.48718942723050596,41,14,42,41,0.736842105263158,0.5263157894736843,0.7793129520507092,0.6560066206545649,-0.5534554682890978,-0.06663921316218156,0.0,3.0,1.55,3.85,5.79,0,0.20192307692307693,0.16363636363636364,0.19999999999999998,0.17592592592592593,-0.06253403075278056,-0.08548505892480573,0.12121212121212122,0.14705882352941177,0.2608695652173913,0.21739130434782608,0.1388888888888889,0.14285714285714285,0,0,0.5333333333333333,0.36363636363636365,0,1,0,0.028758169934640525,0.029411764705882353,0.03431372549019608,0.0130718954248366,0.47619047619047616,0.13636363636363635,0.3125,0.07692307692307693,0.0,0.9863571340342213,-0.6093821399430404,0.0,0.0,-0.006168477589780157,-0.8244346579302821,,,,2
