AvgCA,AvgCD,AvgCH,ano_campeonato,arbitro,colocacao_mandante,colocacao_visitante,data,derrotas_seguidas_mandante,derrotas_seguidas_visitante,estadio,gols_mandante,gols_visitante,resultado_partida,rodada,saldo_gols_mandante,saldo_gols_visitante,tecnico_mandante,tecnico_visitante,time_mandante,time_visitante,valor_equipe_titular_mandante,valor_equipe_titular_visitante,vitorias_seguidas_mandante,vitorias_seguidas_visitante,pred_resultado_partida,pred_gols_mandante,pred_gols_visitante
0.5025134927992577,0.2334086517959568,0.0946105696869833,0.9565217391304373,0.217391304347826,0.6521739130434783,0.0,0.9510059171597632,0.0,0.0,0.4698795180722891,0.4999999999999999,0.3333333333333333,1,0.0,0.022287186260137,-0.0081178081999676,0.1627906976744186,0.1620553359683794,0.3333333333333333,0.9791666666666666,0.7104144926027465,0.7628773276037466,0.0,0.0,,,
0.2633597508701388,0.1034987357343872,0.2206827344355966,0.9565217391304373,0.217391304347826,0.4347826086956522,0.4782608695652174,0.9510059171597632,0.0,0.0,0.4819277108433735,0.4999999999999999,0.0,1,0.0,0.022287186260137,-0.0081178081999676,0.1627906976744186,0.1620553359683794,0.4791666666666666,0.4583333333333333,0.6029337851190573,0.7486953755431458,0.0,0.0,,,
0.2283273427378551,0.1117348360266863,0.247163702588542,0.9565217391304373,0.217391304347826,0.3913043478260869,0.8260869565217391,0.9510059171597632,0.0,0.0,0.1325301204819277,0.4999999999999999,0.3333333333333333,1,0.0,0.022287186260137,-0.0081178081999676,0.1627906976744186,0.1620553359683794,0.5416666666666666,0.0833333333333333,0.7629424653732768,0.7891973588604653,0.0,0.0,,,
0.2963726016846874,0.1339684188642493,0.1857805326151629,0.9565217391304373,0.217391304347826,0.3043478260869565,0.5652173913043479,0.9510059171597632,0.0,0.0,0.2048192771084337,0.4999999999999999,0.0,1,0.0,0.022287186260137,-0.0081178081999676,0.1627906976744186,0.1620553359683794,0.6458333333333333,0.3958333333333333,0.5261887230427109,0.5878675359015431,0.0,0.0,,,
0.4262778013572661,0.180490139602538,0.1220225832744171,0.9565217391304373,0.217391304347826,0.0869565217391304,0.1304347826086956,0.9510059171597632,0.0,0.0,0.3012048192771084,0.0,0.0,0,0.0,0.022287186260137,-0.0081178081999676,0.1627906976744186,0.1620553359683794,0.9375,0.8958333333333333,0.7846211638656195,0.7039806050290525,0.0,0.0,1.0,0.37132903933525085,0.28108644485473633
0.3882487490159351,0.199124490272293,0.1282259815835157,0.9565217391304373,0.217391304347826,0.5217391304347826,0.3478260869565217,0.9511242603550296,0.0,0.0,0.5301204819277109,0.3154648767857286,0.3333333333333333,0,0.0,0.022287186260137,-0.0081178081999676,0.1627906976744186,0.1620553359683794,0.4375,0.5833333333333333,0.8390136229738718,0.7567835035834627,0.0,0.0,1.0,0.37132903933525085,0.28108644485473633
0.4454575267557689,0.2227354592427541,0.1093403967615045,0.9565217391304373,0.217391304347826,0.2608695652173913,0.782608695652174,0.9511242603550296,0.0,0.0,0.0,0.0,0.0,0,0.0,0.022287186260137,-0.0081178081999676,0.1627906976744186,0.1620553359683794,0.6875,0.1666666666666666,0.826791913282283,0.6912481344509829,0.0,0.0,1.0,0.37132903933525085,0.28108644485473633
0.275278321935605,0.1219154745029367,0.2042314979466188,0.9565217391304373,0.217391304347826,0.0434782608695652,0.1739130434782608,0.9511242603550296,0.0,0.0,0.8433734939759037,0.4999999999999999,0.3333333333333333,1,0.0,0.022287186260137,-0.0081178081999676,0.1627906976744186,0.1620553359683794,0.9583333333333331,0.8541666666666666,0.6520855474411051,0.7792042798437289,0.0,0.0,1.0,0.37132903933525085,0.28108641505241394
0.3758716965766855,0.2009649450398827,0.1328204410780215,0.9565217391304373,0.217391304347826,0.6086956521739131,0.6956521739130435,0.9512426035502956,0.0,0.0,0.036144578313253,0.3154648767857286,0.3333333333333333,0,0.0,0.022287186260137,-0.0081178081999676,0.1627906976744186,0.1620553359683794,0.375,0.2708333333333333,0.6299257717214009,0.7861966271491709,0.0,0.0,1.0,0.37132903933525085,0.28108641505241394
0.3385189298571052,0.1710124381692548,0.1536345126238203,0.9565217391304373,0.217391304347826,0.217391304347826,0.7391304347826086,0.9513609467455622,0.0,0.0,0.710843373493976,0.4999999999999999,0.5283208335737187,0,0.0,0.022287186260137,-0.0081178081999676,0.1627906976744186,0.1620553359683794,0.7916666666666666,0.2291666666666666,0.7322001131910822,0.6720064533443992,0.0,0.0,1.0,0.37132903933525085,0.28108644485473633
0.3147596906990093,0.1438795272252668,0.1734865272523655,0.9565217391304373,0.217391304347826,0.4347826086956522,0.0869565217391304,0.9518343195266272,0.0,0.0,0.4819277108433735,0.4999999999999999,0.0,1,0.0212765957446808,0.022287186260137,0.076600850264135,0.1627906976744186,0.1620553359683794,0.2291666666666666,0.5416666666666666,0.6681234068572837,0.7695631544060617,0.0,0.2559580248098154,1.0,0.37132903933525085,0.28108644485473633
0.4714811414469105,0.2730872623782883,0.0946105696869833,0.9565217391304373,0.217391304347826,0.4782608695652174,0.3043478260869565,0.9518343195266272,0.0,0.0,0.9759036144578314,0.6309297535714573,0.0,1,0.0212765957446808,0.022287186260137,0.076600850264135,0.1627906976744186,0.1620553359683794,0.2708333333333333,0.9583333333333331,0.7819224058516971,0.6578369042526095,0.0,0.2559580248098154,1.0,0.37132903933525085,0.28108641505241394
0.3623685639920874,0.1178583078464172,0.1594007450778243,0.9565217391304373,0.217391304347826,0.5217391304347826,0.1739130434782608,0.9519526627218936,0.2398124665681314,0.0,0.8072289156626506,0.0,0.0,0,0.0212765957446808,-0.0636892359721419,-0.0081178081999676,0.1627906976744186,0.1620553359683794,0.0833333333333333,0.9375,0.7860820207860961,0.79183421705547,0.0,0.0,1.0,0.37132903933525085,0.28108644485473633
0.5860007646284581,0.3728960706058615,0.063543214086176,0.9565217391304373,0.217391304347826,0.5652173913043479,0.1304347826086956,0.9519526627218936,0.0,0.0,0.746987951807229,0.4999999999999999,0.0,1,0.0212765957446808,0.022287186260137,0.1613195087282378,0.1627906976744186,0.1620553359683794,0.1666666666666666,0.6458333333333333,0.686214246014458,0.5297916507078737,0.0,0.2559580248098154,1.0,0.37132903933525085,0.28108644485473633
0.1021207876739794,0.1710124381692548,0.4677688328566759,0.9565217391304373,0.217391304347826,0.6086956521739131,0.217391304347826,0.9519526627218936,0.2398124665681314,0.0,0.5903614457831325,0.3154648767857286,0.5283208335737187,-1,0.0212765957446808,-0.1496656582044209,-0.0081178081999676,0.1627906976744186,0.1620553359683794,0.3958333333333333,0.4375,0.5872096918499168,0.8450625973931956,0.0,0.0,1.0,0.37132903933525085,0.28108641505241394
0.3875712943605486,0.1786033044914547,0.1343410722864658,0.9565217391304373,0.217391304347826,0.6521739130434783,0.3913043478260869,0.9519526627218936,0.2398124665681314,0.0,0.5301204819277109,0.4999999999999999,0.3333333333333333,1,0.0212765957446808,-0.1496656582044209,-0.0081178081999676,0.1627906976744186,0.1620553359683794,0.4583333333333333,0.7916666666666666,0.7432165366232215,0.738750151645734,0.0,0.0,1.0,0.37132903933525085,0.28108644485473633
0.4703848961991107,0.2334086517959568,0.1012195903186518,0.9565217391304373,0.217391304347826,0.6956521739130435,0.0,0.9519526627218936,0.0,0.0,0.2409638554216867,0.6309297535714573,0.0,1,0.0212765957446808,0.022287186260137,0.076600850264135,0.1627906976744186,0.1620553359683794,0.5833333333333333,0.3333333333333333,0.7535749123477882,0.7191634854228048,0.0,0.2559580248098154,1.0,0.37132903933525085,0.28108644485473633
0.1898532378554118,0.1034987357343872,0.2987970644521853,0.9565217391304373,0.217391304347826,0.7391304347826086,0.2608695652173913,0.9519526627218936,0.0,0.0,0.1686746987951807,0.3154648767857286,0.5283208335737187,-1,0.0212765957446808,0.022287186260137,-0.0081178081999676,0.1627906976744186,0.1620553359683794,0.8958333333333333,0.6875,0.6983958232010801,0.8333340982964856,0.0,0.0,1.0,0.37132903933525085,0.28108641505241394
0.2833223142109514,0.105565495076829,0.2055195884704067,0.9565217391304373,0.217391304347826,0.782608695652174,0.0434782608695652,0.9519526627218936,0.2398124665681314,0.0,0.5301204819277109,0.3154648767857286,0.3333333333333333,0,0.0212765957446808,-0.0636892359721419,0.1613195087282378,0.1627906976744186,0.1620553359683794,0.9791666666666666,0.4791666666666666,0.7615241339259067,0.6084182420131639,0.0,0.2559580248098154,1.0,0.37132903933525085,0.28108644485473633
0.3196281684684151,0.1339684188642493,0.1734865272523655,0.9565217391304373,0.217391304347826,0.8260869565217391,0.3478260869565217,0.9520710059171598,0.2398124665681314,0.0,0.8674698795180723,0.4999999999999999,0.5283208335737187,0,0.0212765957446808,-0.0636892359721419,-0.0081178081999676,0.1627906976744186,0.1620553359683794,0.8541666666666666,0.375,0.7711569244883292,0.6357716522871246,0.0,0.0,1.0,0.37132903933525085,0.28108644485473633
0.2842059840792585,0.1259527530077646,0.1964207760828139,0.9565217391304373,0.217391304347826,0.0434782608695652,0.2608695652173913,0.9526627218934912,0.2398124665681314,0.0,0.2048192771084337,0.4999999999999999,0.3333333333333333,1,0.0425531914893616,0.022287186260137,0.1613195087282378,0.1627906976744186,0.1620553359683794,0.6458333333333333,0.2291666666666666,0.5282014537950883,0.6720365763247902,0.0,0.2559580248098154,1.0,0.37132903933525085,0.28108641505241394
0.4112507559263988,0.1935783200493599,0.1235818512942709,0.9565217391304373,0.217391304347826,0.5217391304347826,0.3913043478260869,0.9526627218934912,0.0,0.0,0.0,0.4999999999999999,0.0,1,0.0425531914893616,0.108263608492416,0.2460381671923406,0.1627906976744186,0.1620553359683794,0.6875,0.2708333333333333,0.8277989415359042,0.7872327638319845,0.2626495350371935,0.2559580248098154,1.0,0.37132903933525085,0.28108644485473633
0.1976360523285386,0.1198893894325332,0.2797486197346605,0.9565217391304373,0.217391304347826,0.217391304347826,0.5652173913043479,0.9526627218934912,0.2398124665681314,0.0,0.710843373493976,0.3154648767857286,0.0,1,0.0425531914893616,-0.0636892359721419,0.1613195087282378,0.1627906976744186,0.1620553359683794,0.7916666666666666,0.1666666666666666,0.7334546792980403,0.6917162506136576,0.0,0.2559580248098154,1.0,0.37132903933525085,0.28108641505241394
0.5178843813234195,0.2996039403228205,0.0810794394524032,0.9565217391304373,0.217391304347826,0.3478260869565217,0.6956521739130435,0.9527810650887574,0.0,0.0,0.036144578313253,0.3154648767857286,0.3333333333333333,0,0.0425531914893616,0.022287186260137,-0.0928364666640704,0.1627906976744186,0.1620553359683794,0.375,0.9791666666666666,0.6308559886587204,0.7628773276037466,0.0,0.0,1.0,0.37132903933525085,0.28108644485473633
0.415693478715797,0.1614244001319842,0.1282259815835157,0.9565217391304373,0.217391304347826,0.8260869565217391,0.7391304347826086,0.9527810650887574,0.0,0.0,0.5301204819277109,0.3154648767857286,0.0,1,0.0425531914893616,-0.0636892359721419,-0.0928364666640704,0.1627906976744186,0.1620553359683794,0.4583333333333333,0.8541666666666666,0.7438352079845967,0.7779641052171755,0.2626495350371935,0.0,1.0,0.37132903933525085,0.28108641505241394
0.1104595580155388,0.1917212659012055,0.4174337054315447,0.9565217391304373,0.217391304347826,0.1304347826086956,0.3043478260869565,0.9527810650887574,0.2398124665681314,0.0,0.1325301204819277,0.0,0.5283208335737187,-1,0.0425531914893616,-0.0636892359721419,0.076600850264135,0.1627906976744186,0.1620553359683794,0.5416666666666666,0.4375,0.7648662237959656,0.8456383039096573,0.0,0.2559580248098154,1.0,0.37132903933525085,0.28108641505241394
0.3936266367730807,0.1359602050001027,0.1418645197115972,0.9565217391304373,0.217391304347826,0.4782608695652174,0.0869565217391304,0.9527810650887574,0.0,0.244650542118226,0.3012048192771084,0.3154648767857286,0.3333333333333333,0,0.0425531914893616,0.022287186260137,-0.1775551251281732,0.1627906976744186,0.1620553359683794,0.9375,0.3333333333333333,0.7863291680878997,0.7203035192268683,0.0,0.0,1.0,0.37132903933525085,0.28108644485473633
0.3431026946313859,0.176712136804557,0.150722109144145,0.9565217391304373,0.217391304347826,0.1739130434782608,0.6086956521739131,0.9527810650887574,0.2398124665681314,0.244650542118226,0.8433734939759037,0.6309297535714573,0.3333333333333333,1,0.0425531914893616,-0.1496656582044209,-0.0928364666640704,0.1627906976744186,0.1620553359683794,0.9583333333333331,0.8958333333333333,0.6535932280254746,0.7035118495286257,0.0,0.0,1.0,0.37132903933525085,0.28108644485473633
0.4969110820914492,0.2595017474858638,0.0912675343887988,0.9565217391304373,0.217391304347826,0.6521739130434783,0.782608695652174,0.952899408284024,0.0,0.38776193503849,0.8072289156626506,0.4999999999999999,0.5283208335737187,0,0.0425531914893616,-0.0636892359721419,-0.262273783592276,0.1627906976744186,0.1620553359683794,0.0833333333333333,0.3958333333333333,0.7867406800893939,0.5906654225758496,0.0,0.0,1.0,0.37132906913757324,0.28108644485473633
0.1932076727755705,0.1259527530077646,0.2829825963720953,0.9565217391304373,0.217391304347826,0.0,0.4347826086956522,0.952899408284024,0.0,0.0,0.4819277108433735,0.0,0.0,0,0.0425531914893616,0.194240030724695,0.2460381671923406,0.1627906976744186,0.1620553359683794,0.4791666666666666,0.5833333333333333,0.6048184421639313,0.7584058258730735,0.0,0.2559580248098154,1.0,0.37132903933525085,0.28108641505241394
0.3956244699213488,0.1633509581233636,0.1343410722864658,0.9565217391304373,0.217391304347826,0.1739130434782608,0.5652173913043479,0.9531360946745564,0.2398124665681314,0.0,0.746987951807229,0.4999999999999999,0.5283208335737187,0,0.0638297872340425,0.108263608492416,-0.0081178081999676,0.1627906976744186,0.1620553359683794,0.1666666666666666,0.9375,0.6868223514865603,0.7924081853446683,0.0,0.0,1.0,0.37132903933525085,0.28108644485473633
0.2877208723979957,0.1399293845654892,0.1898015716576803,0.9565217391304373,0.217391304347826,0.0869565217391304,0.4782608695652174,0.9531360946745564,0.2398124665681314,0.0,0.4819277108433735,0.4999999999999999,0.3333333333333333,1,0.0638297872340425,0.108263608492416,-0.0081178081999676,0.1627906976744186,0.1620553359683794,0.2291666666666666,0.9583333333333331,0.6680826842712497,0.6585816329728884,0.0,0.2559580248098154,1.0,0.37132903933525085,0.28108644485473633
0.3147596906990093,0.1096835194848968,0.1857805326151629,0.9565217391304373,0.217391304347826,0.0,0.3913043478260869,0.9531360946745564,0.2398124665681314,0.0,0.9759036144578314,0.0,0.5283208335737187,-1,0.0638297872340425,0.108263608492416,-0.0081178081999676,0.1627906976744186,0.1620553359683794,0.2708333333333333,0.4583333333333333,0.7829377369495771,0.7495670372178245,0.0,0.4056838710822128,1.0,0.37132903933525085,0.28108644485473633
0.2283273427378551,0.0951794411021844,0.2552582760694727,0.9565217391304373,0.217391304347826,0.0434782608695652,0.2608695652173913,0.9531360946745564,0.0,0.0,0.2409638554216867,0.0,0.3333333333333333,-1,0.0638297872340425,0.280216452956974,0.2460381671923406,0.1627906976744186,0.1620553359683794,0.5833333333333333,0.6875,0.754564963873529,0.833808747623505,0.0,0.4056838710822128,1.0,0.37132903933525085,0.28108641505241394
0.2596183628318219,0.1438795272252668,0.2093608468624356,0.9565217391304373,0.217391304347826,0.782608695652174,0.6086956521739131,0.9531360946745564,0.3800937667159342,0.0,0.1686746987951807,0.0,0.3333333333333333,-1,0.0638297872340425,-0.2356420804366999,-0.0081178081999676,0.1627906976744186,0.1620553359683794,0.8958333333333333,0.7916666666666666,0.6984185628086605,0.7394945937137172,0.0,0.2559580248098154,1.0,0.37132903933525085,0.28108641505241394
0.202014951745016,0.105565495076829,0.2797486197346605,0.9565217391304373,0.217391304347826,0.6956521739130435,0.3478260869565217,0.9531360946745564,0.0,0.38776193503849,0.5301204819277109,0.7324867603589634,0.3333333333333333,1,0.0638297872340425,-0.0636892359721419,-0.262273783592276,0.1627906976744186,0.1620553359683794,0.9791666666666666,0.5416666666666666,0.7615241339259067,0.7705235330617166,0.0,0.0,1.0,0.37132903933525085,0.28108641505241394
0.2734681227793893,0.1158222050398993,0.206803828194657,0.9565217391304373,0.217391304347826,0.8260869565217391,0.1304347826086956,0.9532544378698224,0.0,0.0,0.5903614457831325,0.4999999999999999,0.3333333333333333,1,0.0638297872340425,-0.2356420804366999,0.1613195087282378,0.1627906976744186,0.1620553359683794,0.3958333333333333,0.4791666666666666,0.5888326331171083,0.609253961564779,0.0,0.0,1.0,0.37132903933525085,0.28108641505241394
0.7746683774212323,0.6131821909971717,0.0281132545689568,0.9565217391304373,0.217391304347826,0.217391304347826,0.3043478260869565,0.9532544378698224,0.0,0.0,0.5301204819277109,0.8856218745807111,0.0,1,0.0638297872340425,0.280216452956974,0.076600850264135,0.1627906976744186,0.1620553359683794,0.4375,0.6458333333333333,0.8405787458293481,0.5312186682186508,0.4162896638657991,0.2559580248098154,1.0,0.37132903933525085,0.28108641505241394
0.2510673162484593,0.1339684188642493,0.2181924209812542,0.9565217391304373,0.217391304347826,0.6521739130434783,0.7391304347826086,0.9532544378698224,0.2398124665681314,0.0,0.8674698795180723,0.4999999999999999,0.0,1,0.0638297872340425,-0.1496656582044209,-0.0928364666640704,0.1627906976744186,0.1620553359683794,0.8541666666666666,0.0833333333333333,0.7713625399234985,0.7911795214031103,0.0,0.0,1.0,0.37132903933525085,0.28108644485473633
0.2824366473468936,0.1219154745029367,0.2003438888998383,0.9565217391304373,0.217391304347826,0.4347826086956522,0.5217391304347826,0.9533727810650884,0.0,0.0,0.4698795180722891,0.6309297535714573,0.0,1,0.0638297872340425,-0.1496656582044209,-0.0081178081999676,0.1627906976744186,0.1620553359683794,0.3333333333333333,0.375,0.7132867253885131,0.6362197913401701,0.0,0.0,1.0,0.37132903933525085,0.28108644485473633
0.4194618483321315,0.199124490272293,0.1188869644777832,0.9565217391304373,0.217391304347826,0.3478260869565217,0.8260869565217391,0.953491124260355,0.3800937667159342,0.489301084236452,0.9759036144578314,0.4999999999999999,0.3333333333333333,1,0.0851063829787234,-0.0636892359721419,-0.3469924420563787,0.1627906976744186,0.1620553359683794,0.2708333333333333,0.8958333333333333,0.7831268257027284,0.703221371735584,0.0,0.0,1.0,0.37132903933525085,0.28108644485473633
0.0447397221339939,0.3409517775993802,0.6522994443007937,0.9565217391304373,0.217391304347826,0.1304347826086956,0.0,0.953491124260355,0.2398124665681314,0.0,0.8433734939759037,0.0,0.0,0,0.0851063829787234,-0.0636892359721419,0.7543501179769573,0.1627906976744186,0.1620553359683794,0.9583333333333331,0.4375,0.6541017277529233,0.8459239384644694,0.0,0.5119160496196309,1.0,0.37132903933525085,0.28108641505241394
0.2761802956836926,0.1614244001319842,0.1898015716576803,0.9565217391304373,0.217391304347826,0.6521739130434783,0.3913043478260869,0.953609467455621,0.2398124665681314,0.0,0.8072289156626506,0.3154648767857286,0.0,1,0.0851063829787234,-0.2356420804366999,0.076600850264135,0.1627906976744186,0.1620553359683794,0.0833333333333333,0.1666666666666666,0.7871824646814585,0.6919556024010431,0.0,0.0,1.0,0.37132903933525085,0.28108644485473633
0.4620638315848376,0.199124490272293,0.1093403967615045,0.9565217391304373,0.217391304347826,0.1739130434782608,0.782608695652174,0.953609467455621,0.0,0.0,0.5301204819277109,0.3154648767857286,0.3333333333333333,0,0.0851063829787234,0.194240030724695,-0.1775551251281732,0.1627906976744186,0.1620553359683794,0.4583333333333333,0.3958333333333333,0.7444255229534031,0.5917264439158714,0.525299070074387,0.2559580248098154,1.0,0.37132903933525085,0.28108644485473633
0.1318659663420054,0.1438795272252668,0.3898664232837767,0.9565217391304373,0.217391304347826,0.2608695652173913,0.0434782608695652,0.953609467455621,0.2398124665681314,0.0,0.4819277108433735,0.3154648767857286,0.5283208335737187,-1,0.0851063829787234,0.108263608492416,0.3307568256564434,0.1627906976744186,0.1620553359683794,0.4791666666666666,0.6875,0.6053495096751436,0.8341319933859437,0.0,0.5119160496196309,1.0,0.37132903933525085,0.28108641505241394
0.1784597778977288,0.0930864204947734,0.3219686622404488,0.9565217391304373,0.217391304347826,0.5217391304347826,0.217391304347826,0.953609467455621,0.4796249331362629,0.244650542118226,0.1325301204819277,0.3154648767857286,0.3333333333333333,0,0.0851063829787234,-0.4935713471335369,0.1613195087282378,0.1627906976744186,0.1620553359683794,0.5416666666666666,0.5833333333333333,0.7655987772651061,0.7589681958889953,0.0,0.0,1.0,0.37132903933525085,0.28108641505241394
0.275278321935605,0.1158222050398993,0.206803828194657,0.9565217391304373,0.217391304347826,0.0869565217391304,0.6956521739130435,0.953609467455621,0.2398124665681314,0.0,0.2048192771084337,0.4999999999999999,0.5283208335737187,0,0.0851063829787234,-0.4075949249012579,0.1613195087282378,0.1627906976744186,0.1620553359683794,0.6458333333333333,0.9791666666666666,0.5291293925073837,0.7628773276037466,0.0,0.2559580248098154,1.0,0.37132903933525085,0.28108641505241394
0.2912045168517221,0.0930864204947734,0.2055195884704067,0.9565217391304373,0.217391304347826,0.6086956521739131,0.7391304347826086,0.953609467455621,0.0,0.0,0.3012048192771084,0.4999999999999999,0.3333333333333333,1,0.0851063829787234,0.022287186260137,-0.0081178081999676,0.1627906976744186,0.1620553359683794,0.9375,0.8541666666666666,0.7869839725572259,0.7773718429439784,0.0,0.2559580248098154,1.0,0.37132903933525085,0.28108641505241394
0.2894665653536619,0.1536727837037277,0.1844317783900017,0.9565217391304373,0.217391304347826,0.4347826086956522,0.4782608695652174,0.9537278106508876,0.0,0.0,0.710843373493976,0.3154648767857286,0.0,1,0.0851063829787234,0.108263608492416,0.076600850264135,0.1627906976744186,0.1620553359683794,0.7916666666666666,0.3333333333333333,0.7343765758244085,0.7201369489705611,0.4162896638657991,0.2559580248098154,1.0,0.37132903933525085,0.28108641505241394
0.3709508212645113,0.2280893448291361,0.1282259815835157,0.9565217391304373,0.217391304347826,0.5652173913043479,0.3043478260869565,0.953846153846154,0.2398124665681314,0.0,0.036144578313253,0.3154648767857286,0.0,1,0.0851063829787234,-0.2356420804366999,0.1613195087282378,0.1627906976744186,0.1620553359683794,0.375,0.2291666666666666,0.6314234855048249,0.6720291547098556,0.0,0.2559580248098154,1.0,0.37132903933525085,0.28108641505241394
0.30147342102904,0.0697051475346495,0.206803828194657,0.9565217391304373,0.217391304347826,0.1304347826086956,0.6521739130434783,0.9543195266272192,0.2398124665681314,0.0,0.4819277108433735,0.3154648767857286,0.3333333333333333,0,0.1063829787234042,0.108263608492416,0.076600850264135,0.1627906976744186,0.1620553359683794,0.2291666666666666,0.9375,0.6680473060772354,0.793380777684326,0.0,0.2559580248098154,1.0,0.37132903933525085,0.28108644485473633
0.570155540569418,0.3847466803228039,0.063543214086176,0.9565217391304373,0.217391304347826,0.3913043478260869,0.3043478260869565,0.9543195266272192,0.0,0.0,0.2409638554216867,0.6309297535714573,0.3333333333333333,1,0.1063829787234042,0.194240030724695,-0.4317111005204815,0.1627906976744186,0.1620553359683794,0.5833333333333333,0.6458333333333333,0.7554933377215602,0.5321402399067594,0.0,0.0,1.0,0.37132903933525085,0.28108644485473633
0.179614145214086,0.1158222050398993,0.3080136296842726,0.9565217391304373,0.217391304347826,0.3478260869565217,0.782608695652174,0.9543195266272192,0.0,0.0,0.5301204819277109,0.4999999999999999,0.5283208335737187,0,0.1063829787234042,0.194240030724695,-0.1775551251281732,0.1627906976744186,0.1620553359683794,0.9791666666666666,0.0833333333333333,0.7615241339259067,0.7917421384470551,0.0,0.2559580248098154,1.0,0.37132903933525085,0.28108644485473633
0.3204337338508198,0.1117348360266863,0.1789940112517239,0.9565217391304373,0.217391304347826,0.4782608695652174,0.0869565217391304,0.9544378698224852,0.2398124665681314,0.0,0.746987951807229,0.4999999999999999,0.0,1,0.1063829787234042,0.022287186260137,0.1613195087282378,0.1627906976744186,0.1620553359683794,0.1666666666666666,0.4583333333333333,0.687465603717287,0.7505956885149863,0.0,0.0,1.0,0.37132903933525085,0.28108644485473633
0.3006278814981359,0.1096835194848968,0.1911335971212903,0.9565217391304373,0.217391304347826,0.1739130434782608,0.2608695652173913,0.9544378698224852,0.2398124665681314,0.0,0.4698795180722891,0.3154648767857286,0.0,1,0.1063829787234042,0.022287186260137,-0.0928364666640704,0.1627906976744186,0.1620553359683794,0.3333333333333333,0.9583333333333331,0.7143381210183539,0.6596325311824034,0.0,0.0,1.0,0.37132903933525085,0.28108641505241394
0.2679868107638353,0.1219154745029367,0.2093608468624356,0.9565217391304373,0.217391304347826,0.6086956521739131,0.6956521739130435,0.9544378698224852,0.0,0.0,0.5903614457831325,0.3154648767857286,0.3333333333333333,0,0.1063829787234042,-0.1496656582044209,-0.5164297589845843,0.1627906976744186,0.1620553359683794,0.3958333333333333,0.5416666666666666,0.590182625708161,0.7717194597665753,0.0,0.0,1.0,0.37132903933525085,0.2810864746570587
0.5289112502203425,0.3093316498547911,0.0776289962607172,0.9565217391304373,0.217391304347826,0.0,0.5652173913043479,0.9544378698224852,0.0,0.0,0.5301204819277109,0.7324867603589634,0.0,1,0.1063829787234042,0.7960749863506482,-0.0081178081999676,0.1627906976744186,0.1620553359683794,0.4375,0.2708333333333333,0.8413051020489128,0.7883904744421069,0.0,0.2559580248098154,1.0,0.37132903933525085,0.28108644485473633
0.4747515978714407,0.2979714260801525,0.0895862098635575,0.9565217391304373,0.217391304347826,0.0434782608695652,0.7391304347826086,0.9544378698224852,0.0,0.0,0.0,0.0,0.3333333333333333,-1,0.1063829787234042,0.452169297421532,-0.1775551251281732,0.1627906976744186,0.1620553359683794,0.6875,0.375,0.8288715102915878,0.6366256914434147,0.6098533345119622,0.2559580248098154,1.0,0.37132903933525085,0.28108644485473633
0.3163892457310063,0.1633509581233636,0.1665013673666011,0.9565217391304373,0.217391304347826,0.8260869565217391,0.4347826086956522,0.9544378698224852,0.5568273036287807,0.38776193503849,0.1686746987951807,0.0,0.0,0,0.1063829787234042,-0.4075949249012579,-0.0081178081999676,0.1627906976744186,0.1620553359683794,0.8958333333333333,0.4791666666666666,0.6984438752319717,0.6101719360615288,0.0,0.0,1.0,0.37132903933525085,0.28108641505241394
0.2963726016846874,0.1438795272252668,0.1830787761130242,0.9565217391304373,0.217391304347826,0.5217391304347826,0.217391304347826,0.9545562130177512,0.2398124665681314,0.0,0.8674698795180723,0.3154648767857286,0.5283208335737187,-1,0.1063829787234042,-0.0636892359721419,0.1613195087282378,0.1627906976744186,0.1620553359683794,0.8541666666666666,0.7916666666666666,0.7715880059508822,0.7407001065784564,0.0,0.5119160496196309,1.0,0.37132903933525085,0.28108644485473633
0.3163892457310063,0.0782844247545488,0.1951050694866963,0.9565217391304373,0.217391304347826,0.1739130434782608,0.6521739130434783,0.9551479289940829,0.0,0.0,0.4819277108433735,0.3154648767857286,0.0,1,0.1276595744680851,0.108263608492416,-0.1775551251281732,0.1627906976744186,0.1620553359683794,0.2291666666666666,0.3958333333333333,0.6680255375027324,0.5932049400819663,0.0,0.0,1.0,0.37132903933525085,0.28108641505241394
0.2491414773826789,0.0846607391767546,0.2401019895763482,0.9565217391304373,0.217391304347826,0.2608695652173913,0.4782608695652174,0.9551479289940829,0.2398124665681314,0.0,0.9759036144578314,0.7324867603589634,0.5283208335737187,1,0.1276595744680851,-0.3216185026689789,0.3307568256564434,0.1627906976744186,0.1620553359683794,0.2708333333333333,0.5833333333333333,0.7843003381788349,0.7600565357646676,0.0,0.2559580248098154,1.0,0.37132903933525085,0.28108641505241394
0.4131609502225423,0.195431196344384,0.1220225832744171,0.9565217391304373,0.217391304347826,0.1304347826086956,0.8260869565217391,0.9551479289940829,0.2398124665681314,0.0,0.5301204819277109,0.4999999999999999,0.3333333333333333,1,0.1276595744680851,0.022287186260137,-0.4317111005204815,0.1627906976744186,0.1620553359683794,0.4583333333333333,0.8958333333333333,0.7455613825452685,0.7033040220760636,0.0,0.0,1.0,0.37132903933525085,0.28108644485473633
0.4009027641252054,0.145847516610311,0.1373662810412862,0.9565217391304373,0.217391304347826,0.3913043478260869,0.5652173913043479,0.9551479289940829,0.0,0.0,0.3012048192771084,0.0,0.0,0,0.1276595744680851,0.108263608492416,-0.0081178081999676,0.1627906976744186,0.1620553359683794,0.9375,0.4791666666666666,0.7882503224985038,0.610740908373973,0.0,0.0,1.0,0.37132903933525085,0.28108644485473633
0.1145633381363702,0.1594933250016728,0.4328600620148745,0.9565217391304373,0.217391304347826,0.217391304347826,0.0434782608695652,0.9552662721893492,0.0,0.0,0.4698795180722891,0.4999999999999999,0.3333333333333333,1,0.1276595744680851,0.108263608492416,1.0932247518333684,0.1627906976744186,0.1620553359683794,0.3333333333333333,0.4375,0.7150775812866004,0.8469794309857057,0.2626495350371935,0.2559580248098154,1.0,0.37132903933525085,0.28108641505241394
0.3260267991023396,0.1786033044914547,0.1565273038101227,0.9565217391304373,0.217391304347826,0.5217391304347826,0.6086956521739131,0.9552662721893492,0.0,0.0,0.036144578313253,0.3154648767857286,0.0,1,0.1276595744680851,-0.0636892359721419,0.1613195087282378,0.1627906976744186,0.1620553359683794,0.375,0.1666666666666666,0.6321766704342171,0.6927524940670466,0.4162896638657991,0.2559580248098154,1.0,0.37132903933525085,0.28108644485473633
0.2833223142109514,0.1279639949492921,0.1964207760828139,0.9565217391304373,0.217391304347826,0.782608695652174,0.7391304347826086,0.9552662721893492,0.0,0.38776193503849,0.1325301204819277,0.3154648767857286,0.0,1,0.1276595744680851,-0.4935713471335369,-0.1775551251281732,0.1627906976744186,0.1620553359683794,0.5416666666666666,0.8541666666666666,0.7671349479820544,0.7777514879608927,0.0,0.0,1.0,0.37132903933525085,0.28108644485473633
0.0744794982004311,0.2298662671273945,0.5484121866647513,0.9565217391304373,0.217391304347826,0.3043478260869565,0.0,0.9552662721893492,0.2398124665681314,0.244650542118226,0.8433734939759037,0.0,0.3333333333333333,-1,0.1276595744680851,-0.1496656582044209,0.3307568256564434,0.1627906976744186,0.1620553359683794,0.9583333333333331,0.6875,0.6555298676573227,0.8349685568262604,0.0,0.0,1.0,0.37132903933525085,0.28108641505241394
0.3855318756010436,0.1823726619438934,0.1328204410780215,0.9565217391304373,0.217391304347826,0.0869565217391304,0.4347826086956522,0.9553846153846152,0.0,0.0,0.710843373493976,0.3154648767857286,0.0,1,0.1276595744680851,0.280216452956974,0.1613195087282378,0.1627906976744186,0.1620553359683794,0.7916666666666666,0.9791666666666666,0.7358208984368593,0.7628773276037466,0.6098533345119622,0.0,1.0,0.37132900953292847,0.28108641505241394
0.1643354593536958,0.1399293845654892,0.3200026273770848,0.9565217391304373,0.217391304347826,0.3478260869565217,0.6956521739130435,0.9555029585798818,0.2398124665681314,0.0,0.2048192771084337,0.0,0.3333333333333333,-1,0.1276595744680851,-0.579547769365816,-0.1775551251281732,0.1627906976744186,0.1620553359683794,0.6458333333333333,0.0833333333333333,0.5311223718401896,0.7923639450692381,0.0,0.0,1.0,0.37132906913757324,0.28108641505241394
0.3338809180870214,0.1691037393641927,0.1565273038101227,0.9565217391304373,0.217391304347826,0.6521739130434783,0.4347826086956522,0.9559763313609468,0.2398124665681314,0.38776193503849,0.5903614457831325,0.4999999999999999,0.3333333333333333,1,0.1489361702127659,-0.2356420804366999,-0.262273783592276,0.1627906976744186,0.1620553359683794,0.3958333333333333,0.9583333333333331,0.5919231614515257,0.6606713201566377,0.0,0.0,1.0,0.37132903933525085,0.28108644485473633
0.4609408869181119,0.27979689757885,0.0946105696869833,0.9565217391304373,0.217391304347826,0.6086956521739131,0.5217391304347826,0.9559763313609468,0.0,0.38776193503849,0.4819277108433735,0.8154648767857287,0.0,1,0.1489361702127659,0.022287186260137,-0.6858670759127897,0.1627906976744186,0.1620553359683794,0.4791666666666666,0.6458333333333333,0.6073987679263724,0.5337766645833224,0.0,0.0,1.0,0.37132903933525085,0.28108644485473633
0.2221716022466865,0.1339684188642493,0.2424688157720542,0.9565217391304373,0.217391304347826,0.7391304347826086,0.0869565217391304,0.9559763313609468,0.0,0.0,0.1325301204819277,0.3154648767857286,0.3333333333333333,0,0.1489361702127659,-0.4075949249012579,0.3307568256564434,0.1627906976744186,0.1620553359683794,0.5416666666666666,0.7916666666666666,0.7676733130071465,0.7416604799405506,0.2626495350371935,0.6616418958920284,1.0,0.37132903933525085,0.28108641505241394
0.2084929078362609,0.1117348360266863,0.2698979949652853,0.9565217391304373,0.217391304347826,0.5652173913043479,0.4782608695652174,0.9559763313609468,0.2398124665681314,0.0,0.5301204819277109,0.4999999999999999,0.3333333333333333,1,0.1489361702127659,0.108263608492416,-0.1775551251281732,0.1627906976744186,0.1620553359683794,0.9791666666666666,0.2708333333333333,0.7615241339259067,0.7893612579994727,0.0,0.2559580248098154,1.0,0.37132903933525085,0.28108644485473633
0.3609197363880352,0.1517234261883286,0.1492584693370161,0.9565217391304373,0.217391304347826,0.6956521739130435,0.1739130434782608,0.9560946745562132,0.0,0.0,0.8072289156626506,0.6309297535714573,0.5283208335737187,1,0.1489361702127659,-0.0636892359721419,0.076600850264135,0.1627906976744186,0.1620553359683794,0.0833333333333333,0.4583333333333333,0.788880164451266,0.7517046174632032,0.2626495350371935,0.2559580248098154,1.0,0.37132903933525085,0.28108644485473633
0.5851825860002854,0.3758747471465506,0.0617495669382994,0.9565217391304373,0.217391304347826,0.0,0.2608695652173913,0.9560946745562132,0.2398124665681314,0.0,0.5301204819277109,0.3154648767857286,0.0,1,0.1489361702127659,1.0540042530474851,-0.0081178081999676,0.1627906976744186,0.1620553359683794,0.4375,0.375,0.8422875828056864,0.6374702947023365,0.0,0.5119160496196309,1.0,0.37132903933525085,0.28108644485473633
0.4250473217889774,0.1729167237939524,0.1235818512942709,0.9565217391304373,0.217391304347826,0.0434782608695652,0.3913043478260869,0.9560946745562132,0.0,0.0,0.0,0.3154648767857286,0.0,1,0.1489361702127659,0.452169297421532,0.076600850264135,0.1627906976744186,0.1620553359683794,0.6875,0.9375,0.8297736960868416,0.7947630329543462,0.2626495350371935,0.0,1.0,0.37132903933525085,0.28108644485473633
0.2548908336057636,0.1034987357343872,0.2256204654412338,0.9565217391304373,0.217391304347826,0.8260869565217391,0.1304347826086956,0.9560946745562132,0.2398124665681314,0.0,0.1686746987951807,0.0,0.7739760316291208,-1,0.1489361702127659,-0.4935713471335369,0.1613195087282378,0.1627906976744186,0.1620553359683794,0.8958333333333333,0.3333333333333333,0.6984775674123258,0.7223499247351819,0.0,0.4056838710822128,1.0,0.37132903933525085,0.28108641505241394
0.4225747115646109,0.2082859102730649,0.1173105301661802,0.9565217391304373,0.217391304347826,0.3043478260869565,0.217391304347826,0.9562130177514794,0.2398124665681314,0.244650542118226,0.746987951807229,0.7324867603589634,0.0,1,0.1489361702127659,0.108263608492416,0.1613195087282378,0.1627906976744186,0.1620553359683794,0.1666666666666666,0.5833333333333333,0.6883253199724233,0.7607425914769055,0.0,0.0,1.0,0.37132903933525085,0.28108641505241394
0.2761802956836926,0.0930864204947734,0.2156875866667074,0.9565217391304373,0.217391304347826,0.782608695652174,0.3478260869565217,0.9563313609467454,0.4796249331362629,0.0,0.8674698795180723,0.0,0.0,0,0.1489361702127659,-0.2356420804366999,0.1613195087282378,0.1627906976744186,0.1620553359683794,0.8541666666666666,0.2291666666666666,0.7719101411157918,0.671971316977366,0.0,0.2559580248098154,1.0,0.37132903933525085,0.28108641505241394
0.3652502491854558,0.1594933250016728,0.1477898256233795,0.9565217391304373,0.217391304347826,0.2608695652173913,0.8260869565217391,0.9568047337278104,0.0,0.38776193503849,0.4819277108433735,0.4999999999999999,0.0,1,0.1702127659574468,0.194240030724695,-0.8553043928409952,0.1627906976744186,0.1620553359683794,0.2291666666666666,0.8958333333333333,0.6679744842392787,0.7033057957657955,0.0,0.0,1.0,0.37132903933525085,0.28108641505241394
0.2614935215314646,0.1034987357343872,0.22315869441857,0.9565217391304373,0.217391304347826,0.5652173913043479,0.6956521739130435,0.9568047337278104,0.4796249331362629,0.0,0.8433734939759037,0.6309297535714573,0.0,1,0.1702127659574468,-0.3216185026689789,0.4154754841205461,0.1627906976744186,0.1620553359683794,0.9583333333333331,0.4791666666666666,0.6566731855937482,0.6119074722793163,0.0,0.2559580248098154,1.0,0.37132903933525085,0.28108641505241394
0.3331025515539941,0.1239365875804408,0.1707060782715994,0.9565217391304373,0.217391304347826,0.3043478260869565,0.782608695652174,0.956923076923077,0.2398124665681314,0.0,0.9759036144578314,0.3154648767857286,0.0,1,0.1702127659574468,-0.2356420804366999,-0.262273783592276,0.1627906976744186,0.1620553359683794,0.2708333333333333,0.8541666666666666,0.7854966489632551,0.7778598509957788,0.0,0.0,1.0,0.37132903933525085,0.28108641505241394
0.4268915954068545,0.2009649450398827,0.1173105301661802,0.9565217391304373,0.217391304347826,0.217391304347826,0.7391304347826086,0.956923076923077,0.2398124665681314,0.0,0.036144578313253,0.4999999999999999,0.3333333333333333,1,0.1702127659574468,-0.0636892359721419,-0.1775551251281732,0.1627906976744186,0.1620553359683794,0.375,0.3958333333333333,0.6330242862790973,0.5949394516229993,0.0,0.2559580248098154,1.0,0.37132906913757324,0.2810864746570587
0.4131609502225423,0.2009649450398827,0.1204576348485068,0.9565217391304373,0.217391304347826,0.0869565217391304,0.4782608695652174,0.956923076923077,0.0,0.0,0.5301204819277109,0.0,0.0,0,0.1702127659574468,1.139980675279764,0.4154754841205461,0.1627906976744186,0.1620553359683794,0.4375,0.1666666666666666,0.8426984008942722,0.6934282636743052,0.2626495350371935,0.2559580248098154,1.0,0.37132903933525085,0.28108644485473633
0.1421460946517702,0.1633509581233636,0.3613039019975165,0.9565217391304373,0.217391304347826,0.6086956521739131,0.1739130434782608,0.956923076923077,0.4796249331362629,0.244650542118226,0.2048192771084337,0.3154648767857286,0.3333333333333333,0,0.1702127659574468,-1.0954063027594898,-0.0081178081999676,0.1627906976744186,0.1620553359683794,0.6458333333333333,0.4583333333333333,0.5324400071654105,0.7523019602609862,0.0,0.0,1.0,0.37132903933525085,0.28108641505241394
0.1396012323293862,0.1438795272252668,0.3727835414902225,0.9565217391304373,0.217391304347826,0.0434782608695652,0.0,0.956923076923077,0.0,0.0,0.710843373493976,0.3154648767857286,0.5283208335737187,-1,0.1702127659574468,0.3661928751892531,0.5001941425846489,0.1627906976744186,0.1620553359683794,0.7916666666666666,0.6875,0.737054034633321,0.8357423709570486,0.0,0.4056838710822128,1.0,0.37132903933525085,0.28108644485473633
0.4535622526469246,0.2386938239375837,0.10448635790819,0.9565217391304373,0.217391304347826,0.4347826086956522,0.5217391304347826,0.956923076923077,0.2398124665681314,0.0,0.3012048192771084,0.4999999999999999,0.3333333333333333,1,0.1702127659574468,0.022287186260137,-0.4317111005204815,0.1627906976744186,0.1620553359683794,0.9375,0.5416666666666666,0.7896340701503803,0.7737103258826783,0.0,0.0,1.0,0.37132903933525085,0.28108644485473633
0.2413420673281554,0.1239365875804408,0.2305020846526728,0.9565217391304373,0.217391304347826,0.1304347826086956,0.3913043478260869,0.957041420118343,0.0,0.0,0.4698795180722891,0.0,0.0,0,0.1702127659574468,0.5381457196538111,-0.0081178081999676,0.1627906976744186,0.1620553359683794,0.3333333333333333,0.0833333333333333,0.7167850086735308,0.7932977427789896,0.525299070074387,0.4056838710822128,1.0,0.37132900953292847,0.28108641505241394
0.4219541137776783,0.2456883726928422,0.1109462972030086,0.9565217391304373,0.217391304347826,0.3478260869565217,0.6521739130434783,0.957041420118343,0.3800937667159342,0.0,0.2409638554216867,0.3154648767857286,0.3333333333333333,0,0.1702127659574468,-0.1496656582044209,0.1613195087282378,0.1627906976744186,0.1620553359683794,0.5833333333333333,0.9791666666666666,0.7576293624246178,0.7628773276037466,0.0,0.2559580248098154,1.0,0.37132903933525085,0.28108641505241394
0.3969507230332519,0.176712136804557,0.1312944079711719,0.9565217391304373,0.217391304347826,0.1739130434782608,0.6956521739130435,0.9576331360946746,0.0,0.0,0.5301204819277109,0.4999999999999999,0.3333333333333333,1,0.1914893617021276,0.022287186260137,-0.0928364666640704,0.1627906976744186,0.1620553359683794,0.4583333333333333,0.9583333333333331,0.7473212366048012,0.6617776510070408,0.0,0.2559580248098154,1.0,0.37132903933525085,0.28108641505241394
0.4268915954068545,0.2064617607659762,0.1157282894535847,0.9565217391304373,0.217391304347826,0.6521739130434783,0.4782608695652174,0.9576331360946746,0.0,0.0,0.3012048192771084,0.0,0.5283208335737187,-1,0.1914893617021276,0.108263608492416,0.1613195087282378,0.1627906976744186,0.1620553359683794,0.9375,0.9791666666666666,0.7900843373099009,0.7628773276037466,0.2626495350371935,0.0,1.0,0.37132903933525085,0.28108644485473633
0.4275044296530027,0.199124490272293,0.1173105301661802,0.9565217391304373,0.217391304347826,0.2608695652173913,0.3913043478260869,0.9577514792899406,0.0,0.0,0.8072289156626506,0.0,0.0,0,0.1914893617021276,0.022287186260137,-0.1775551251281732,0.1627906976744186,0.1620553359683794,0.0833333333333333,0.2708333333333333,0.7898634386807248,0.790433284516938,0.0,0.2559580248098154,1.0,0.37132903933525085,0.28108641505241394
0.2946574680039054,0.1198893894325332,0.1911335971212903,0.9565217391304373,0.217391304347826,0.5652173913043479,0.782608695652174,0.9577514792899406,0.2398124665681314,0.244650542118226,0.5903614457831325,0.0,0.3333333333333333,-1,0.1914893617021276,-0.2356420804366999,-0.3469924420563787,0.1627906976744186,0.1620553359683794,0.3958333333333333,0.8541666666666666,0.5938485203542874,0.7782364051554842,0.0,0.0,1.0,0.37132903933525085,0.28108644485473633
0.2472061281629526,0.1359602050001027,0.2206827344355966,0.9565217391304373,0.217391304347826,0.6086956521739131,0.3043478260869565,0.9577514792899406,0.2398124665681314,0.0,0.1325301204819277,0.3154648767857286,0.0,1,0.1914893617021276,-0.4935713471335369,-0.0081178081999676,0.1627906976744186,0.1620553359683794,0.5416666666666666,0.375,0.7691392325999862,0.6382080802047183,0.0,0.2559580248098154,1.0,0.37132903933525085,0.28108644485473633
0.2972273619374852,0.1158222050398993,0.1911335971212903,0.9565217391304373,0.217391304347826,0.0,0.0434782608695652,0.9577514792899406,0.0,0.0,0.0,0.0,0.5283208335737187,-1,0.1914893617021276,0.62412214188609,1.0932247518333684,0.1627906976744186,0.1620553359683794,0.6875,0.4375,0.8305994011311333,0.8482610036965916,0.525299070074387,0.0,1.0,0.37132900953292847,0.28108641505241394
0.2413420673281554,0.1178583078464172,0.2329222480557755,0.9565217391304373,0.217391304347826,0.8260869565217391,0.5217391304347826,0.9577514792899406,0.4796249331362629,0.0,0.1686746987951807,0.3154648767857286,0.3333333333333333,0,0.1914893617021276,-1.0094298805272108,-0.1775551251281732,0.1627906976744186,0.1620553359683794,0.8958333333333333,0.5833333333333333,0.6985107880238919,0.761860048431269,0.0,0.0,1.0,0.37132903933525085,0.28108641505241394
0.2833223142109514,0.1279639949492921,0.1964207760828139,0.9565217391304373,0.217391304347826,0.4347826086956522,0.1304347826086956,0.9578698224852072,0.2398124665681314,0.0,0.4819277108433735,0.0,0.5283208335737187,-1,0.1914893617021276,0.194240030724695,0.5001941425846489,0.1627906976744186,0.1620553359683794,0.4791666666666666,0.3333333333333333,0.6088617200124806,0.7238728117776454,0.0,0.0,1.0,0.37132903933525085,0.28108644485473633
0.5671654966989947,0.3471326934062848,0.0671081961047828,0.9565217391304373,0.217391304347826,0.0869565217391304,0.7391304347826086,0.9579881656804732,0.2398124665681314,0.0,0.710843373493976,0.3154648767857286,0.0,1,0.1914893617021276,0.280216452956974,-1.1094603682333035,0.1627906976744186,0.1620553359683794,0.7916666666666666,0.6458333333333333,0.7378050859632841,0.5352945941368712,0.0,0.0,1.0,0.37132903933525085,0.28108644485473633
0.396288157498343,0.1359602050001027,0.1418645197115972,0.9565217391304373,0.217391304347826,0.1739130434782608,0.3913043478260869,0.9584615384615388,0.2398124665681314,0.244650542118226,0.036144578313253,0.4999999999999999,0.3333333333333333,1,0.2127659574468085,-0.0636892359721419,-0.0928364666640704,0.1627906976744186,0.1620553359683794,0.375,0.9375,0.6337585910721699,0.7962661703892027,0.0,0.0,1.0,0.37132903933525085,0.28108638525009155
0.2293439643729159,0.0846607391767546,0.2609481323355571,0.9565217391304373,0.217391304347826,0.3478260869565217,0.3043478260869565,0.9585798816568049,0.0,0.0,0.4819277108433735,0.0,0.3333333333333333,-1,0.2127659574468085,0.3661928751892531,-0.0081178081999676,0.1627906976744186,0.1620553359683794,0.2291666666666666,0.0833333333333333,0.6679186421741206,0.7941501267808653,0.2626495350371935,0.0,1.0,0.37132903933525085,0.28108644485473633
0.4552773863277066,0.1748166165990063,0.1157282894535847,0.9565217391304373,0.217391304347826,0.2608695652173913,0.6521739130434783,0.9585798816568049,0.0,0.38776193503849,0.9759036144578314,0.0,0.0,0,0.2127659574468085,-0.1496656582044209,-0.3469924420563787,0.1627906976744186,0.1620553359683794,0.2708333333333333,0.3958333333333333,0.7865233299194918,0.5965739163763557,0.0,0.0,1.0,0.37132903933525085,0.28108644485473633
0.2052673141498032,0.0846607391767546,0.288319036026044,0.9565217391304373,0.217391304347826,0.0869565217391304,0.0,0.9585798816568049,0.0,0.244650542118226,0.4698795180722891,0.4999999999999999,0.3333333333333333,1,0.2127659574468085,0.7100985641183691,0.4154754841205461,0.1627906976744186,0.1620553359683794,0.3333333333333333,0.6875,0.7181594434679595,0.8364575349817087,0.2626495350371935,0.0,1.0,0.37132903933525085,0.28108644485473633
0.6177785453944561,0.4249304139910499,0.0544991354526003,0.9565217391304373,0.217391304347826,0.0434782608695652,0.5652173913043479,0.9585798816568049,0.0,0.38776193503849,0.5301204819277109,0.8154648767857287,0.0,1,0.2127659574468085,1.3119335197443225,-0.0081178081999676,0.1627906976744186,0.1620553359683794,0.4375,0.4791666666666666,0.8435522205426371,0.6131052422596281,0.2626495350371935,0.0,1.0,0.37132903933525085,0.28108644485473633
0.1761407923116936,0.1438795272252668,0.2998309467029157,0.9565217391304373,0.217391304347826,0.7391304347826086,0.6956521739130435,0.9585798816568049,0.2398124665681314,0.0,0.2048192771084337,0.0,0.5283208335737187,-1,0.2127659574468085,-1.181382724991769,-0.4317111005204815,0.1627906976744186,0.1620553359683794,0.6458333333333333,0.5416666666666666,0.5339066830805586,0.7749336946446419,0.0,0.2559580248098154,1.0,0.37132903933525085,0.28108641505241394
0.3204337338508198,0.1339684188642493,0.1734865272523655,0.9565217391304373,0.217391304347826,0.782608695652174,0.4347826086956522,0.9585798816568049,0.0,0.0,0.8674698795180723,0.0,0.3333333333333333,-1,0.2127659574468085,-0.2356420804366999,0.4154754841205461,0.1627906976744186,0.1620553359683794,0.8541666666666666,0.1666666666666666,0.7723239518394329,0.6942727576419438,0.2626495350371935,0.0,1.0,0.37132903933525085,0.28108641505241394
0.2491414773826789,0.1438795272252668,0.2169418295075544,0.9565217391304373,0.217391304347826,0.5217391304347826,0.1304347826086956,0.9585798816568049,0.2398124665681314,0.0,0.8433734939759037,0.0,0.5283208335737187,-1,0.2127659574468085,-0.1496656582044209,0.3307568256564434,0.1627906976744186,0.1620553359683794,0.9583333333333331,0.7916666666666666,0.6579321999632943,0.7434171199392352,0.0,0.2559580248098154,1.0,0.37132900953292847,0.28108638525009155
0.3716575976879044,0.1748166165990063,0.1403703343170966,0.9565217391304373,0.217391304347826,0.4782608695652174,0.8260869565217391,0.9585798816568049,0.0,0.0,0.5301204819277109,0.3154648767857286,0.0,1,0.2127659574468085,0.3661928751892531,-1.0247417097692009,0.1627906976744186,0.1620553359683794,0.9791666666666666,0.8958333333333333,0.7615241339259067,0.7033384010598722,0.2626495350371935,0.0,1.0,0.37132903933525085,0.28108641505241394
0.3098299726106176,0.1239365875804408,0.1817214989402346,0.9565217391304373,0.217391304347826,0.6086956521739131,0.217391304347826,0.9586982248520708,0.0,0.0,0.2409638554216867,0.0,0.5283208335737187,-1,0.2127659574468085,-0.1496656582044209,0.076600850264135,0.1627906976744186,0.1620553359683794,0.5833333333333333,0.4583333333333333,0.7587492263396898,0.753304190997272,0.0,0.2559580248098154,1.0,0.37132903933525085,0.28108644485473633
0.5055359300460547,0.2577876924119062,0.0912675343887988,0.9565217391304373,0.217391304347826,0.4347826086956522,0.217391304347826,0.9590532544378698,0.0,0.244650542118226,0.746987951807229,0.6309297535714573,0.5283208335737187,1,0.2340425531914893,0.5381457196538111,0.2460381671923406,0.1627906976744186,0.1620553359683794,0.1666666666666666,0.2291666666666666,0.6896486113794726,0.6719148058017621,0.2626495350371935,0.0,1.0,0.37132903933525085,0.28108644485473633
0.1655321241630036,0.1137810561246126,0.3200026273770848,0.9565217391304373,0.217391304347826,0.6956521739130435,0.0869565217391304,0.9598816568047336,0.0,0.0,0.5903614457831325,0.0,0.0,0,0.2340425531914893,-0.3216185026689789,0.7543501179769573,0.1627906976744186,0.1620553359683794,0.3958333333333333,0.3333333333333333,0.5960524756730325,0.7256227488424083,0.0,0.4056838710822128,1.0,0.37132903933525085,0.28108641505241394
0.2788738280771332,0.1279639949492921,0.1911335971212903,0.9565217391304373,0.217391304347826,0.6521739130434783,0.7391304347826086,0.9598816568047336,0.4796249331362629,0.244650542118226,0.4819277108433735,0.4999999999999999,0.6666666666666667,-1,0.2340425531914893,-0.4075949249012579,-0.3469924420563787,0.1627906976744186,0.1620553359683794,0.4791666666666666,0.8541666666666666,0.6102988573604058,0.7785496579202744,0.0,0.0,1.0,0.37132903933525085,0.28108641505241394
0.2788738280771332,0.1259527530077646,0.1911335971212903,0.9565217391304373,0.217391304347826,0.1304347826086956,0.2608695652173913,0.9598816568047336,0.0,0.0,0.710843373493976,0.0,0.6666666666666667,-1,0.2340425531914893,0.5381457196538111,-0.0081178081999676,0.1627906976744186,0.1620553359683794,0.7916666666666666,0.375,0.7391716406873454,0.6392187589280496,0.4162896638657991,0.2559580248098154,1.0,0.37132903933525085,0.28108644485473633
0.3550702633115377,0.1594933250016728,0.1433535259435616,0.9565217391304373,0.217391304347826,0.3913043478260869,0.5652173913043479,0.96,0.0,0.244650542118226,0.8072289156626506,0.4999999999999999,0.0,1,0.2340425531914893,0.108263608492416,-0.3469924420563787,0.1627906976744186,0.1620553359683794,0.0833333333333333,0.5833333333333333,0.7911114695383266,0.7632304965003855,0.2626495350371935,0.0,1.0,0.37132903933525085,0.28108641505241394
0.2850876659371844,0.0846607391767546,0.2029395334605369,0.9565217391304373,0.217391304347826,0.4782608695652174,0.3043478260869565,0.96,0.0,0.0,0.1325301204819277,0.3154648767857286,0.3333333333333333,0,0.2340425531914893,-0.2356420804366999,-0.1775551251281732,0.1627906976744186,0.1620553359683794,0.5416666666666666,0.2708333333333333,0.7708995268326573,0.791685605591171,0.4162896638657991,0.0,1.0,0.37132903933525085,0.28108641505241394
0.3976121703135622,0.1279639949492921,0.1358563397052546,0.9565217391304373,0.217391304347826,0.5217391304347826,0.6086956521739131,0.96,0.3800937667159342,0.38776193503849,0.3012048192771084,0.3154648767857286,0.6666666666666667,-1,0.2340425531914893,-0.1496656582044209,-0.3469924420563787,0.1627906976744186,0.1620553359683794,0.9375,0.9583333333333331,0.7917511619422701,0.6633640833826793,0.0,0.0,1.0,0.37132903933525085,0.28108644485473633
0.570155540569418,0.2831313279057526,0.0706438363749528,0.9565217391304373,0.217391304347826,0.1304347826086956,0.5217391304347826,0.963431952662722,0.0,0.489301084236452,0.5301204819277109,0.4999999999999999,0.0,1,0.2553191489361702,1.7418156309057171,-0.3469924420563787,0.1627906976744186,0.1620553359683794,0.4375,0.9375,0.8459076152869385,0.7997691853831779,0.4162896638657991,0.0,1.0,0.37132903933525085,0.28108644485473633
0.4938211258436991,0.2456883726928422,0.0878982789381466,0.9565217391304373,0.217391304347826,0.5652173913043479,0.6521739130434783,0.963431952662722,0.3800937667159342,0.0,0.2409638554216867,0.3154648767857286,0.0,1,0.2553191489361702,-0.4935713471335369,-0.3469924420563787,0.1627906976744186,0.1620553359683794,0.5833333333333333,0.3958333333333333,0.7617923198431134,0.6007722006381433,0.0,0.0,1.0,0.37132903933525085,0.2810864746570587
0.1496830080986548,0.1279639949492921,0.3392694379609783,0.9565217391304373,0.217391304347826,0.6086956521739131,0.3043478260869565,0.963431952662722,0.0,0.0,0.8433734939759037,0.0,0.5283208335737187,-1,0.2553191489361702,-0.1496656582044209,0.5849128010487517,0.1627906976744186,0.1620553359683794,0.9583333333333331,0.1666666666666666,0.6612957778846653,0.6963036127701667,0.2626495350371935,0.4056838710822128,1.0,0.37132903933525085,0.28108644485473633
0.3453746280696936,0.1419068240886909,0.150722109144145,0.9565217391304373,0.217391304347826,0.3913043478260869,0.0434782608695652,0.963550295857988,0.0,0.244650542118226,0.9759036144578314,0.3154648767857286,0.5283208335737187,-1,0.2553191489361702,-0.1496656582044209,0.2460381671923406,0.1627906976744186,0.1620553359683794,0.2708333333333333,0.7916666666666666,0.7894515968994138,0.7471397614457074,0.0,0.0,1.0,0.37132903933525085,0.28108644485473633
0.3147596906990093,0.1137810561246126,0.1748700320482838,0.9565217391304373,0.217391304347826,0.1739130434782608,0.2608695652173913,0.963550295857988,0.0,0.0,0.036144578313253,0.4999999999999999,0.3333333333333333,1,0.2553191489361702,0.280216452956974,0.2460381671923406,0.1627906976744186,0.1620553359683794,0.375,0.0833333333333333,0.6361984867468029,0.7964955353865995,0.4162896638657991,0.4056838710822128,1.0,0.37132900953292847,0.28108638525009155
0.4586852984152476,0.2280893448291361,0.0995768431242991,0.9565217391304373,0.217391304347826,0.0,0.4347826086956522,0.9636686390532544,0.0,0.0,0.4698795180722891,0.7324867603589634,0.3333333333333333,1,0.2553191489361702,0.7960749863506482,-0.262273783592276,0.1627906976744186,0.1620553359683794,0.3333333333333333,0.5416666666666666,0.722712736609312,0.7787882570737279,0.0,0.0,1.0,0.37132903933525085,0.28108644485473633
0.2929347952497527,0.1034987357343872,0.1898015716576803,0.9565217391304373,0.217391304347826,0.6956521739130435,0.3478260869565217,0.9636686390532544,0.5568273036287807,0.38776193503849,0.4819277108433735,0.0,0.3333333333333333,-1,0.2553191489361702,-0.4935713471335369,0.1613195087282378,0.1627906976744186,0.1620553359683794,0.4791666666666666,0.2291666666666666,0.6128728468789018,0.6717339948206098,0.0,0.0,1.0,0.37132903933525085,0.28108641505241394
0.2169669119336663,0.1014267769918961,0.2541112049798425,0.9565217391304373,0.217391304347826,0.782608695652174,0.8260869565217391,0.963786982248521,0.3800937667159342,0.244650542118226,0.2048192771084337,0.4999999999999999,0.0,1,0.2553191489361702,-1.353335569456327,-1.1094603682333035,0.1627906976744186,0.1620553359683794,0.6458333333333333,0.8958333333333333,0.5385454580294933,0.7037558416177114,0.0,0.0,1.0,0.37132903933525085,0.28108641505241394
0.2679868107638353,0.0825407813376326,0.2156875866667074,0.9565217391304373,0.217391304347826,0.4347826086956522,0.3478260869565217,0.963905325443787,0.0,0.244650542118226,0.4819277108433735,0.0,0.3333333333333333,-1,0.2765957446808511,0.280216452956974,-0.262273783592276,0.1627906976744186,0.1620553359683794,0.2291666666666666,0.2708333333333333,0.6677247736167662,0.7939455389543044,0.2626495350371935,0.0,1.0,0.37132903933525085,0.28108641505241394
0.5722774050951485,0.3517381285143586,0.0617495669382994,0.9565217391304373,0.217391304347826,0.1304347826086956,0.4782608695652174,0.963905325443787,0.3800937667159342,0.0,0.0,0.3154648767857286,0.3333333333333333,0,0.2765957446808511,0.3661928751892531,0.4154754841205461,0.1627906976744186,0.1620553359683794,0.6875,0.9791666666666666,0.8334094859088601,0.7628773276037466,0.0,0.4056838710822128,1.0,0.37132903933525085,0.28108641505241394
0.593288509306676,0.3758747471465506,0.0563232480356034,0.9565217391304373,0.217391304347826,0.2608695652173913,0.6086956521739131,0.9640236686390532,0.0,0.244650542118226,0.746987951807229,0.0,0.0,0,0.2765957446808511,0.7960749863506482,-0.4317111005204815,0.1627906976744186,0.1620553359683794,0.1666666666666666,0.3958333333333333,0.6917476965002722,0.6011312025559123,0.525299070074387,0.0,1.0,0.37132903933525085,0.28108644485473633
0.2842059840792585,0.0825407813376326,0.2042314979466188,0.9565217391304373,0.217391304347826,0.3043478260869565,0.0434782608695652,0.9640236686390532,0.0,0.0,0.5301204819277109,0.0,0.5283208335737187,-1,0.2765957446808511,0.280216452956974,1.0085060933692656,0.1627906976744186,0.1620553359683794,0.4583333333333333,0.3333333333333333,0.751287227159722,0.7285953376705445,0.4162896638657991,0.2559580248098154,1.0,0.37132900953292847,0.28108644485473633
0.2734681227793893,0.0761479691706217,0.2131680611578285,0.9565217391304373,0.217391304347826,0.0869565217391304,0.5652173913043479,0.9640236686390532,0.0,0.5680609671737329,0.710843373493976,0.4999999999999999,0.5283208335737187,0,0.2765957446808511,0.3661928751892531,-0.5164297589845843,0.1627906976744186,0.1620553359683794,0.7916666666666666,0.9375,0.7420650904188053,0.80007250181149,0.2626495350371935,0.0,1.0,0.37132903933525085,0.28108644485473633
0.1145633381363702,0.1575577115002546,0.4087069851143491,0.9565217391304373,0.217391304347826,0.7391304347826086,0.0,0.9640236686390532,0.0,0.0,0.8674698795180723,0.3154648767857286,0.0,1,0.2765957446808511,-0.2356420804366999,1.8556926780102927,0.1627906976744186,0.1620553359683794,0.8541666666666666,0.4375,0.7733909248997459,0.8512219432304653,0.2626495350371935,0.5119160496196309,1.0,0.37132900953292847,0.28108638525009155
0.1909745760182749,0.1299703373928096,0.272106626400293,0.9565217391304373,0.217391304347826,0.6956521739130435,0.1739130434782608,0.9642603550295856,0.6199062332840658,0.0,0.4819277108433735,0.3154648767857286,0.3333333333333333,0,0.2765957446808511,-0.579547769365816,0.3307568256564434,0.1627906976744186,0.1620553359683794,0.4791666666666666,0.375,0.6131323203306589,0.6410840061023013,0.0,0.5119160496196309,1.0,0.37132903933525085,0.28108641505241394
0.3065087034064346,0.1279639949492921,0.1734865272523655,0.9565217391304373,0.217391304347826,0.5217391304347826,0.3913043478260869,0.9642603550295856,0.2398124665681314,0.244650542118226,0.8433734939759037,0.3154648767857286,0.3333333333333333,0,0.2765957446808511,-0.3216185026689789,-0.5164297589845843,0.1627906976744186,0.1620553359683794,0.9583333333333331,0.5416666666666666,0.6617009175604356,0.7791120812842991,0.0,0.0,1.0,0.37132900953292847,0.28108638525009155
0.221136179133028,0.1096835194848968,0.2448226729920223,0.9565217391304373,0.217391304347826,0.3913043478260869,0.6086956521739131,0.9642603550295856,0.0,0.0,0.5301204819277109,0.6309297535714573,0.0,1,0.2978723404255319,0.452169297421532,-0.1775551251281732,0.1627906976744186,0.1620553359683794,0.9791666666666666,0.8541666666666666,0.7615241339259067,0.7787123939175375,0.0,0.4056838710822128,1.0,0.37132903933525085,0.28108641505241394
0.6314791134669584,0.4374410823804158,0.0471242269773284,0.9565217391304373,0.217391304347826,0.0434782608695652,0.782608695652174,0.964378698224852,0.0,0.0,0.4698795180722891,0.7324867603589634,0.0,1,0.2978723404255319,1.225957097512043,-1.1941790266974064,0.1627906976744186,0.1620553359683794,0.3333333333333333,0.6458333333333333,0.7231451968018041,0.5407619819506613,0.4162896638657991,0.2559580248098154,1.0,0.37132900953292847,0.28108638525009155
0.2558409126663418,0.0951794411021844,0.2194393822859192,0.9565217391304373,0.217391304347826,0.6521739130434783,0.0869565217391304,0.964378698224852,0.0,0.0,0.5903614457831325,0.3154648767857286,0.0,1,0.2978723404255319,-0.4075949249012579,0.3307568256564434,0.1627906976744186,0.1620553359683794,0.3958333333333333,0.7916666666666666,0.6005829097506734,0.7472356011150574,0.0,0.0,1.0,0.37132903933525085,0.28108641505241394
0.4262778013572661,0.1614244001319842,0.1188869644777832,0.9565217391304373,0.217391304347826,0.0,0.2608695652173913,0.964378698224852,0.2398124665681314,0.244650542118226,0.5301204819277109,0.3154648767857286,0.0,1,0.2978723404255319,1.827792053137996,0.076600850264135,0.1627906976744186,0.1620553359683794,0.4375,0.4583333333333333,0.846244294053297,0.7564591520116506,0.0,0.0,1.0,0.37132900953292847,0.28108644485473633
0.4687347572536368,0.2280893448291361,0.0962723816929588,0.9565217391304373,0.217391304347826,0.6956521739130435,0.3478260869565217,0.964378698224852,0.0,0.244650542118226,0.2409638554216867,0.3154648767857286,0.0,1,0.2978723404255319,-0.4075949249012579,0.1613195087282378,0.1627906976744186,0.1620553359683794,0.5833333333333333,0.2291666666666666,0.7622429288389412,0.6717346601922187,0.2626495350371935,0.0,1.0,0.37132903933525085,0.28108641505241394
0.4425218769201835,0.1786033044914547,0.1125462166234288,0.9565217391304373,0.217391304347826,0.1739130434782608,0.3043478260869565,0.964378698224852,0.0,0.244650542118226,0.0,0.6309297535714573,0.5283208335737187,1,0.2978723404255319,0.3661928751892531,0.1613195087282378,0.1627906976744186,0.1620553359683794,0.6875,0.0833333333333333,0.8335344577264443,0.7968033785251405,0.0,0.0,1.0,0.37132900953292847,0.28108641505241394
0.1484368785255498,0.1137810561246126,0.3531728478687933,0.9565217391304373,0.217391304347826,0.8260869565217391,0.217391304347826,0.964378698224852,0.3800937667159342,0.0,0.1686746987951807,0.0,0.3333333333333333,-1,0.2978723404255319,-1.267359147224048,0.7543501179769573,0.1627906976744186,0.1620553359683794,0.8958333333333333,0.1666666666666666,0.6986673386915496,0.6963967810555085,0.0,0.0,1.0,0.37132903933525085,0.28108638525009155
0.327610265581966,0.0653817614085827,0.1830787761130242,0.9565217391304373,0.217391304347826,0.5652173913043479,0.4347826086956522,0.964378698224852,0.0,0.0,0.3012048192771084,0.4999999999999999,0.0,1,0.2978723404255319,-0.4935713471335369,-0.1775551251281732,0.1627906976744186,0.1620553359683794,0.9375,0.2708333333333333,0.7946127362179258,0.7940456407504655,0.0,0.2559580248098154,1.0,0.37132900953292847,0.28108638525009155
0.3081728563127029,0.1239365875804408,0.1762490954086448,0.9565217391304373,0.217391304347826,0.3913043478260869,0.4347826086956522,0.9647337278106513,0.3800937667159342,0.0,0.4819277108433735,0.0,0.5283208335737187,-1,0.3191489361702128,0.108263608492416,0.6696314595128544,0.1627906976744186,0.1620553359683794,0.2291666666666666,0.9791666666666666,0.6677044506890077,0.7628773276037466,0.0,0.2559580248098154,1.0,0.37132903933525085,0.28108641505241394
0.2293439643729159,0.0697051475346495,0.2564022923722924,0.9565217391304373,0.217391304347826,0.3478260869565217,0.0,0.9647337278106513,0.2398124665681314,0.0,0.9759036144578314,0.0,0.0,0,0.3191489361702128,-0.3216185026689789,1.516818044153882,0.1627906976744186,0.1620553359683794,0.2708333333333333,0.3333333333333333,0.7899870068069836,0.7288469221234377,0.0,0.5119160496196309,1.0,0.37132900953292847,0.28108638525009155
0.2180133943192885,0.0653817614085827,0.2710037301132953,0.9565217391304373,0.217391304347826,0.2608695652173913,0.1739130434782608,0.9647337278106513,0.3800937667159342,0.0,0.5301204819277109,0.3154648767857286,0.5283208335737187,-1,0.3191489361702128,0.022287186260137,0.4154754841205461,0.1627906976744186,0.1620553359683794,0.4583333333333333,0.6875,0.7515796746257364,0.8389290366372906,0.0,0.2559580248098154,1.0,0.37132903933525085,0.28108638525009155
0.2806592863842163,0.0951794411021844,0.2029395334605369,0.9565217391304373,0.217391304347826,0.6956521739130435,0.8260869565217391,0.9648520710059172,0.0,0.489301084236452,0.5903614457831325,0.4999999999999999,0.5283208335737187,0,0.3191489361702128,-0.3216185026689789,-1.363616343625612,0.1627906976744186,0.1620553359683794,0.3958333333333333,0.8958333333333333,0.6008328101122016,0.7034619046315418,0.2626495350371935,0.0,1.0,0.37132903933525085,0.28108644485473633
0.1090820261208161,0.1536727837037277,0.4313421174396027,0.9565217391304373,0.217391304347826,0.7391304347826086,0.6521739130434783,0.9648520710059172,0.2398124665681314,0.0,0.2048192771084337,0.0,0.3333333333333333,-1,0.3191489361702128,-1.5252884139208849,-0.3469924420563787,0.1627906976744186,0.1620553359683794,0.6458333333333333,0.9375,0.539193361732718,0.8002580561527648,0.0,0.2559580248098154,1.0,0.37132903933525085,0.28108638525009155
0.1186245912732139,0.1729167237939524,0.3873468977748979,0.9565217391304373,0.217391304347826,0.0869565217391304,0.0434782608695652,0.9648520710059172,0.2398124665681314,0.0,0.710843373493976,0.3154648767857286,0.5283208335737187,-1,0.3191489361702128,0.280216452956974,1.8556926780102927,0.1627906976744186,0.1620553359683794,0.7916666666666666,0.4375,0.7424760472688414,0.8514775945924857,0.0,0.2559580248098154,1.0,0.3713289797306061,0.2810862958431244
0.2577341889114768,0.1198893894325332,0.2093608468624356,0.9565217391304373,0.217391304347826,0.5217391304347826,0.5652173913043479,0.9648520710059172,0.2398124665681314,0.0,0.8674698795180723,0.3154648767857286,0.5283208335737187,-1,0.3191489361702128,-0.4075949249012579,-0.3469924420563787,0.1627906976744186,0.1620553359683794,0.8541666666666666,0.5833333333333333,0.7734887651754436,0.7662979571213164,0.0,0.4056838710822128,1.0,0.37132903933525085,0.28108641505241394
0.4875671513147107,0.2046335620890687,0.0962723816929588,0.9565217391304373,0.217391304347826,0.217391304347826,0.3913043478260869,0.9650887573964496,0.0,0.0,0.746987951807229,0.3154648767857286,0.3333333333333333,0,0.3404255319148936,0.8820514085829272,-0.3469924420563787,0.1627906976744186,0.1620553359683794,0.1666666666666666,0.2708333333333333,0.6920860029300859,0.794412738425956,0.2626495350371935,0.0,1.0,0.37132903933525085,0.28108644485473633
0.3423424472144094,0.2334086517959568,0.1312944079711719,0.9565217391304373,0.217391304347826,0.782608695652174,0.0869565217391304,0.9650887573964496,0.0,0.38776193503849,0.4819277108433735,0.6309297535714573,0.3333333333333333,1,0.3404255319148936,-0.579547769365816,0.1613195087282378,0.1627906976744186,0.1620553359683794,0.4791666666666666,0.7916666666666666,0.6135171030597941,0.7474219546009768,0.0,0.0,1.0,0.37132903933525085,0.28108638525009155
0.2190570897977888,0.1299703373928096,0.2377220507032456,0.9565217391304373,0.217391304347826,0.8260869565217391,0.6521739130434783,0.9650887573964496,0.0,0.38776193503849,0.1686746987951807,0.4999999999999999,0.5283208335737187,0,0.3404255319148936,-1.353335569456327,-0.5164297589845843,0.1627906976744186,0.1620553359683794,0.8958333333333333,0.8541666666666666,0.698677280258517,0.7787297512758695,0.0,0.0,1.0,0.37132903933525085,0.2810863256454468
0.4287272307091476,0.1917212659012055,0.1125462166234288,0.9565217391304373,0.217391304347826,0.2608695652173913,0.6086956521739131,0.9650887573964496,0.0,0.0,0.5301204819277109,0.3154648767857286,0.3333333333333333,0,0.3404255319148936,0.8820514085829272,-0.3469924420563787,0.1627906976744186,0.1620553359683794,0.9791666666666666,0.3958333333333333,0.7615241339259067,0.6032555409459579,0.4162896638657991,0.0,1.0,0.37132903933525085,0.28108644485473633
0.5340772706496607,0.2914088163317201,0.0741506139536872,0.9565217391304373,0.217391304347826,0.0,0.4347826086956522,0.9652071005917158,0.0,0.489301084236452,0.4698795180722891,0.3154648767857286,0.5283208335737187,-1,0.3404255319148936,1.5698627864411592,-0.0928364666640704,0.1627906976744186,0.1620553359683794,0.3333333333333333,0.2291666666666666,0.7236536440352441,0.6717219165246526,0.0,0.0,1.0,0.37132903933525085,0.28108641505241394
0.661923638467239,0.4998550585167591,0.0377238985366141,0.9565217391304373,0.217391304347826,0.1739130434782608,0.7391304347826086,0.9652071005917158,0.0,0.38776193503849,0.036144578313253,0.6309297535714573,0.0,1,0.3404255319148936,0.3661928751892531,-1.6177723190179203,0.1627906976744186,0.1620553359683794,0.375,0.6458333333333333,0.6368400783430725,0.541508794721592,0.0,0.0,1.0,0.37132903933525085,0.28108644485473633
0.4698356215183736,0.2814658002081942,0.0862036894908637,0.9565217391304373,0.217391304347826,0.4782608695652174,0.6956521739130435,0.9652071005917158,0.0,0.0,0.2409638554216867,0.3154648767857286,0.3333333333333333,0,0.3404255319148936,-0.2356420804366999,-0.3469924420563787,0.1627906976744186,0.1620553359683794,0.5833333333333333,0.9583333333333331,0.7626121806107935,0.666507150485667,0.525299070074387,0.0,1.0,0.37132903933525085,0.28108644485473633
0.5593703959950082,0.3578389206010404,0.063543214086176,0.9565217391304373,0.217391304347826,0.1304347826086956,0.5217391304347826,0.9652071005917158,0.0,0.0,0.0,0.3154648767857286,0.0,1,0.3404255319148936,0.5381457196538111,-0.5164297589845843,0.1627906976744186,0.1620553359683794,0.6875,0.5416666666666666,0.8337795495055527,0.779658245424703,0.4162896638657991,0.0,1.0,0.37132903933525085,0.28108641505241394
0.3369790165966648,0.1014267769918961,0.1665013673666011,0.9565217391304373,0.217391304347826,0.5652173913043479,0.3043478260869565,0.9652071005917158,0.0,0.489301084236452,0.3012048192771084,0.6309297535714573,0.3333333333333333,1,0.3404255319148936,-0.2356420804366999,-0.0928364666640704,0.1627906976744186,0.1620553359683794,0.9375,0.4583333333333333,0.7950145268763735,0.7567589509187524,0.4162896638657991,0.0,1.0,0.37132903933525085,0.28108638525009155
0.5718539502505436,0.3173512182392655,0.0653294032202187,0.9565217391304373,0.217391304347826,0.0434782608695652,0.3478260869565217,0.9653254437869824,0.0,0.38776193503849,0.5301204819277109,0.3154648767857286,0.0,1,0.3404255319148936,1.9997448976025545,0.076600850264135,0.1627906976744186,0.1620553359683794,0.4375,0.0833333333333333,0.8465661636191528,0.7971518630454499,0.4162896638657991,0.0,1.0,0.37132900953292847,0.28108644485473633
0.327610265581966,0.1823726619438934,0.1477898256233795,0.9565217391304373,0.217391304347826,0.5652173913043479,0.782608695652174,0.9655621301775148,0.2398124665681314,0.0,0.1325301204819277,0.4999999999999999,0.3333333333333333,1,0.3617021276595745,-0.579547769365816,-0.4317111005204815,0.1627906976744186,0.1620553359683794,0.5416666666666666,0.4791666666666666,0.7748887130303908,0.6174323798401231,0.0,0.2559580248098154,1.0,0.37132903933525085,0.2810864746570587
0.1702825753028309,0.1279639949492921,0.2998309467029157,0.9565217391304373,0.217391304347826,0.8260869565217391,0.217391304347826,0.9659171597633138,0.0,0.0,0.1686746987951807,0.0,0.0,0,0.3617021276595745,-1.353335569456327,0.5849128010487517,0.1627906976744186,0.1620553359683794,0.8958333333333333,0.375,0.6986892732788605,0.6416232809317355,0.0,0.2559580248098154,1.0,0.37132903933525085,0.28108641505241394
0.3716575976879044,0.1575577115002546,0.1373662810412862,0.9565217391304373,0.217391304347826,0.2608695652173913,0.6521739130434783,0.9659171597633138,0.0,0.0,0.5301204819277109,0.6309297535714573,0.5283208335737187,1,0.3617021276595745,0.8820514085829272,-0.3469924420563787,0.1627906976744186,0.1620553359683794,0.9791666666666666,0.9583333333333331,0.7615241339259067,0.6668700823836098,0.0,0.0,1.0,0.37132903933525085,0.28108641505241394
0.3299735335706777,0.180490139602538,0.1463161436710143,0.9565217391304373,0.217391304347826,0.3478260869565217,0.1304347826086956,0.96603550295858,0.4796249331362629,0.489301084236452,0.8072289156626506,0.4999999999999999,0.3333333333333333,1,0.3617021276595745,0.022287186260137,-0.0081178081999676,0.1627906976744186,0.1620553359683794,0.0833333333333333,0.7916666666666666,0.7940708038050699,0.7480365832883613,0.0,0.0,1.0,0.3713289797306061,0.28108638525009155
0.2842059840792585,0.1178583078464172,0.1898015716576803,0.9565217391304373,0.217391304347826,0.1739130434782608,0.0,0.96603550295858,0.0,0.244650542118226,0.746987951807229,0.0,0.5283208335737187,-1,0.3617021276595745,0.8820514085829272,1.4320993856897792,0.1627906976744186,0.1620553359683794,0.1666666666666666,0.3333333333333333,0.6923687758519119,0.729811255828517,0.0,0.0,1.0,0.37132900953292847,0.28108641505241394
0.0921625316054402,0.1823726619438934,0.4726307199596241,0.9565217391304373,0.217391304347826,0.5217391304347826,0.0434782608695652,0.96603550295858,0.0,0.0,0.4819277108433735,0.3154648767857286,0.3333333333333333,0,0.3617021276595745,0.022287186260137,2.0251299949384984,0.1627906976744186,0.1620553359683794,0.2291666666666666,0.4375,0.6676689128784361,0.8518471075756351,0.2626495350371935,0.5119160496196309,1.0,0.37132900953292847,0.2810863256454468
0.3291873599458501,0.1239365875804408,0.1636751869898455,0.9565217391304373,0.217391304347826,0.4782608695652174,0.7391304347826086,0.96603550295858,0.0,0.244650542118226,0.9759036144578314,0.3154648767857286,0.3333333333333333,0,0.3829787234042553,-0.3216185026689789,-0.5164297589845843,0.1627906976744186,0.1620553359683794,0.2708333333333333,0.4791666666666666,0.7905554126840884,0.6176244875415231,0.0,0.0,1.0,0.37132903933525085,0.28108641505241394
0.1954281173587096,0.0740059571289852,0.2914893667832496,0.9565217391304373,0.217391304347826,0.6086956521739131,0.0869565217391304,0.96603550295858,0.0,0.0,0.5903614457831325,0.4999999999999999,0.5283208335737187,0,0.3829787234042553,-0.3216185026689789,0.5849128010487517,0.1627906976744186,0.1620553359683794,0.3958333333333333,0.6875,0.6016372400084562,0.8393559968032009,0.0,0.5119160496196309,1.0,0.37132900953292847,0.28108638525009155
0.3688228119425819,0.1438795272252668,0.1403703343170966,0.9565217391304373,0.217391304347826,0.3478260869565217,0.5652173913043479,0.96603550295858,0.5568273036287807,0.0,0.5301204819277109,0.3154648767857286,0.0,1,0.3829787234042553,-0.2356420804366999,-0.5164297589845843,0.1627906976744186,0.1620553359683794,0.4583333333333333,0.5416666666666666,0.7521584248011155,0.7799862165372227,0.0,0.2559580248098154,1.0,0.3713289797306061,0.2810862958431244
0.2539384457238134,0.0951794411021844,0.2194393822859192,0.9565217391304373,0.217391304347826,0.4347826086956522,0.5217391304347826,0.9661538461538464,0.0,0.0,0.2409638554216867,0.3154648767857286,0.5283208335737187,-1,0.3829787234042553,-0.2356420804366999,-0.0928364666640704,0.1627906976744186,0.1620553359683794,0.5833333333333333,0.9375,0.7630290004076092,0.8008807379085285,0.0,0.5119160496196309,1.0,0.37132900953292847,0.28108638525009155
0.5469278455326174,0.3949779071204222,0.0599483992353185,0.9565217391304373,0.217391304347826,0.6956521739130435,0.782608695652174,0.9662721893491124,0.0,0.489301084236452,0.8674698795180723,0.6309297535714573,0.3333333333333333,1,0.3829787234042553,-0.4935713471335369,-1.871928294410229,0.1627906976744186,0.1620553359683794,0.8541666666666666,0.6458333333333333,0.7736794895486712,0.5416433595171481,0.0,0.0,1.0,0.37132906913757324,0.2810864746570587
0.6376168954355408,0.4497645516859279,0.0452605456688498,0.9565217391304373,0.217391304347826,0.0,0.2608695652173913,0.9667455621301776,0.0,0.0,0.5301204819277109,0.4999999999999999,0.3333333333333333,1,0.3829787234042553,2.085721319834833,0.9237874349051628,0.1627906976744186,0.1620553359683794,0.4375,0.9791666666666666,0.8470547183311055,0.7628773276037466,0.0,0.2559580248098154,1.0,0.37132900953292847,0.28108641505241394
0.1976360523285386,0.1178583078464172,0.2665636092632477,0.9565217391304373,0.217391304347826,0.217391304347826,0.3913043478260869,0.9667455621301776,0.5568273036287807,0.244650542118226,0.710843373493976,0.3154648767857286,0.6666666666666667,-1,0.4042553191489362,-0.0636892359721419,-0.3469924420563787,0.1627906976744186,0.1620553359683794,0.7916666666666666,0.5833333333333333,0.7435163169110568,0.7671368421837881,0.0,0.0,1.0,0.37132903933525085,0.28108644485473633
0.4293372034712764,0.1710124381692548,0.1157282894535847,0.9565217391304373,0.217391304347826,0.3043478260869565,0.6086956521739131,0.9667455621301776,0.0,0.0,0.3012048192771084,0.4999999999999999,0.0,1,0.4042553191489362,0.022287186260137,-0.3469924420563787,0.1627906976744186,0.1620553359683794,0.9375,0.3958333333333333,0.7958059693037394,0.6038524681854363,0.6098533345119622,0.0,1.0,0.37132903933525085,0.28108644485473633
0.4615027614524243,0.304482156948169,0.0845023887807356,0.9565217391304373,0.217391304347826,0.0434782608695652,0.6956521739130435,0.966863905325444,0.0,0.0,0.4698795180722891,0.3154648767857286,0.5283208335737187,-1,0.4042553191489362,1.655839208673438,-0.3469924420563787,0.1627906976744186,0.1620553359683794,0.3333333333333333,0.8541666666666666,0.7247616078191033,0.7791612881889749,0.2626495350371935,0.2559580248098154,1.0,0.37132900953292847,0.28108638525009155
0.4413414319899128,0.21554237277169,0.10448635790819,0.9565217391304373,0.217391304347826,0.1304347826086956,0.4782608695652174,0.966863905325444,0.0,0.0,0.036144578313253,0.6309297535714573,0.6666666666666667,0,0.4042553191489362,0.62412214188609,-0.1775551251281732,0.1627906976744186,0.1620553359683794,0.375,0.4583333333333333,0.6374472513137308,0.7574898035170581,0.0,0.2559580248098154,1.0,0.37132900953292847,0.2810863256454468
0.2343878875418478,0.1158222050398993,0.228068209202461,0.9565217391304373,0.217391304347826,0.7391304347826086,0.2608695652173913,0.966863905325444,0.0,0.244650542118226,0.4819277108433735,0.0,0.8616541669070521,-1,0.4042553191489362,-0.4935713471335369,0.6696314595128544,0.1627906976744186,0.1620553359683794,0.4791666666666666,0.1666666666666666,0.614427890195637,0.6971586104766077,0.0,0.0,1.0,0.37132903933525085,0.28108641505241394
0.5952890619945985,0.3425013606825879,0.0599483992353185,0.9565217391304373,0.217391304347826,0.0869565217391304,0.3478260869565217,0.966863905325444,0.0,0.0,0.0,0.4999999999999999,0.3333333333333333,1,0.4042553191489362,0.62412214188609,-0.0081178081999676,0.1627906976744186,0.1620553359683794,0.6875,0.2291666666666666,0.8343063272715241,0.6716812427836614,0.0,0.0,1.0,0.37132903933525085,0.28108644485473633
0.2190570897977888,0.0951794411021844,0.2529610627457457,0.9565217391304373,0.217391304347826,0.6521739130434783,0.5217391304347826,0.966863905325444,0.2398124665681314,0.0,0.8433734939759037,0.3154648767857286,0.3333333333333333,0,0.4042553191489362,-0.4075949249012579,0.076600850264135,0.1627906976744186,0.1620553359683794,0.9583333333333331,0.0833333333333333,0.6631556441019784,0.7979203308637806,0.0,0.2559580248098154,1.0,0.37132900953292847,0.28108638525009155
0.3673976924792801,0.1823726619438934,0.1312944079711719,0.9565217391304373,0.217391304347826,0.5652173913043479,0.8260869565217391,0.96698224852071,0.2398124665681314,0.0,0.1325301204819277,0.0,0.3333333333333333,-1,0.4042553191489362,-0.579547769365816,-1.363616343625612,0.1627906976744186,0.1620553359683794,0.5416666666666666,0.8958333333333333,0.7756784854514607,0.7034897247020175,0.0,0.0,1.0,0.37132903933525085,0.28108641505241394
0.1279403166183526,0.1399293845654892,0.3831145692757648,0.9565217391304373,0.217391304347826,0.782608695652174,0.4347826086956522,0.9671005917159764,0.5568273036287807,0.0,0.2048192771084337,0.4999999999999999,0.3333333333333333,1,0.4042553191489362,-2.0411469473145587,-0.3469924420563787,0.1627906976744186,0.1620553359683794,0.6458333333333333,0.2708333333333333,0.5406819762082244,0.7951370800739188,0.0,0.0,1.0,0.37132903933525085,0.28108641505241394
0.2972273619374852,0.1178583078464172,0.1803599197723839,0.9565217391304373,0.217391304347826,0.4347826086956522,0.217391304347826,0.9675739644970413,0.2398124665681314,0.6324124771567161,0.4819277108433735,0.3154648767857286,0.0,1,0.425531914893617,-0.0636892359721419,-0.262273783592276,0.1627906976744186,0.1620553359683794,0.2291666666666666,0.7916666666666666,0.6676257229775373,0.7487412062176928,0.0,0.0,1.0,0.37132903933525085,0.28108641505241394
0.3976121703135622,0.2101060285072395,0.1173105301661802,0.9565217391304373,0.217391304347826,0.6521739130434783,0.782608695652174,0.9675739644970413,0.2398124665681314,0.0,0.5903614457831325,0.4999999999999999,0.5283208335737187,0,0.425531914893617,-0.4935713471335369,-1.9566469528743315,0.1627906976744186,0.1620553359683794,0.3958333333333333,0.6458333333333333,0.6027187560231975,0.5427204821060931,0.0,0.2559580248098154,1.0,0.37132903933525085,0.28108644485473633
0.3896001552534823,0.2064617607659762,0.1188869644777832,0.9565217391304373,0.217391304347826,0.3478260869565217,0.7391304347826086,0.9675739644970413,0.0,0.244650542118226,0.5301204819277109,0.4999999999999999,0.3333333333333333,1,0.425531914893617,-0.1496656582044209,-0.940023051305098,0.1627906976744186,0.1620553359683794,0.4583333333333333,0.4791666666666666,0.7528273683535527,0.6183253989427622,0.0,0.0,1.0,0.37132903933525085,0.28108644485473633
0.3188209438358532,0.1438795272252668,0.1622550935715581,0.9565217391304373,0.217391304347826,0.8260869565217391,0.3043478260869565,0.9675739644970413,0.0,0.0,0.1686746987951807,0.4999999999999999,0.5283208335737187,0,0.425531914893617,-1.267359147224048,0.1613195087282378,0.1627906976744186,0.1620553359683794,0.8958333333333333,0.9375,0.6987174489151811,0.8015060103544227,0.2626495350371935,0.6616418958920284,1.0,0.37132903933525085,0.28108641505241394
0.4238129666880917,0.2280893448291361,0.1061104727645804,0.9565217391304373,0.217391304347826,0.3913043478260869,0.5652173913043479,0.9676923076923076,0.0,0.38776193503849,0.8072289156626506,0.3154648767857286,0.6666666666666667,-1,0.425531914893617,0.108263608492416,-0.6858670759127897,0.1627906976744186,0.1620553359683794,0.0833333333333333,0.5416666666666666,0.7946909905575239,0.7808359038690764,0.0,0.0,1.0,0.37132903933525085,0.28108644485473633
0.2343878875418478,0.105565495076829,0.2329222480557755,0.9565217391304373,0.217391304347826,0.4782608695652174,0.1304347826086956,0.9676923076923076,0.2398124665681314,0.0,0.9759036144578314,0.3154648767857286,0.5283208335737187,-1,0.425531914893617,-0.4075949249012579,0.5849128010487517,0.1627906976744186,0.1620553359683794,0.2708333333333333,0.375,0.7912624571172377,0.6422151556960005,0.0,0.0,1.0,0.37132903933525085,0.28108641505241394
0.1076996351970062,0.1671906068761581,0.423670880232538,0.9565217391304373,0.217391304347826,0.5217391304347826,0.0,0.9676923076923076,0.0,0.0,0.2409638554216867,0.3154648767857286,0.6666666666666667,-1,0.425531914893617,-0.1496656582044209,2.1098486534026013,0.1627906976744186,0.1620553359683794,0.5833333333333333,0.4375,0.7637260046933834,0.8523668895958314,0.2626495350371935,0.2559580248098154,1.0,0.37132900953292847,0.28108638525009155
0.3446187793868908,0.2173465425309795,0.1328204410780215,0.9565217391304373,0.217391304347826,0.6086956521739131,0.6956521739130435,0.9676923076923076,0.0,0.0,0.8674698795180723,0.0,0.9357849740192014,-1,0.425531914893617,-0.2356420804366999,-0.4317111005204815,0.1627906976744186,0.1620553359683794,0.8541666666666666,0.9583333333333331,0.773865641610713,0.6677018865803805,0.4162896638657991,0.0,1.0,0.37132903933525085,0.28108641505241394
0.2063454645424366,0.0930864204947734,0.2698979949652853,0.9565217391304373,0.217391304347826,0.2608695652173913,0.0869565217391304,0.9678106508875736,0.0,0.0,0.746987951807229,0.0,0.3333333333333333,-1,0.425531914893617,1.139980675279764,0.6696314595128544,0.1627906976744186,0.1620553359683794,0.1666666666666666,0.6875,0.6929283727220892,0.8398829037199065,0.2626495350371935,0.2559580248098154,1.0,0.37132900953292847,0.28108641505241394
0.1976360523285386,0.1419068240886909,0.2541112049798425,0.9565217391304373,0.217391304347826,0.1739130434782608,0.0434782608695652,0.9679289940828402,0.2398124665681314,0.244650542118226,0.5301204819277109,0.3154648767857286,0.3333333333333333,0,0.425531914893617,0.8820514085829272,1.516818044153882,0.1627906976744186,0.1620553359683794,0.9791666666666666,0.3333333333333333,0.7615241339259067,0.7310520758508778,0.0,0.0,1.0,0.3713289797306061,0.2810863256454468
0.1266229795106029,0.1786033044914547,0.358610615007071,0.9565217391304373,0.217391304347826,0.782608695652174,0.6956521739130435,0.9680473372781068,0.0,0.0,0.2048192771084337,0.4999999999999999,0.0,1,0.4468085106382979,-1.95517052508228,0.076600850264135,0.1627906976744186,0.1620553359683794,0.6458333333333333,0.9583333333333331,0.5411747487606973,0.6678389369176674,0.0,0.2559580248098154,1.0,0.3713289797306061,0.2810862958431244
0.3855318756010436,0.180490139602538,0.1266835100238632,0.9565217391304373,0.217391304347826,0.0434782608695652,0.4347826086956522,0.9684023668639052,0.0,0.244650542118226,0.4698795180722891,0.4999999999999999,0.3333333333333333,1,0.4468085106382979,1.5698627864411592,-0.3469924420563787,0.1627906976744186,0.1620553359683794,0.3333333333333333,0.5833333333333333,0.7257438078413345,0.7678023095390694,0.0,0.0,1.0,0.37132900953292847,0.28108641505241394
0.2383768015762443,0.1137810561246126,0.22315869441857,0.9565217391304373,0.217391304347826,0.3043478260869565,0.3478260869565217,0.9684023668639052,0.6732387083908185,0.0,0.710843373493976,0.7324867603589634,0.5283208335737187,1,0.4468085106382979,-0.3216185026689789,-0.0928364666640704,0.1627906976744186,0.1620553359683794,0.7916666666666666,0.4583333333333333,0.7443609756888685,0.7580842902726708,0.0,0.2559580248098154,1.0,0.3713289797306061,0.2810863256454468
0.415693478715797,0.2629191929110002,0.1012195903186518,0.9565217391304373,0.217391304347826,0.1304347826086956,0.5652173913043479,0.9685207100591716,0.0,0.244650542118226,0.036144578313253,0.4999999999999999,0.0,1,0.4468085106382979,0.7100985641183691,-0.7705857343768925,0.1627906976744186,0.1620553359683794,0.375,0.8541666666666666,0.6380234527561288,0.7794150955439767,0.2626495350371935,0.0,1.0,0.37132900953292847,0.28108638525009155
0.2283273427378551,0.1359602050001027,0.2243913433786063,0.9565217391304373,0.217391304347826,0.7391304347826086,0.217391304347826,0.9685207100591716,0.3800937667159342,0.0,0.4819277108433735,0.0,0.3333333333333333,-1,0.4468085106382979,-1.0094298805272108,0.83906877644106,0.1627906976744186,0.1620553359683794,0.4791666666666666,0.9791666666666666,0.6152335496883177,0.7628773276037466,0.0,0.0,1.0,0.37132903933525085,0.28108638525009155
0.3283996060714674,0.1198893894325332,0.1636751869898455,0.9565217391304373,0.217391304347826,0.6086956521739131,0.4782608695652174,0.9685207100591716,0.0,0.0,0.1325301204819277,0.0,0.0,0,0.4468085106382979,-0.4935713471335369,-0.0081178081999676,0.1627906976744186,0.1620553359683794,0.5416666666666666,0.2291666666666666,0.7764974576923798,0.6716415282393842,0.2626495350371935,0.2559580248098154,1.0,0.37132900953292847,0.28108638525009155
0.133165826308272,0.1614244001319842,0.355900335557304,0.9565217391304373,0.217391304347826,0.7391304347826086,0.1739130434782608,0.9685207100591716,0.0,0.244650542118226,0.2048192771084337,0.3154648767857286,0.6666666666666667,-1,0.4680851063829787,-1.783217680617722,1.0085060933692656,0.1627906976744186,0.1620553359683794,0.6458333333333333,0.1666666666666666,0.5413639896646003,0.6976197158523123,0.2626495350371935,0.0,1.0,0.37132903933525085,0.28108638525009155
0.3163892457310063,0.1379471858571372,0.1650906013439089,0.9565217391304373,0.217391304347826,0.6521739130434783,0.5652173913043479,0.9685207100591716,0.2398124665681314,0.38776193503849,0.8433734939759037,0.4999999999999999,0.6666666666666667,-1,0.4680851063829787,-0.0636892359721419,-0.5164297589845843,0.1627906976744186,0.1620553359683794,0.9583333333333331,0.2708333333333333,0.6639809860751684,0.7957007649236483,0.0,0.0,1.0,0.37132903933525085,0.28108641505241394
0.6390472160762926,0.4672457649365902,0.0433887437190071,0.9565217391304373,0.217391304347826,0.0869565217391304,0.8260869565217391,0.9686390532544378,0.0,0.0,0.0,0.6309297535714573,0.0,1,0.4680851063829787,0.7960749863506482,-1.278897685161509,0.1627906976744186,0.1620553359683794,0.6875,0.8958333333333333,0.8348439277829727,0.703514138586131,0.4162896638657991,0.0,1.0,0.37132903933525085,0.28108641505241394
0.4118885224146686,0.1691037393641927,0.1204576348485068,0.9565217391304373,0.217391304347826,0.2608695652173913,0.4347826086956522,0.9686390532544378,0.0,0.244650542118226,0.3012048192771084,0.4999999999999999,0.0,1,0.4680851063829787,0.194240030724695,-0.0928364666640704,0.1627906976744186,0.1620553359683794,0.9375,0.0833333333333333,0.7967527692206782,0.7985772751103102,0.0,0.0,1.0,0.37132903933525085,0.28108644485473633
0.7926817726117478,0.6220501438662731,0.0222419394657445,0.9565217391304373,0.217391304347826,0.0,0.6956521739130435,0.9687573964497038,0.0,0.0,0.5301204819277109,1.0,0.0,1,0.4680851063829787,2.34365058653167,-0.5164297589845843,0.1627906976744186,0.1620553359683794,0.4375,0.3958333333333333,0.8477301744955892,0.6049516440762128,0.4162896638657991,0.0,1.0,0.37132900953292847,0.28108641505241394
0.3976121703135622,0.2543488432999805,0.1093403967615045,0.9565217391304373,0.217391304347826,0.1739130434782608,0.3478260869565217,0.9692307692307692,0.0,0.0,0.746987951807229,0.7324867603589634,0.3333333333333333,1,0.4893617021276595,1.225957097512043,-0.1775551251281732,0.1627906976744186,0.1620553359683794,0.1666666666666666,0.7916666666666666,0.6933441429444811,0.749481402898126,0.2626495350371935,0.2559580248098154,1.0,0.37132903933525085,0.28108644485473633
0.4022113043076551,0.2064617607659762,0.1173105301661802,0.9565217391304373,0.217391304347826,0.3913043478260869,0.7391304347826086,0.9692307692307692,0.0,0.244650542118226,0.4819277108433735,0.0,0.3333333333333333,-1,0.4893617021276595,0.022287186260137,-1.9566469528743315,0.1627906976744186,0.1620553359683794,0.2291666666666666,0.6458333333333333,0.6675791085467055,0.5435873999530982,0.0,0.0,1.0,0.37132903933525085,0.28108644485473633
0.1509251879675984,0.1158222050398993,0.3448849148886689,0.9565217391304373,0.217391304347826,0.5652173913043479,0.0434782608695652,0.9693491124260354,0.0,0.0,0.9759036144578314,0.3154648767857286,0.3333333333333333,0,0.4893617021276595,-0.4075949249012579,1.0085060933692656,0.1627906976744186,0.1620553359683794,0.2708333333333333,0.6875,0.7919299468716436,0.8402825384473951,0.2626495350371935,0.5119160496196309,1.0,0.37132900953292847,0.28108638525009155
0.3587364024929171,0.145847516610311,0.1463161436710143,0.9565217391304373,0.217391304347826,0.0869565217391304,0.2608695652173913,0.9693491124260354,0.0,0.0,0.4698795180722891,0.3154648767857286,0.0,1,0.4893617021276595,1.655839208673438,0.3307568256564434,0.1627906976744186,0.1620553359683794,0.3333333333333333,0.9375,0.7262798009037332,0.8022914837515722,0.2626495350371935,0.2559580248098154,1.0,0.3713289797306061,0.2810863256454468
0.1726363807000494,0.1096835194848968,0.3090255921494768,0.9565217391304373,0.217391304347826,0.6956521739130435,0.4347826086956522,0.9693491124260354,0.2398124665681314,0.38776193503849,0.5903614457831325,0.3154648767857286,0.0,1,0.4893617021276595,-1.181382724991769,-0.262273783592276,0.1627906976744186,0.1620553359683794,0.3958333333333333,0.0833333333333333,0.6039433223109263,0.7987152115796567,0.0,0.0,1.0,0.37132903933525085,0.28108638525009155
0.7378959714086007,0.5458644798930417,0.0300526613295494,0.9565217391304373,0.217391304347826,0.0,0.5217391304347826,0.9693491124260354,0.0,0.0,0.5301204819277109,0.3154648767857286,0.3333333333333333,0,0.4893617021276595,3.031461964389902,-0.5164297589845843,0.1627906976744186,0.1620553359683794,0.4375,0.5416666666666666,0.8478832942117778,0.7816436012669536,0.525299070074387,0.0,1.0,0.3713289797306061,0.28108638525009155
0.2472061281629526,0.1339684188642493,0.2119027351536836,0.9565217391304373,0.217391304347826,0.6086956521739131,0.3043478260869565,0.9693491124260354,0.3800937667159342,0.244650542118226,0.8674698795180723,0.0,0.0,0,0.4893617021276595,-0.923453458294932,-0.262273783592276,0.1627906976744186,0.1620553359683794,0.8541666666666666,0.4583333333333333,0.7740826132433047,0.7584868222154653,0.0,0.0,1.0,0.37132900953292847,0.2810863256454468
0.2586774081887978,0.1517234261883286,0.1951050694866963,0.9565217391304373,0.217391304347826,0.217391304347826,0.1304347826086956,0.9693491124260354,0.0,0.0,0.5301204819277109,0.8154648767857287,0.3333333333333333,1,0.4893617021276595,0.9680278308152062,0.83906877644106,0.1627906976744186,0.1620553359683794,0.9791666666666666,0.375,0.7615241339259067,0.6427183059228978,0.2626495350371935,0.4056838710822128,1.0,0.3713289797306061,0.2810863256454468
0.4250473217889774,0.2595017474858638,0.1012195903186518,0.9565217391304373,0.217391304347826,0.4782608695652174,0.782608695652174,0.969467455621302,0.3800937667159342,0.489301084236452,0.2409638554216867,0.4999999999999999,0.3333333333333333,1,0.4893617021276595,-0.4075949249012579,-1.1094603682333035,0.1627906976744186,0.1620553359683794,0.5833333333333333,0.4791666666666666,0.7645037497241989,0.6191596652212408,0.0,0.0,1.0,0.37132903933525085,0.28108641505241394
0.2353889287516345,0.1517234261883286,0.2144296710743796,0.9565217391304373,0.217391304347826,0.8260869565217391,0.6521739130434783,0.969467455621302,0.2398124665681314,0.38776193503849,0.1686746987951807,0.4999999999999999,0.6666666666666667,-1,0.4893617021276595,-1.5252884139208849,-0.1775551251281732,0.1627906976744186,0.1620553359683794,0.8958333333333333,0.9583333333333331,0.6987505377725516,0.6684352440933943,0.0,0.0,1.0,0.3713289797306061,0.2810862958431244
0.3601933090798607,0.1898600150169447,0.1343410722864658,0.9565217391304373,0.217391304347826,0.782608695652174,0.6956521739130435,0.9708875739644972,0.5568273036287807,0.0,0.4819277108433735,0.4999999999999999,0.0,1,0.5106382978723404,-1.181382724991769,-1.1094603682333035,0.1627906976744186,0.1620553359683794,0.4791666666666666,0.3958333333333333,0.6163647617356338,0.6061752017090936,0.0,0.2559580248098154,1.0,0.37132903933525085,0.28108641505241394
0.2670657588227318,0.1279639949492921,0.1977324652479581,0.9565217391304373,0.217391304347826,0.5652173913043479,0.217391304347826,0.9708875739644972,0.0,0.0,0.1325301204819277,0.0,0.3333333333333333,-1,0.5106382978723404,-0.4935713471335369,1.262662068761574,0.1627906976744186,0.1620553359683794,0.5416666666666666,0.9791666666666666,0.7777366724932928,0.7628773276037466,0.0,0.4056838710822128,1.0,0.3713289797306061,0.2810863256454468
0.5368666590838271,0.3141527553232672,0.0706438363749528,0.9565217391304373,0.217391304347826,0.0434782608695652,0.5217391304347826,0.9708875739644972,0.0,0.0,0.0,0.7324867603589634,0.3333333333333333,1,0.5106382978723404,1.0540042530474851,-0.3469924420563787,0.1627906976744186,0.1620553359683794,0.6875,0.5833333333333333,0.8354911387480131,0.7687290780098366,0.0,0.2559580248098154,1.0,0.37132903933525085,0.28108644485473633
0.3362067849762579,0.1823726619438934,0.1448373887931489,0.9565217391304373,0.217391304347826,0.4782608695652174,0.6086956521739131,0.9710059171597633,0.4796249331362629,0.0,0.8072289156626506,0.3154648767857286,0.3333333333333333,0,0.5106382978723404,-0.3216185026689789,-0.940023051305098,0.1627906976744186,0.1620553359683794,0.0833333333333333,0.8541666666666666,0.795892098222758,0.7798486263600959,0.0,0.0,1.0,0.37132903933525085,0.28108641505241394
0.2815489744406604,0.0804153526335065,0.2055195884704067,0.9565217391304373,0.217391304347826,0.3478260869565217,0.4347826086956522,0.9710059171597633,0.0,0.0,0.5301204819277109,0.0,0.3333333333333333,-1,0.5106382978723404,-0.2356420804366999,-0.4317111005204815,0.1627906976744186,0.1620553359683794,0.4583333333333333,0.2708333333333333,0.754312631816046,0.7965720467201745,0.0,0.0,1.0,0.37132903933525085,0.28108641505241394
0.0331879302808111,0.3891470638934897,0.6621855637558202,0.9565217391304373,0.217391304347826,0.7391304347826086,0.0,0.9710059171597633,0.0,0.0,0.2048192771084337,0.0,0.5283208335737187,-1,0.5106382978723404,-1.869194102850001,2.957035238043629,0.1627906976744186,0.1620553359683794,0.6458333333333333,0.4375,0.5427343922799812,0.8533564382916874,0.2626495350371935,0.0,1.0,0.3713289797306061,0.2810862958431244
0.3995898402153651,0.2280893448291361,0.1141401994089745,0.9565217391304373,0.217391304347826,0.3043478260869565,0.8260869565217391,0.9710059171597633,0.2398124665681314,0.38776193503849,0.710843373493976,0.3154648767857286,0.3333333333333333,0,0.5106382978723404,-0.4075949249012579,-1.6177723190179203,0.1627906976744186,0.1620553359683794,0.7916666666666666,0.8958333333333333,0.7456699447766917,0.7035937093072582,0.0,0.0,1.0,0.37132903933525085,0.28108641505241394
0.307341663168569,0.0972671562017328,0.1830787761130242,0.9565217391304373,0.217391304347826,0.2608695652173913,0.1739130434782608,0.9710059171597633,0.2398124665681314,0.0,0.3012048192771084,0.3154648767857286,0.0,1,0.5106382978723404,0.280216452956974,1.4320993856897792,0.1627906976744186,0.1620553359683794,0.9375,0.1666666666666666,0.7978860143935,0.6983574923560154,0.0,0.4056838710822128,1.0,0.37132900953292847,0.28108638525009155
0.3369790165966648,0.1536727837037277,0.150722109144145,0.9565217391304373,0.217391304347826,0.6521739130434783,0.3913043478260869,0.9711242603550296,0.0,0.244650542118226,0.8433734939759037,0.4999999999999999,0.5283208335737187,0,0.5106382978723404,-0.0636892359721419,-0.0928364666640704,0.1627906976744186,0.1620553359683794,0.9583333333333331,0.2291666666666666,0.665265464029287,0.6715748405571309,0.2626495350371935,0.0,1.0,0.37132903933525085,0.28108638525009155
0.1932076727755705,0.1219154745029367,0.2710037301132953,0.9565217391304373,0.217391304347826,0.1304347826086956,0.0869565217391304,0.971242603550296,0.2398124665681314,0.0,0.036144578313253,0.3154648767857286,0.5283208335737187,-1,0.5106382978723404,0.5381457196538111,1.6862553610820876,0.1627906976744186,0.1620553359683794,0.375,0.3333333333333333,0.6389666264113167,0.7330378885047548,0.0,0.4056838710822128,1.0,0.3713289201259613,0.2810862362384796
0.394959656495508,0.2173465425309795,0.1157282894535847,0.9565217391304373,0.217391304347826,0.1739130434782608,0.217391304347826,0.9713609467455622,0.2398124665681314,0.0,0.746987951807229,0.6309297535714573,0.6666666666666667,0,0.5319148936170213,1.3979099419766012,1.3473807272256766,0.1627906976744186,0.1620553359683794,0.1666666666666666,0.9791666666666666,0.6939657441832072,0.7628773276037466,0.0,0.5119160496196309,1.0,0.37132900953292847,0.2810863256454468
0.408046262025698,0.1823726619438934,0.1188869644777832,0.9565217391304373,0.217391304347826,0.217391304347826,0.5652173913043479,0.9717159763313608,0.0,0.0,0.746987951807229,0.3154648767857286,0.0,1,0.553191489361702,1.3979099419766012,-0.3469924420563787,0.1627906976744186,0.1620553359683794,0.1666666666666666,0.0833333333333333,0.6940321369136837,0.799641516101367,0.0,0.0,1.0,0.37132900953292847,0.28108638525009155
0.2200980131734808,0.0930864204947734,0.2506514987534111,0.9565217391304373,0.217391304347826,0.4347826086956522,0.1739130434782608,0.9717159763313608,0.0,0.38776193503849,0.4819277108433735,0.3154648767857286,0.3333333333333333,0,0.553191489361702,-0.0636892359721419,0.4154754841205461,0.1627906976744186,0.1620553359683794,0.2291666666666666,0.375,0.6675053993177194,0.6434060579313299,0.0,0.0,1.0,0.37132903933525085,0.28108638525009155
0.2293439643729159,0.105565495076829,0.2377220507032456,0.9565217391304373,0.217391304347826,0.6956521739130435,0.3478260869565217,0.9717159763313608,0.2398124665681314,0.244650542118226,0.5903614457831325,0.0,0.3333333333333333,-1,0.553191489361702,-1.267359147224048,-0.3469924420563787,0.1627906976744186,0.1620553359683794,0.3958333333333333,0.4583333333333333,0.6055536005372695,0.7593604060980754,0.0,0.0,1.0,0.3713289797306061,0.2810862958431244
0.613611293345305,0.4249304139910499,0.0489798578015007,0.9565217391304373,0.217391304347826,0.0,0.6086956521739131,0.9718343195266272,0.0,0.0,0.5301204819277109,0.3154648767857286,0.3333333333333333,0,0.553191489361702,3.20341480885446,-0.0928364666640704,0.1627906976744186,0.1620553359683794,0.4375,0.9583333333333331,0.8486362742002,0.6694898944049561,0.2626495350371935,0.0,1.0,0.3713289499282837,0.2810862958431244
0.3528540043201594,0.1917212659012055,0.1358563397052546,0.9565217391304373,0.217391304347826,0.3913043478260869,0.5217391304347826,0.9718343195266272,0.2398124665681314,0.244650542118226,0.2409638554216867,0.4999999999999999,0.6666666666666667,-1,0.553191489361702,-0.579547769365816,-0.6011484174486871,0.1627906976744186,0.1620553359683794,0.5833333333333333,0.5416666666666666,0.7655041317455054,0.7828497356338431,0.0,0.0,1.0,0.37132900953292847,0.28108641505241394
0.5567371895341969,0.3608724531861997,0.063543214086176,0.9565217391304373,0.217391304347826,0.0869565217391304,0.782608695652174,0.9718343195266272,0.0,0.0,0.0,0.7324867603589634,0.3333333333333333,1,0.553191489361702,1.3119335197443225,-1.0247417097692009,0.1627906976744186,0.1620553359683794,0.6875,0.4791666666666666,0.8357186164016144,0.620184912812541,0.2626495350371935,0.2559580248098154,1.0,0.37132903933525085,0.28108644485473633
0.1954281173587096,0.1014267769918961,0.277579029931883,0.9565217391304373,0.217391304347826,0.8260869565217391,0.4782608695652174,0.9718343195266272,0.0,0.0,0.1686746987951807,0.3154648767857286,0.0,1,0.553191489361702,-1.6112648361531638,-0.3469924420563787,0.1627906976744186,0.1620553359683794,0.8958333333333333,0.2708333333333333,0.6987927729685024,0.7968168950069596,0.0,0.2559580248098154,1.0,0.37132903933525085,0.28108638525009155
0.4703848961991107,0.2914088163317201,0.0845023887807356,0.9565217391304373,0.217391304347826,0.1304347826086956,0.7391304347826086,0.9718343195266272,0.0,0.244650542118226,0.5301204819277109,0.4999999999999999,0.0,1,0.553191489361702,1.3979099419766012,-2.041365611338434,0.1627906976744186,0.1620553359683794,0.9791666666666666,0.6458333333333333,0.7615241339259067,0.5447231213446888,0.0,0.0,1.0,0.3713289499282837,0.2810862958431244
0.5004855067963411,0.3141527553232672,0.0776289962607172,0.9565217391304373,0.217391304347826,0.0434782608695652,0.3043478260869565,0.9719526627218932,0.0,0.0,0.4698795180722891,0.4999999999999999,0.3333333333333333,1,0.553191489361702,1.827792053137996,-0.4317111005204815,0.1627906976744186,0.1620553359683794,0.3333333333333333,0.7916666666666666,0.7278923901833962,0.750728715768233,0.525299070074387,0.0,1.0,0.37132900953292847,0.28108644485473633
0.2833223142109514,0.1158222050398993,0.1898015716576803,0.9565217391304373,0.217391304347826,0.6521739130434783,0.2608695652173913,0.9719526627218932,0.0,0.0,0.8674698795180723,0.3154648767857286,0.0,1,0.553191489361702,-0.923453458294932,0.3307568256564434,0.1627906976744186,0.1620553359683794,0.8541666666666666,0.9375,0.7744387432333293,0.8034683791263066,0.0,0.2559580248098154,1.0,0.37132903933525085,0.28108641505241394
0.2273080770903636,0.1076270810487989,0.238913668299019,0.9565217391304373,0.217391304347826,0.5652173913043479,0.1739130434782608,0.9721893491124258,0.0,0.0,0.1325301204819277,0.3154648767857286,0.3333333333333333,0,0.5744680851063829,-0.4935713471335369,1.4320993856897792,0.1627906976744186,0.1620553359683794,0.5416666666666666,0.1666666666666666,0.778332558714671,0.6985254644580576,0.2626495350371935,0.2559580248098154,1.0,0.37132900953292847,0.28108638525009155
0.2577341889114768,0.155617538245504,0.1964207760828139,0.9565217391304373,0.217391304347826,0.6086956521739131,0.217391304347826,0.9721893491124258,0.0,0.0,0.8433734939759037,0.6309297535714573,0.3333333333333333,1,0.5744680851063829,-0.0636892359721419,0.4154754841205461,0.1627906976744186,0.1620553359683794,0.9583333333333331,0.375,0.6657004941266778,0.6435833361939849,0.0,0.0,1.0,0.3713289797306061,0.2810863256454468
0.3609197363880352,0.2046335620890687,0.1282259815835157,0.9565217391304373,0.217391304347826,0.782608695652174,0.8260869565217391,0.9725443786982249,0.2398124665681314,0.0,0.4819277108433735,0.3154648767857286,0.0,1,0.5744680851063829,-1.267359147224048,-1.5330536605538176,0.1627906976744186,0.1620553359683794,0.4791666666666666,0.8958333333333333,0.6170761753976268,0.7035288574895444,0.0,0.2559580248098154,1.0,0.37132903933525085,0.28108638525009155
0.160723383825396,0.1379471858571372,0.3110423933554317,0.9565217391304373,0.217391304347826,0.7391304347826086,0.4782608695652174,0.9725443786982249,0.3800937667159342,0.38776193503849,0.2048192771084337,0.3154648767857286,0.3333333333333333,0,0.5744680851063829,-2.213099791779117,-0.6858670759127897,0.1627906976744186,0.1620553359683794,0.6458333333333333,0.5833333333333333,0.5434972551597717,0.7694516771488911,0.0,0.0,1.0,0.37132903933525085,0.28108638525009155
0.1965336397294619,0.1219154745029367,0.2654463710058682,0.9565217391304373,0.217391304347826,0.6086956521739131,0.0434782608695652,0.9725443786982249,0.0,0.0,0.8433734939759037,0.4999999999999999,0.0,1,0.5957446808510638,0.108263608492416,1.8556926780102927,0.1627906976744186,0.1620553359683794,0.9583333333333331,0.3333333333333333,0.6658027079088125,0.733513217575225,0.2626495350371935,0.5943161289177871,1.0,0.3713289797306061,0.2810862958431244
0.2929347952497527,0.1299703373928096,0.1803599197723839,0.9565217391304373,0.217391304347826,0.5652173913043479,0.1739130434782608,0.9726627218934912,0.2398124665681314,0.0,0.8072289156626506,0.3154648767857286,0.0,1,0.5957446808510638,-0.4075949249012579,1.516818044153882,0.1627906976744186,0.1620553359683794,0.0833333333333333,0.9791666666666666,0.7964014663635719,0.7628773276037466,0.0,0.2559580248098154,1.0,0.37132900953292847,0.2810863256454468
0.1199690434341141,0.176712136804557,0.3814098929601391,0.9565217391304373,0.217391304347826,0.217391304347826,0.0869565217391304,0.9726627218934912,0.2398124665681314,0.0,0.036144578313253,0.3154648767857286,0.0,1,0.5957446808510638,0.280216452956974,1.516818044153882,0.1627906976744186,0.1620553359683794,0.375,0.6875,0.6393945577458748,0.8411302213472485,0.0,0.4056838710822128,1.0,0.37132900953292847,0.2810863256454468
0.3147596906990093,0.1259527530077646,0.1720985523201007,0.9565217391304373,0.217391304347826,0.3913043478260869,0.1304347826086956,0.9726627218934912,0.0,0.0,0.5301204819277109,0.4999999999999999,0.0,1,0.5957446808510638,-0.2356420804366999,1.4320993856897792,0.1627906976744186,0.1620553359683794,0.4583333333333333,0.1666666666666666,0.7549320939960398,0.6986528843829276,0.2626495350371935,0.0,1.0,0.3713289797306061,0.2810862958431244
0.350625140944488,0.1823726619438934,0.1373662810412862,0.9565217391304373,0.217391304347826,0.4347826086956522,0.6956521739130435,0.9726627218934912,0.0,0.38776193503849,0.1325301204819277,0.6309297535714573,0.3333333333333333,1,0.5957446808510638,-0.4935713471335369,-1.363616343625612,0.1627906976744186,0.1620553359683794,0.5416666666666666,0.3958333333333333,0.7784989180514053,0.607407307460005,0.0,0.0,1.0,0.3713289797306061,0.2810862958431244
0.2725598780610629,0.1379471858571372,0.1898015716576803,0.9565217391304373,0.217391304347826,0.3043478260869565,0.6521739130434783,0.9726627218934912,0.2398124665681314,0.0,0.710843373493976,0.4999999999999999,0.5283208335737187,0,0.5957446808510638,-0.4935713471335369,-0.8553043928409952,0.1627906976744186,0.1620553359683794,0.7916666666666666,0.8541666666666666,0.7464046720057194,0.7799001517903241,0.0,0.2559580248098154,1.0,0.37132903933525085,0.2810863256454468
0.1132001805166424,0.1319718041512219,0.4298187900708878,0.9565217391304373,0.217391304347826,0.3478260869565217,0.0,0.9727810650887574,0.2398124665681314,0.0,0.9759036144578314,0.3154648767857286,0.5283208335737187,-1,0.5957446808510638,-0.4075949249012579,3.1264725549718344,0.1627906976744186,0.1620553359683794,0.2708333333333333,0.4375,0.7932901558337908,0.8538384940648107,0.0,0.0,1.0,0.3713289499282837,0.2810862362384796
0.4558474335853791,0.1842508911861042,0.1077284704130473,0.9565217391304373,0.217391304347826,0.2608695652173913,0.4782608695652174,0.9728994082840234,0.2398124665681314,0.0,0.3012048192771084,0.0,0.3333333333333333,-1,0.5957446808510638,0.280216452956974,-0.0928364666640704,0.1627906976744186,0.1620553359683794,0.9375,0.2291666666666666,0.7987176506424463,0.6715320616229195,0.0,0.0,1.0,0.37132900953292847,0.2810863256454468
0.4620638315848376,0.2209430686207103,0.0979277897832237,0.9565217391304373,0.217391304347826,0.6521739130434783,0.7391304347826086,0.97301775147929,0.0,0.0,0.8072289156626506,0.0,0.0,0,0.6170212765957447,-0.3216185026689789,-2.21080292826664,0.1627906976744186,0.1620553359683794,0.0833333333333333,0.6458333333333333,0.7964734984941659,0.5455033316846054,0.2626495350371935,0.0,1.0,0.37132903933525085,0.28108644485473633
0.3513695047400619,0.0972671562017328,0.1608302900503926,0.9565217391304373,0.217391304347826,0.5652173913043479,0.3913043478260869,0.97301775147929,0.0,0.38776193503849,0.2409638554216867,0.3154648767857286,0.3333333333333333,0,0.6170212765957447,-0.665524191598095,-0.5164297589845843,0.1627906976744186,0.1620553359683794,0.5833333333333333,0.2708333333333333,0.7659387369367805,0.7975311259297617,0.0,0.0,1.0,0.37132903933525085,0.28108641505241394
0.5960864324030353,0.440195610586013,0.0489798578015007,0.9565217391304373,0.217391304347826,0.0869565217391304,0.5217391304347826,0.97301775147929,0.2398124665681314,0.0,0.0,0.6309297535714573,0.0,1,0.6170212765957447,1.4838863642088802,0.2460381671923406,0.1627906976744186,0.1620553359683794,0.6875,0.9583333333333331,0.8360004999912343,0.6699081979445698,0.0,0.4056838710822128,1.0,0.3713289499282837,0.2810862958431244
0.1546282777602536,0.1279639949492921,0.3297440395371924,0.9565217391304373,0.217391304347826,0.8260869565217391,0.3043478260869565,0.97301775147929,0.2398124665681314,0.0,0.1686746987951807,0.4999999999999999,0.5283208335737187,0,0.6170212765957447,-1.6112648361531638,-0.0928364666640704,0.1627906976744186,0.1620553359683794,0.8958333333333333,0.4583333333333333,0.6988108518638578,0.7597557258862209,0.0,0.4056838710822128,1.0,0.37132903933525085,0.28108641505241394
0.3765696618912709,0.21554237277169,0.1220225832744171,0.9565217391304373,0.217391304347826,0.1304347826086956,0.3478260869565217,0.97301775147929,0.2398124665681314,0.0,0.5301204819277109,0.3154648767857286,0.3333333333333333,0,0.6170212765957447,1.4838863642088802,-0.5164297589845843,0.1627906976744186,0.1620553359683794,0.9791666666666666,0.7916666666666666,0.7615241339259067,0.7510997148628704,0.0,0.0,1.0,0.37132903933525085,0.28108641505241394
0.3415807221533218,0.2028012962259913,0.1388709336052376,0.9565217391304373,0.217391304347826,0.1739130434782608,0.217391304347826,0.973136094674556,0.2398124665681314,0.0,0.746987951807229,0.4999999999999999,0.3333333333333333,1,0.6170212765957447,1.3119335197443225,0.3307568256564434,0.1627906976744186,0.1620553359683794,0.1666666666666666,0.375,0.6943885626513853,0.643753511122368,0.0,0.2559580248098154,1.0,0.37132900953292847,0.28108644485473633
0.2707370495630306,0.1034987357343872,0.2029395334605369,0.9565217391304373,0.217391304347826,0.6956521739130435,0.4782608695652174,0.973136094674556,0.4796249331362629,0.0,0.5903614457831325,0.3154648767857286,0.0,1,0.6170212765957447,-1.5252884139208849,-0.0081178081999676,0.1627906976744186,0.1620553359683794,0.3958333333333333,0.2291666666666666,0.6063936678191026,0.6715286815232602,0.0,0.2559580248098154,1.0,0.37132900953292847,0.2810863256454468
0.2273080770903636,0.0951794411021844,0.2436473566150278,0.9565217391304373,0.217391304347826,0.782608695652174,0.2608695652173913,0.973136094674556,0.0,0.38776193503849,0.4819277108433735,0.0,0.5283208335737187,-1,0.6170212765957447,-1.181382724991769,0.1613195087282378,0.1627906976744186,0.1620553359683794,0.4791666666666666,0.9375,0.6172700821340704,0.8038295387019858,0.2626495350371935,0.0,1.0,0.37132903933525085,0.28108641505241394
0.3942937133946537,0.2064617607659762,0.1173105301661802,0.9565217391304373,0.217391304347826,0.6086956521739131,0.4347826086956522,0.973136094674556,0.0,0.0,0.8674698795180723,0.3154648767857286,0.3333333333333333,0,0.6170212765957447,-0.8374770360626529,-0.3469924420563787,0.1627906976744186,0.1620553359683794,0.8541666666666666,0.5416666666666666,0.7745715598818255,0.7833490749440573,0.0,0.2559580248098154,1.0,0.37132900953292847,0.28108638525009155
0.4687347572536368,0.2764489126198675,0.0862036894908637,0.9565217391304373,0.217391304347826,0.0,0.0434782608695652,0.9732544378698224,0.0,0.244650542118226,0.5301204819277109,0.0,0.0,0,0.6170212765957447,3.289391231086739,1.6862553610820876,0.1627906976744186,0.1620553359683794,0.4375,0.3333333333333333,0.8490175515395035,0.7339798247427016,0.2626495350371935,0.0,1.0,0.3713289499282837,0.2810862958431244
0.3609197363880352,0.1299703373928096,0.1477898256233795,0.9565217391304373,0.217391304347826,0.3043478260869565,0.5652173913043479,0.973372781065089,0.0,0.0,0.5301204819277109,0.6309297535714573,0.0,1,0.6382978723404255,-0.0636892359721419,-0.3469924420563787,0.1627906976744186,0.1620553359683794,0.4583333333333333,0.0833333333333333,0.7551517077745242,0.8004728562323928,0.0,0.0,1.0,0.37132903933525085,0.28108638525009155
0.2577341889114768,0.1438795272252668,0.1990401614414308,0.9565217391304373,0.217391304347826,0.6086956521739131,0.1739130434782608,0.973372781065089,0.0,0.0,0.2409638554216867,0.4999999999999999,0.0,1,0.6382978723404255,-0.665524191598095,1.3473807272256766,0.1627906976744186,0.1620553359683794,0.5833333333333333,0.1666666666666666,0.7660327027547262,0.6987563564106425,0.0,0.2559580248098154,1.0,0.37132900953292847,0.28108638525009155
0.3331025515539941,0.186124846865483,0.1448373887931489,0.9565217391304373,0.217391304347826,0.3478260869565217,0.3913043478260869,0.973372781065089,0.0,0.0,0.710843373493976,0.3154648767857286,0.0,1,0.6382978723404255,-0.4935713471335369,-0.3469924420563787,0.1627906976744186,0.1620553359683794,0.7916666666666666,0.5416666666666666,0.7466561993224523,0.7834179879886423,0.0,0.0,1.0,0.37132900953292847,0.28108638525009155
0.3196281684684151,0.1497694438583581,0.1608302900503926,0.9565217391304373,0.217391304347826,0.5217391304347826,0.1304347826086956,0.973491124260355,0.0,0.0,0.9759036144578314,0.6309297535714573,0.0,1,0.6382978723404255,-0.4935713471335369,1.4320993856897792,0.1627906976744186,0.1620553359683794,0.2708333333333333,0.9791666666666666,0.7935006624823993,0.7628773276037466,0.0,0.0,1.0,0.3713289201259613,0.28108614683151245
0.0819446271575915,0.2280893448291361,0.482867372752533,0.9565217391304373,0.217391304347826,0.217391304347826,0.0,0.973491124260355,0.2398124665681314,0.0,0.036144578313253,0.3154648767857286,0.0,1,0.6382978723404255,0.280216452956974,3.2111912134359373,0.1627906976744186,0.1620553359683794,0.375,0.4375,0.6396107050543691,0.8540550800377222,0.0,0.0,1.0,0.3713289797306061,0.2810862958431244
0.2127528130448853,0.1279639949492921,0.245994782499065,0.9565217391304373,0.217391304347826,0.6956521739130435,0.782608695652174,0.973491124260355,0.0,0.244650542118226,0.2048192771084337,0.3154648767857286,0.5283208335737187,-1,0.6382978723404255,-2.213099791779117,-1.363616343625612,0.1627906976744186,0.1620553359683794,0.6458333333333333,0.4791666666666666,0.5438998830571955,0.620884539850447,0.0,0.0,1.0,0.37132900953292847,0.2810863256454468
0.1702825753028309,0.0846607391767546,0.3258739424802972,0.9565217391304373,0.217391304347826,0.2608695652173913,0.0869565217391304,0.973491124260355,0.0,0.0,0.3012048192771084,0.4999999999999999,0.6666666666666667,-1,0.6382978723404255,0.3661928751892531,1.6862553610820876,0.1627906976744186,0.1620553359683794,0.9375,0.6875,0.7989199325865075,0.8412749730017868,0.2626495350371935,0.2559580248098154,1.0,0.3713289797306061,0.2810863256454468
0.4144292601338705,0.2456883726928422,0.1061104727645804,0.9565217391304373,0.217391304347826,0.4782608695652174,0.7391304347826086,0.973491124260355,0.2398124665681314,0.0,0.8433734939759037,0.7324867603589634,0.6666666666666667,1,0.6382978723404255,0.022287186260137,-1.4483350020897148,0.1627906976744186,0.1620553359683794,0.9583333333333331,0.3958333333333333,0.6661460211202928,0.6084111114061928,0.0,0.2559580248098154,1.0,0.3713289797306061,0.2810862958431244
0.2586774081887978,0.0930864204947734,0.2169418295075544,0.9565217391304373,0.217391304347826,0.4347826086956522,0.6521739130434783,0.9736094674556216,0.2398124665681314,0.0,0.4819277108433735,0.6309297535714573,0.0,1,0.6382978723404255,-0.0636892359721419,-0.8553043928409952,0.1627906976744186,0.1620553359683794,0.2291666666666666,0.8541666666666666,0.667452243192056,0.7798711910447935,0.0,0.0,1.0,0.3713289499282837,0.2810862362384796
0.4752940303740256,0.2914088163317201,0.0845023887807356,0.9565217391304373,0.217391304347826,0.0434782608695652,0.8260869565217391,0.9736094674556216,0.0,0.0,0.4698795180722891,0.3154648767857286,0.3333333333333333,0,0.6382978723404255,1.7418156309057171,-1.6177723190179203,0.1627906976744186,0.1620553359683794,0.3333333333333333,0.8958333333333333,0.7288229772984665,0.7034903192142063,0.0,0.0,1.0,0.37132900953292847,0.28108638525009155
0.3956244699213488,0.2046335620890687,0.1173105301661802,0.9565217391304373,0.217391304347826,0.5652173913043479,0.8260869565217391,0.973846153846154,0.2398124665681314,0.0,0.8072289156626506,0.6309297535714573,0.3333333333333333,1,0.6595744680851063,-0.579547769365816,-1.6177723190179203,0.1627906976744186,0.1620553359683794,0.0833333333333333,0.8958333333333333,0.7966778129624392,0.703515461657904,0.0,0.0,1.0,0.37132903933525085,0.28108638525009155
0.2095622329759399,0.105565495076829,0.2564022923722924,0.9565217391304373,0.217391304347826,0.1739130434782608,0.3043478260869565,0.97396449704142,0.2398124665681314,0.0,0.5301204819277109,0.4999999999999999,0.3333333333333333,1,0.6595744680851063,1.225957097512043,0.1613195087282378,0.1627906976744186,0.1620553359683794,0.9791666666666666,0.4583333333333333,0.7615241339259067,0.760036622161006,0.0,0.2559580248098154,1.0,0.37132903933525085,0.28108644485473633
0.74721448894246,0.5518894019019478,0.0281132545689568,0.9565217391304373,0.217391304347826,0.0434782608695652,0.7391304347826086,0.9742011834319526,0.0,0.244650542118226,0.0,0.7324867603589634,0.3333333333333333,1,0.6595744680851063,1.827792053137996,-2.2955215867307426,0.1627906976744186,0.1620553359683794,0.6875,0.6458333333333333,0.8362700331067765,0.545903359013227,0.4162896638657991,0.0,1.0,0.37132900953292847,0.28108644485473633
0.2273080770903636,0.2456883726928422,0.1762490954086448,0.9565217391304373,0.217391304347826,0.1304347826086956,0.0,0.9746745562130176,0.2398124665681314,0.244650542118226,0.746987951807229,0.0,0.6666666666666667,-1,0.6595744680851063,1.225957097512043,3.1264725549718344,0.1627906976744186,0.1620553359683794,0.1666666666666666,0.4375,0.6947719186977366,0.8542771364902337,0.0,0.0,1.0,0.3713289201259613,0.2810862958431244
0.0789756173474755,0.2543488432999805,0.4433380904410159,0.9565217391304373,0.217391304347826,0.0,0.3478260869565217,0.9746745562130176,0.0,0.0,0.0,0.8154648767857287,0.3333333333333333,1,0.6808510638297872,2.085721319834833,-0.4317111005204815,0.1627906976744186,0.1620553359683794,0.6875,0.7916666666666666,0.8363559832646661,0.7517205214598615,0.525299070074387,0.2559580248098154,1.0,0.3713289797306061,0.28108641505241394
0.3147596906990093,0.1279639949492921,0.1679075154889786,0.9565217391304373,0.217391304347826,0.5652173913043479,0.0869565217391304,0.9747928994082842,0.0,0.0,0.8072289156626506,0.3154648767857286,0.3333333333333333,0,0.6808510638297872,-0.4075949249012579,1.6862553610820876,0.1627906976744186,0.1620553359683794,0.0833333333333333,0.3333333333333333,0.7969134555056605,0.7347085905795006,0.2626495350371935,0.0,1.0,0.3713289499282837,0.2810862958431244
0.2734681227793893,0.1419068240886909,0.1884654030288818,0.9565217391304373,0.217391304347826,0.782608695652174,0.4782608695652174,0.9747928994082842,0.0,0.0,0.4819277108433735,0.0,0.5283208335737187,-1,0.6808510638297872,-1.267359147224048,0.076600850264135,0.1627906976744186,0.1620553359683794,0.4791666666666666,0.9583333333333331,0.6179128083040017,0.6705341777862299,0.2626495350371935,0.2559580248098154,1.0,0.3713289499282837,0.2810862362384796
0.1226441897976411,0.1379471858571372,0.3997993020583031,0.9565217391304373,0.217391304347826,0.3913043478260869,0.3043478260869565,0.9747928994082842,0.2398124665681314,0.244650542118226,0.1325301204819277,0.4999999999999999,0.0,1,0.6808510638297872,-0.4075949249012579,0.2460381671923406,0.1627906976744186,0.1620553359683794,0.5416666666666666,0.9375,0.7794409917697334,0.8045159859587943,0.0,0.0,1.0,0.3713289201259613,0.2810860872268677
0.2548908336057636,0.1279639949492921,0.2080842400750066,0.9565217391304373,0.217391304347826,0.6521739130434783,0.5217391304347826,0.9747928994082842,0.2398124665681314,0.0,0.8674698795180723,0.6309297535714573,0.3333333333333333,1,0.6808510638297872,-1.0954063027594898,-0.262273783592276,0.1627906976744186,0.1620553359683794,0.8541666666666666,0.2708333333333333,0.7747640566892235,0.7978619268139349,0.0,0.2559580248098154,1.0,0.3713289797306061,0.2810862958431244
0.2383768015762443,0.1652730200593355,0.206803828194657,0.9565217391304373,0.217391304347826,0.8260869565217391,0.4347826086956522,0.9747928994082842,0.2398124665681314,0.0,0.1686746987951807,0.3154648767857286,0.3333333333333333,0,0.6808510638297872,-1.783217680617722,0.1613195087282378,0.1627906976744186,0.1620553359683794,0.8958333333333333,0.2291666666666666,0.6988394944510168,0.6714912459565505,0.0,0.2559580248098154,1.0,0.37132900953292847,0.2810863256454468
0.1702825753028309,0.1137810561246126,0.3090255921494768,0.9565217391304373,0.217391304347826,0.1739130434782608,0.6086956521739131,0.9747928994082842,0.0,0.0,0.5301204819277109,0.6309297535714573,0.3333333333333333,1,0.6808510638297872,1.3119335197443225,-0.5164297589845843,0.1627906976744186,0.1620553359683794,0.9791666666666666,0.5833333333333333,0.7615241339259067,0.7702089851064409,0.2626495350371935,0.2559580248098154,1.0,0.37132903933525085,0.28108644485473633
0.624503527917172,0.4122267714005774,0.0489798578015007,0.9565217391304373,0.217391304347826,0.6956521739130435,0.217391304347826,0.9749112426035502,0.2398124665681314,0.0,0.5903614457831325,0.4999999999999999,0.3333333333333333,1,0.6808510638297872,-1.5252884139208849,0.3307568256564434,0.1627906976744186,0.1620553359683794,0.3958333333333333,0.375,0.6074303863511312,0.6442798440433217,0.0,0.2559580248098154,1.0,0.37132903933525085,0.28108641505241394
0.5326750959140111,0.3978779212637706,0.0599483992353185,0.9565217391304373,0.217391304347826,0.2608695652173913,0.7391304347826086,0.9749112426035502,0.2398124665681314,0.38776193503849,0.5301204819277109,0.3154648767857286,0.0,1,0.6808510638297872,0.108263608492416,-2.5496775621230507,0.1627906976744186,0.1620553359683794,0.4583333333333333,0.6458333333333333,0.7556726780329639,0.5459551712236481,0.0,0.0,1.0,0.37132903933525085,0.28108644485473633
0.3587364024929171,0.1419068240886909,0.1463161436710143,0.9565217391304373,0.217391304347826,0.4782608695652174,0.5652173913043479,0.9750295857988168,0.2398124665681314,0.0,0.9759036144578314,0.3154648767857286,0.0,1,0.702127659574468,-0.4075949249012579,-0.4317111005204815,0.1627906976744186,0.1620553359683794,0.2708333333333333,0.0833333333333333,0.7940029912427724,0.8010127659680986,0.0,0.0,1.0,0.37132903933525085,0.28108641505241394
0.2567886940727777,0.1014267769918961,0.2156875866667074,0.9565217391304373,0.217391304347826,0.3913043478260869,0.1739130434782608,0.9751479289940828,0.0,0.38776193503849,0.4819277108433735,0.0,0.5283208335737187,-1,0.702127659574468,0.194240030724695,0.9237874349051628,0.1627906976744186,0.1620553359683794,0.2291666666666666,0.1666666666666666,0.6674115257954958,0.6991842121696628,0.0,0.0,1.0,0.37132900953292847,0.2810863256454468
0.4311614461159946,0.304482156948169,0.0912675343887988,0.9565217391304373,0.217391304347826,0.0869565217391304,0.7391304347826086,0.9751479289940828,0.0,0.244650542118226,0.4698795180722891,0.3154648767857286,0.0,1,0.702127659574468,1.7418156309057171,-1.4483350020897148,0.1627906976744186,0.1620553359683794,0.3333333333333333,0.4791666666666666,0.7296414320872124,0.6214817335679059,0.0,0.0,1.0,0.37132900953292847,0.28108641505241394
0.3543329020017287,0.1729167237939524,0.1388709336052376,0.9565217391304373,0.217391304347826,0.0434782608695652,0.0,0.9751479289940828,0.0,0.0,0.5301204819277109,0.6309297535714573,0.5283208335737187,1,0.702127659574468,3.4613440755512968,2.364004628794909,0.1627906976744186,0.1620553359683794,0.4375,0.6875,0.8495120657048452,0.8415951152512446,0.2626495350371935,0.5943161289177871,1.0,0.3713289499282837,0.2810862958431244
0.4231943281688626,0.2646226126821671,0.0995768431242991,0.9565217391304373,0.217391304347826,0.6086956521739131,0.8260869565217391,0.9751479289940828,0.2398124665681314,0.0,0.2409638554216867,0.4999999999999999,0.0,1,0.702127659574468,-0.665524191598095,-1.7872096359461258,0.1627906976744186,0.1620553359683794,0.5833333333333333,0.8958333333333333,0.7666594407719012,0.7034457006578159,0.0,0.0,1.0,0.37132903933525085,0.28108644485473633
0.2353889287516345,0.1158222050398993,0.2292868706376983,0.9565217391304373,0.217391304347826,0.1304347826086956,0.3043478260869565,0.9751479289940828,0.0,0.38776193503849,0.5301204819277109,0.6309297535714573,0.0,1,0.702127659574468,1.4838863642088802,0.076600850264135,0.1627906976744186,0.1620553359683794,0.9791666666666666,0.9375,0.7615241339259067,0.8046322521388751,0.4162896638657991,0.0,1.0,0.3713289797306061,0.2810862958431244
0.3786561304603679,0.2263085805337292,0.1188869644777832,0.9565217391304373,0.217391304347826,0.217391304347826,0.5217391304347826,0.9752662721893488,0.2398124665681314,0.0,0.036144578313253,0.7324867603589634,0.0,1,0.702127659574468,0.280216452956974,-0.262273783592276,0.1627906976744186,0.1620553359683794,0.375,0.5416666666666666,0.6401180035480005,0.7841924914049032,0.0,0.2559580248098154,1.0,0.3713289499282837,0.2810862362384796
0.1714612451252653,0.1399293845654892,0.2946364714655762,0.9565217391304373,0.217391304347826,0.782608695652174,0.3478260869565217,0.9752662721893488,0.4796249331362629,0.244650542118226,0.2048192771084337,0.3154648767857286,0.0,1,0.702127659574468,-2.642981902940512,-0.7705857343768925,0.1627906976744186,0.1620553359683794,0.6458333333333333,0.7916666666666666,0.5447110600600782,0.7519208068596377,0.0,0.0,1.0,0.3713289201259613,0.28108614683151245
0.163135129409082,0.1279639949492921,0.310035176322324,0.9565217391304373,0.217391304347826,0.4347826086956522,0.2608695652173913,0.9752662721893488,0.0,0.0,0.8433734939759037,0.4999999999999999,0.0,1,0.702127659574468,0.280216452956974,0.1613195087282378,0.1627906976744186,0.1620553359683794,0.9583333333333331,0.4583333333333333,0.6668489754867124,0.7604223689199252,0.4162896638657991,0.2559580248098154,1.0,0.37132903933525085,0.28108641505241394
0.4609408869181119,0.2714012778268453,0.0912675343887988,0.9565217391304373,0.217391304347826,0.6521739130434783,0.6956521739130435,0.9753846153846152,0.0,0.0,0.8674698795180723,0.0,0.3333333333333333,-1,0.702127659574468,-0.923453458294932,-1.4483350020897148,0.1627906976744186,0.1620553359683794,0.8541666666666666,0.3958333333333333,0.7748140183401813,0.6093626637731708,0.2626495350371935,0.2559580248098154,1.0,0.37132900953292847,0.28108638525009155
0.3807315497178286,0.2082859102730649,0.1220225832744171,0.9565217391304373,0.217391304347826,0.217391304347826,0.6086956521739131,0.9755029585798818,0.0,0.0,0.036144578313253,0.3154648767857286,0.0,1,0.7234042553191489,0.62412214188609,-0.5164297589845843,0.1627906976744186,0.1620553359683794,0.375,0.5833333333333333,0.6401550964680813,0.7706178871778187,0.2626495350371935,0.2559580248098154,1.0,0.37132903933525085,0.28108641505241394
0.364531811916335,0.1691037393641927,0.1373662810412862,0.9565217391304373,0.217391304347826,0.5652173913043479,0.4782608695652174,0.9758579881656804,0.2398124665681314,0.244650542118226,0.8072289156626506,0.3154648767857286,0.0,1,0.7234042553191489,-0.4935713471335369,-0.0081178081999676,0.1627906976744186,0.1620553359683794,0.0833333333333333,0.2291666666666666,0.7971756001578807,0.6714662677705958,0.0,0.0,1.0,0.37132903933525085,0.28108641505241394
0.2190570897977888,0.1117348360266863,0.245994782499065,0.9565217391304373,0.217391304347826,0.6956521739130435,0.5217391304347826,0.9758579881656804,0.0,0.0,0.5903614457831325,0.0,0.3333333333333333,-1,0.7234042553191489,-1.353335569456327,-0.3469924420563787,0.1627906976744186,0.1620553359683794,0.3958333333333333,0.2708333333333333,0.6078948214866615,0.7982155387438172,0.4162896638657991,0.2559580248098154,1.0,0.37132903933525085,0.28108641505241394
0.4225747115646109,0.2101060285072395,0.1109462972030086,0.9565217391304373,0.217391304347826,0.2608695652173913,0.5652173913043479,0.9758579881656804,0.2398124665681314,0.244650542118226,0.5301204819277109,0.3154648767857286,0.0,1,0.7446808510638298,0.022287186260137,-0.6011484174486871,0.1627906976744186,0.1620553359683794,0.4583333333333333,0.5833333333333333,0.7559614329990352,0.7706157721280291,0.0,0.0,1.0,0.37132903933525085,0.28108644485473633
0.0804629338215771,0.2421985235485197,0.4753844336700493,0.9565217391304373,0.217391304347826,0.7391304347826086,0.0434782608695652,0.9758579881656804,0.3800937667159342,0.0,0.4819277108433735,0.3154648767857286,0.0,1,0.7446808510638298,-1.5252884139208849,3.465347188828245,0.1627906976744186,0.1620553359683794,0.4791666666666666,0.4375,0.618285888379037,0.8545606601974816,0.0,0.4056838710822128,1.0,0.3713289797306061,0.2810863256454468
0.1954281173587096,0.1575577115002546,0.2529610627457457,0.9565217391304373,0.217391304347826,0.8260869565217391,0.1304347826086956,0.9758579881656804,0.2398124665681314,0.0,0.1686746987951807,0.3154648767857286,0.5283208335737187,-1,0.7446808510638298,-1.95517052508228,1.6862553610820876,0.1627906976744186,0.1620553359683794,0.8958333333333333,0.9791666666666666,0.6988546528890718,0.7628773276037466,0.0,0.5119160496196309,1.0,0.37132900953292847,0.2810863256454468
0.4169536322791899,0.2421985235485197,0.1061104727645804,0.9565217391304373,0.217391304347826,0.217391304347826,0.6521739130434783,0.9759763313609467,0.0,0.244650542118226,0.746987951807229,0.4999999999999999,0.5283208335737187,0,0.7446808510638298,1.139980675279764,-1.0247417097692009,0.1627906976744186,0.1620553359683794,0.1666666666666666,0.8541666666666666,0.6950777083877424,0.7800621285460718,0.2626495350371935,0.0,1.0,0.37132900953292847,0.28108641505241394
0.3758716965766855,0.2119221332470133,0.1220225832744171,0.9565217391304373,0.217391304347826,0.4347826086956522,0.782608695652174,0.9759763313609467,0.2398124665681314,0.0,0.1325301204819277,0.6309297535714573,0.3333333333333333,1,0.7446808510638298,-0.579547769365816,-2.5496775621230507,0.1627906976744186,0.1620553359683794,0.5416666666666666,0.6458333333333333,0.779910858086591,0.5465261699200745,0.0,0.2559580248098154,1.0,0.37132900953292847,0.28108638525009155
0.4137956182487827,0.2439452965591106,0.1061104727645804,0.9565217391304373,0.217391304347826,0.0,0.0869565217391304,0.9759763313609467,0.2398124665681314,0.0,0.0,0.0,0.0,0,0.7446808510638298,2.34365058653167,1.7709740195461905,0.1627906976744186,0.1620553359683794,0.6875,0.3333333333333333,0.8366313898602338,0.735175580070164,0.0,0.2559580248098154,1.0,0.37132886052131653,0.28108614683151245
0.2815489744406604,0.1898600150169447,0.1707060782715994,0.9565217391304373,0.217391304347826,0.3913043478260869,0.3478260869565217,0.9759763313609467,0.3800937667159342,0.0,0.710843373493976,0.0,0.6666666666666667,-1,0.7446808510638298,-0.8374770360626529,0.4154754841205461,0.1627906976744186,0.1620553359683794,0.7916666666666666,0.9583333333333331,0.7477497997556022,0.6709464637078264,0.0,0.5119160496196309,1.0,0.3713289797306061,0.2810862958431244
0.3354330287119781,0.2227354592427541,0.125135479996131,0.9565217391304373,0.217391304347826,0.3043478260869565,0.1739130434782608,0.9759763313609467,0.4796249331362629,0.0,0.3012048192771084,0.4999999999999999,0.0,1,0.7446808510638298,-0.1496656582044209,0.6696314595128544,0.1627906976744186,0.1620553359683794,0.9375,0.375,0.799934971988183,0.6443968381448852,0.0,0.4056838710822128,1.0,0.3713289797306061,0.2810863256454468
0.4806774587116639,0.2543488432999805,0.0895862098635575,0.9565217391304373,0.217391304347826,0.2608695652173913,0.5217391304347826,0.9763313609467454,0.0,0.38776193503849,0.5301204819277109,0.3154648767857286,0.0,1,0.7659574468085106,0.108263608492416,-0.0928364666640704,0.1627906976744186,0.1620553359683794,0.4583333333333333,0.2291666666666666,0.7560817509680204,0.671459327768414,0.2626495350371935,0.0,1.0,0.3713289797306061,0.2810863256454468
0.5584946248583843,0.356317954027016,0.063543214086176,0.9565217391304373,0.217391304347826,0.0869565217391304,0.6956521739130435,0.9766863905325444,0.0,0.244650542118226,0.4698795180722891,0.6309297535714573,0.3333333333333333,1,0.7659574468085106,1.827792053137996,-1.4483350020897148,0.1627906976744186,0.1620553359683794,0.3333333333333333,0.3958333333333333,0.7304266697140431,0.6098095638696923,0.0,0.0,1.0,0.3713289797306061,0.2810862958431244
0.3982725031076155,0.2508955754913384,0.1093403967615045,0.9565217391304373,0.217391304347826,0.6521739130434783,0.782608695652174,0.9766863905325444,0.0,0.0,0.8674698795180723,0.3154648767857286,0.3333333333333333,0,0.7659574468085106,-1.0094298805272108,-1.4483350020897148,0.1627906976744186,0.1620553359683794,0.8541666666666666,0.4791666666666666,0.7749449266988624,0.6219381032674967,0.0,0.2559580248098154,1.0,0.37132903933525085,0.28108641505241394
0.2452611741931296,0.1671906068761581,0.2016436716397868,0.9565217391304373,0.217391304347826,0.1304347826086956,0.217391304347826,0.9766863905325444,0.0,0.0,0.5301204819277109,0.0,0.0,0,0.7659574468085106,1.827792053137996,1.0932247518333684,0.1627906976744186,0.1620553359683794,0.9791666666666666,0.1666666666666666,0.7615241339259067,0.6995253101811347,0.6098533345119622,0.0,1.0,0.37132900953292847,0.28108638525009155
0.1976360523285386,0.0867752542426514,0.2829825963720953,0.9565217391304373,0.217391304347826,0.5217391304347826,0.2608695652173913,0.976804733727811,0.4796249331362629,0.0,0.4819277108433735,0.4999999999999999,0.0,1,0.7872340425531914,-0.1496656582044209,0.1613195087282378,0.1627906976744186,0.1620553359683794,0.2291666666666666,0.4583333333333333,0.667367992436916,0.7608405315516797,0.0,0.4056838710822128,1.0,0.37132903933525085,0.28108641505241394
0.4250473217889774,0.2456883726928422,0.1028560794132888,0.9565217391304373,0.217391304347826,0.4347826086956522,0.4782608695652174,0.976804733727811,0.0,0.0,0.9759036144578314,0.4999999999999999,0.0,1,0.7872340425531914,-0.2356420804366999,-0.4317111005204815,0.1627906976744186,0.1620553359683794,0.2708333333333333,0.5416666666666666,0.7945674703268828,0.7847592930714657,0.4162896638657991,0.2559580248098154,1.0,0.37132900953292847,0.28108638525009155
0.4213325316956673,0.2456883726928422,0.10448635790819,0.9565217391304373,0.217391304347826,0.1739130434782608,0.3913043478260869,0.976804733727811,0.2398124665681314,0.489301084236452,0.036144578313253,0.4999999999999999,0.3333333333333333,1,0.7872340425531914,0.5381457196538111,-1.1094603682333035,0.1627906976744186,0.1620553359683794,0.375,0.7916666666666666,0.6404763587893119,0.7524619047402707,0.0,0.0,1.0,0.37132903933525085,0.28108641505241394
0.7297688906206997,0.5951545893796666,0.0281132545689568,0.9565217391304373,0.217391304347826,0.0434782608695652,0.8260869565217391,0.976804733727811,0.2398124665681314,0.38776193503849,0.5301204819277109,0.6309297535714573,0.0,1,0.7872340425531914,3.4613440755512968,-2.041365611338434,0.1627906976744186,0.1620553359683794,0.4375,0.8958333333333333,0.8499127591012183,0.7035454094471973,0.0,0.0,1.0,0.3713289499282837,0.2810863256454468
0.3252326601871359,0.1379471858571372,0.1608302900503926,0.9565217391304373,0.217391304347826,0.5652173913043479,0.6086956521739131,0.976804733727811,0.3800937667159342,0.0,0.2409638554216867,0.0,0.0,0,0.7872340425531914,-0.665524191598095,-0.4317111005204815,0.1627906976744186,0.1620553359683794,0.5833333333333333,0.0833333333333333,0.7672240801915484,0.8011254860980126,0.0,0.2559580248098154,1.0,0.37132903933525085,0.28108641505241394
0.0729692557898782,0.2351741469323915,0.525218267490271,0.9565217391304373,0.217391304347826,0.782608695652174,0.0,0.976804733727811,0.2398124665681314,0.0,0.2048192771084337,0.0,0.5283208335737187,-1,0.7872340425531914,-2.728958325172791,2.279285970330807,0.1627906976744186,0.1620553359683794,0.6458333333333333,0.6875,0.5453677589963966,0.8419370560291461,0.0,0.0,1.0,0.37132900953292847,0.2810863256454468
0.2842059840792585,0.1158222050398993,0.1911335971212903,0.9565217391304373,0.217391304347826,0.3043478260869565,0.3478260869565217,0.976804733727811,0.0,0.0,0.8433734939759037,0.0,0.5283208335737187,-1,0.7872340425531914,0.7100985641183691,-0.0081178081999676,0.1627906976744186,0.1620553359683794,0.9583333333333331,0.9375,0.6674312678758489,0.8052100682101833,0.6098533345119622,0.2559580248098154,1.0,0.3713289797306061,0.2810863256454468
0.2946574680039054,0.1419068240886909,0.1748700320482838,0.9565217391304373,0.217391304347826,0.5217391304347826,0.1739130434782608,0.9771597633136097,0.0,0.0,0.8072289156626506,0.6309297535714573,0.0,1,0.8085106382978723,-0.4075949249012579,0.5849128010487517,0.1627906976744186,0.1620553359683794,0.0833333333333333,0.375,0.7974935264224492,0.6446566953751887,0.0,0.2559580248098154,1.0,0.3713289499282837,0.2810862362384796
0.3659673718385282,0.2421985235485197,0.1204576348485068,0.9565217391304373,0.217391304347826,0.2608695652173913,0.3043478260869565,0.9771597633136097,0.0,0.244650542118226,0.746987951807229,0.6309297535714573,0.0,1,0.8085106382978723,1.139980675279764,0.5001941425846489,0.1627906976744186,0.1620553359683794,0.1666666666666666,0.9583333333333331,0.6953420801271701,0.6713787579155992,0.0,0.0,1.0,0.37132900953292847,0.28108638525009155
0.2373833728553238,0.1279639949492921,0.2206827344355966,0.9565217391304373,0.217391304347826,0.6956521739130435,0.6086956521739131,0.9771597633136097,0.3800937667159342,0.0,0.5903614457831325,0.3154648767857286,0.0,1,0.8085106382978723,-1.6112648361531638,-0.6858670759127897,0.1627906976744186,0.1620553359683794,0.3958333333333333,0.5833333333333333,0.6085497724684525,0.7711365140701101,0.0,0.0,1.0,0.3713289797306061,0.2810862958431244
0.1546282777602536,0.155617538245504,0.3110423933554317,0.9565217391304373,0.217391304347826,0.4347826086956522,0.0869565217391304,0.9771597633136097,0.2398124665681314,0.0,0.1325301204819277,0.0,0.3333333333333333,-1,0.8085106382978723,-0.579547769365816,1.940411336474396,0.1627906976744186,0.1620553359683794,0.5416666666666666,0.3333333333333333,0.7803628013077482,0.7356064771402246,0.0,0.2559580248098154,1.0,0.37132900953292847,0.28108638525009155
0.2041861895454232,0.1359602050001027,0.2529610627457457,0.9565217391304373,0.217391304347826,0.4782608695652174,0.3913043478260869,0.9771597633136097,0.5568273036287807,0.0,0.710843373493976,0.4999999999999999,0.3333333333333333,1,0.8085106382978723,-1.181382724991769,-0.0928364666640704,0.1627906976744186,0.1620553359683794,0.7916666666666666,0.2708333333333333,0.7481738011767909,0.7987386915401802,0.0,0.5119160496196309,1.0,0.37132903933525085,0.28108638525009155
0.3291873599458501,0.2009649450398827,0.1433535259435616,0.9565217391304373,0.217391304347826,0.8260869565217391,0.782608695652174,0.9771597633136097,0.4796249331362629,0.38776193503849,0.1686746987951807,0.0,0.5283208335737187,-1,0.8085106382978723,-2.299076214011396,-2.888552195979462,0.1627906976744186,0.1620553359683794,0.8958333333333333,0.6458333333333333,0.6988734994697399,0.5473044001728056,0.0,0.0,1.0,0.3713289797306061,0.2810863256454468
0.2716495235970124,0.1198893894325332,0.1977324652479581,0.9565217391304373,0.217391304347826,0.5652173913043479,0.7391304347826086,0.9772781065088756,0.0,0.0,0.4819277108433735,0.3154648767857286,0.3333333333333333,0,0.8085106382978723,0.022287186260137,-1.4483350020897148,0.1627906976744186,0.1620553359683794,0.2291666666666666,0.4791666666666666,0.6673594210695228,0.6220843744657338,0.2626495350371935,0.0,1.0,0.37132903933525085,0.28108638525009155
0.3875712943605486,0.1748166165990063,0.1282259815835157,0.9565217391304373,0.217391304347826,0.217391304347826,0.1304347826086956,0.9772781065088756,0.2398124665681314,0.0,0.5301204819277109,0.3154648767857286,0.0,1,0.8085106382978723,0.022287186260137,1.7709740195461905,0.1627906976744186,0.1620553359683794,0.4583333333333333,0.9791666666666666,0.756350945039846,0.7628773276037466,0.0,0.0,1.0,0.3713289797306061,0.2810862958431244
0.1186245912732139,0.1339684188642493,0.4158601583687332,0.9565217391304373,0.217391304347826,0.3478260869565217,0.0434782608695652,0.9772781065088756,0.0,0.0,0.3012048192771084,0.4999999999999999,0.5283208335737187,0,0.8085106382978723,0.194240030724695,3.634784505756451,0.1627906976744186,0.1620553359683794,0.9375,0.4375,0.8004089748131447,0.8548981725446503,0.4162896638657991,0.2559580248098154,1.0,0.3713289797306061,0.2810862958431244
0.6016230571676903,0.4332919392688601,0.050827507393166,0.9565217391304373,0.217391304347826,0.0,0.6521739130434783,0.977396449704142,0.0,0.0,0.0,0.4999999999999999,0.0,1,0.8085106382978723,2.515603430996228,-1.0247417097692009,0.1627906976744186,0.1620553359683794,0.6875,0.8541666666666666,0.8369253634245066,0.7802195519293795,0.2626495350371935,0.0,1.0,0.3713289797306061,0.2810863256454468
0.2661425371459582,0.1359602050001027,0.1951050694866963,0.9565217391304373,0.217391304347826,0.6086956521739131,0.1739130434782608,0.977514792899408,0.2398124665681314,0.244650542118226,0.2409638554216867,0.4999999999999999,0.5283208335737187,0,0.8297872340425532,-0.7515006138303739,0.3307568256564434,0.1627906976744186,0.1620553359683794,0.5833333333333333,0.375,0.7674274793352718,0.6447582777458705,0.0,0.0,1.0,0.37132900953292847,0.28108638525009155
0.1749761334440023,0.1299703373928096,0.2914893667832496,0.9565217391304373,0.217391304347826,0.8260869565217391,0.5217391304347826,0.977514792899408,0.5568273036287807,0.0,0.1686746987951807,0.4999999999999999,0.7739760316291208,-1,0.8297872340425532,-2.471029058475954,-0.1775551251281732,0.1627906976744186,0.1620553359683794,0.8958333333333333,0.0833333333333333,0.6988768756547492,0.8014678701952602,0.0,0.2559580248098154,1.0,0.3713289499282837,0.2810862064361572
0.4812117565729523,0.3125488538119598,0.0810794394524032,0.9565217391304373,0.217391304347826,0.3478260869565217,0.782608695652174,0.977514792899408,0.3800937667159342,0.0,0.8433734939759037,0.3154648767857286,0.6666666666666667,-1,0.8297872340425532,0.280216452956974,-2.7191148790512565,0.1627906976744186,0.1620553359683794,0.9583333333333331,0.6458333333333333,0.667656330271466,0.5471914912292644,0.0,0.2559580248098154,1.0,0.3713288903236389,0.28108617663383484
0.408046262025698,0.1691037393641927,0.1235818512942709,0.9565217391304373,0.217391304347826,0.3913043478260869,0.4782608695652174,0.9776331360946746,0.2398124665681314,0.0,0.9759036144578314,0.0,0.3333333333333333,-1,0.8297872340425532,-0.1496656582044209,-0.0081178081999676,0.1627906976744186,0.1620553359683794,0.2708333333333333,0.2291666666666666,0.7947923664421046,0.671422347826933,0.0,0.0,1.0,0.3713289797306061,0.2810862958431244
0.3453746280696936,0.1497694438583581,0.1492584693370161,0.9565217391304373,0.217391304347826,0.0869565217391304,0.2608695652173913,0.9776331360946746,0.0,0.0,0.4698795180722891,0.0,0.0,0,0.8297872340425532,2.085721319834833,0.076600850264135,0.1627906976744186,0.1620553359683794,0.3333333333333333,0.4583333333333333,0.730856385218625,0.761047797807987,0.4162896638657991,0.2559580248098154,1.0,0.37132900953292847,0.28108638525009155
0.1726363807000494,0.1339684188642493,0.2925409655160425,0.9565217391304373,0.217391304347826,0.6956521739130435,0.217391304347826,0.9776331360946746,0.0,0.0,0.5903614457831325,0.0,0.0,0,0.8297872340425532,-1.5252884139208849,1.3473807272256766,0.1627906976744186,0.1620553359683794,0.3958333333333333,0.1666666666666666,0.6087254278969769,0.6997012488837024,0.2626495350371935,0.2559580248098154,1.0,0.3713289797306061,0.2810863256454468
0.6035816190678113,0.4108030836376553,0.0526672441143738,0.9565217391304373,0.217391304347826,0.0434782608695652,0.6521739130434783,0.9776331360946746,0.0,0.244650542118226,0.5301204819277109,0.6309297535714573,0.5283208335737187,1,0.8297872340425532,3.719273342248134,-1.1941790266974064,0.1627906976744186,0.1620553359683794,0.4375,0.8541666666666666,0.8500842905944845,0.7802579177659352,0.0,0.0,1.0,0.3713289797306061,0.2810863256454468
0.3098299726106176,0.1786033044914547,0.1565273038101227,0.9565217391304373,0.217391304347826,0.7391304347826086,0.4347826086956522,0.9776331360946746,0.0,0.38776193503849,0.4819277108433735,0.4999999999999999,0.5283208335737187,0,0.8297872340425532,-1.439311991688606,-0.6858670759127897,0.1627906976744186,0.1620553359683794,0.4791666666666666,0.5416666666666666,0.6189309442444955,0.78505270148241,0.0,0.0,1.0,0.37132900953292847,0.28108638525009155
0.4268915954068545,0.2119221332470133,0.1093403967615045,0.9565217391304373,0.217391304347826,0.3043478260869565,0.5652173913043479,0.9776331360946746,0.0,0.0,0.3012048192771084,0.0,0.3333333333333333,-1,0.8297872340425532,0.194240030724695,-1.1094603682333035,0.1627906976744186,0.1620553359683794,0.9375,0.7916666666666666,0.8005009880623086,0.7527236261907453,0.0,0.2559580248098154,1.0,0.3713289797306061,0.2810862958431244
0.1305617807106426,0.1633509581233636,0.358610615007071,0.9565217391304373,0.217391304347826,0.1304347826086956,0.0,0.9776331360946746,0.2398124665681314,0.0,0.5301204819277109,0.4999999999999999,0.3333333333333333,1,0.8297872340425532,1.7418156309057171,2.618160604187218,0.1627906976744186,0.1620553359683794,0.9791666666666666,0.6875,0.7615241339259067,0.842067539100215,0.0,0.4056838710822128,1.0,0.3713288903236389,0.2810862362384796
0.4586852984152476,0.27979689757885,0.0895862098635575,0.9565217391304373,0.217391304347826,0.4347826086956522,0.782608695652174,0.9779881656804736,0.0,0.0,0.8072289156626506,0.6309297535714573,0.6666666666666667,0,0.8510638297872339,0.022287186260137,-1.4483350020897148,0.1627906976744186,0.1620553359683794,0.0833333333333333,0.4791666666666666,0.7976755429824685,0.6223837694678032,0.4162896638657991,0.0,1.0,0.3713289797306061,0.2810862958431244
0.0463625295067841,0.3684077588671151,0.5934410915257121,0.9565217391304373,0.217391304347826,0.8260869565217391,0.0434782608695652,0.9783431952662722,0.6199062332840658,0.0,0.1686746987951807,0.3154648767857286,0.8616541669070521,-1,0.8510638297872339,-2.642981902940512,3.719503164220554,0.1627906976744186,0.1620553359683794,0.8958333333333333,0.4375,0.6988867812478514,0.855098427683185,0.0,0.2559580248098154,1.0,0.3713289797306061,0.2810862958431244
0.2707370495630306,0.1339684188642493,0.1924615050343957,0.9565217391304373,0.217391304347826,0.4782608695652174,0.3478260869565217,0.9784615384615384,0.0,0.0,0.710843373493976,0.4999999999999999,0.0,1,0.8723404255319148,-1.0094298805272108,-0.0081178081999676,0.1627906976744186,0.1620553359683794,0.7916666666666666,0.0833333333333333,0.7486281310241114,0.8016462825316257,0.4162896638657991,0.0,1.0,0.3713289797306061,0.2810862958431244
0.1954281173587096,0.1438795272252668,0.2575432701156176,0.9565217391304373,0.217391304347826,0.6956521739130435,0.0,0.9784615384615384,0.3800937667159342,0.244650542118226,0.8674698795180723,0.3154648767857286,0.0,1,0.8723404255319148,-1.267359147224048,2.533441945723115,0.1627906976744186,0.1620553359683794,0.8541666666666666,0.6875,0.7751319071192586,0.8422300483617866,0.0,0.0,1.0,0.3713288903236389,0.2810860872268677
0.7436776398997077,0.6576534664944389,0.0222419394657445,0.9565217391304373,0.217391304347826,0.217391304347826,0.8260869565217391,0.9786982248520708,0.0,0.686820903599663,0.746987951807229,0.6309297535714573,0.5283208335737187,1,0.8723404255319148,1.3979099419766012,-2.9732708544435646,0.1627906976744186,0.1620553359683794,0.1666666666666666,0.8958333333333333,0.6956855087074161,0.7034193149652725,0.0,0.0,1.0,0.3713289797306061,0.2810863256454468
0.6074696213977914,0.4305141856551189,0.0489798578015007,0.9565217391304373,0.217391304347826,0.0,0.6521739130434783,0.9788165680473372,0.3800937667159342,0.0,0.0,0.0,0.0,0,0.8936170212765957,2.515603430996228,-1.5330536605538176,0.1627906976744186,0.1620553359683794,0.6875,0.3958333333333333,0.837206531501596,0.6107823499192688,0.0,0.0,1.0,0.3713288903236389,0.28108617663383484
0.2920706109512911,0.0389537239598332,0.2156875866667074,0.9565217391304373,0.217391304347826,0.4782608695652174,0.3043478260869565,0.9789349112426038,0.3800937667159342,0.244650542118226,0.9759036144578314,0.6309297535714573,0.3333333333333333,1,0.8936170212765957,-0.2356420804366999,0.076600850264135,0.1627906976744186,0.1620553359683794,0.2708333333333333,0.9375,0.7951592794790197,0.8059026705055314,0.0,0.0,1.0,0.37132900953292847,0.28108638525009155
0.4506869101778586,0.3486707016324448,0.0810794394524032,0.9565217391304373,0.217391304347826,0.1739130434782608,0.7391304347826086,0.9789349112426038,0.0,0.0,0.036144578313253,0.4999999999999999,0.6666666666666667,-1,0.8936170212765957,0.3661928751892531,-1.4483350020897148,0.1627906976744186,0.1620553359683794,0.375,0.4791666666666666,0.6410373677655048,0.622573903295008,0.0,0.0,1.0,0.3713289797306061,0.2810862958431244
0.1521634430910792,0.1014267769918961,0.3504279320257142,0.9565217391304373,0.217391304347826,0.2608695652173913,0.0434782608695652,0.9789349112426038,0.0,0.0,0.5301204819277109,0.4999999999999999,0.3333333333333333,1,0.8936170212765957,0.108263608492416,4.058377798076965,0.1627906976744186,0.1620553359683794,0.4583333333333333,0.4375,0.7568465975159728,0.8551853602972865,0.0,0.4056838710822128,1.0,0.3713288903236389,0.2810862064361572
0.3260267991023396,0.2456883726928422,0.1328204410780215,0.9565217391304373,0.217391304347826,0.5652173913043479,0.3913043478260869,0.9789349112426038,0.0,0.489301084236452,0.1325301204819277,0.4999999999999999,0.0,1,0.8936170212765957,-0.665524191598095,0.076600850264135,0.1627906976744186,0.1620553359683794,0.5416666666666666,0.9583333333333331,0.781047931736573,0.6719107659203647,0.0,0.0,1.0,0.3713289797306061,0.2810862958431244
0.1434123555935994,0.1438795272252668,0.3430212335801902,0.9565217391304373,0.217391304347826,0.782608695652174,0.0869565217391304,0.9789349112426038,0.0,0.0,0.2048192771084337,0.6309297535714573,0.6666666666666667,0,0.8936170212765957,-2.557005480708233,2.0251299949384984,0.1627906976744186,0.1620553359683794,0.6458333333333333,0.3333333333333333,0.546274184366137,0.736475570886608,0.4162896638657991,0.0,1.0,0.3713289797306061,0.2810863256454468
0.350625140944488,0.2028012962259913,0.1343410722864658,0.9565217391304373,0.217391304347826,0.6956521739130435,0.1304347826086956,0.9789349112426038,0.0,0.0,0.8674698795180723,0.3154648767857286,0.3333333333333333,0,0.8936170212765957,-1.181382724991769,1.7709740195461905,0.1627906976744186,0.1620553359683794,0.8541666666666666,0.9791666666666666,0.7751657509805125,0.7628773276037466,0.2626495350371935,0.2559580248098154,1.0,0.3713289797306061,0.2810862362384796
0.2903365044912297,0.1379471858571372,0.1789940112517239,0.9565217391304373,0.217391304347826,0.5217391304347826,0.6086956521739131,0.9790532544378698,0.0,0.0,0.4819277108433735,0.3154648767857286,0.5283208335737187,-1,0.8936170212765957,0.108263608492416,-0.7705857343768925,0.1627906976744186,0.1620553359683794,0.2291666666666666,0.5833333333333333,0.6673155901602705,0.771494539886602,0.2626495350371935,0.0,1.0,0.3713288903236389,0.28108614683151245
0.4125252527262218,0.2456883726928422,0.10448635790819,0.9565217391304373,0.217391304347826,0.217391304347826,0.5652173913043479,0.9791715976331364,0.0,0.0,0.746987951807229,0.6309297535714573,0.5283208335737187,1,0.9148936170212766,1.4838863642088802,-0.5164297589845843,0.1627906976744186,0.1620553359683794,0.1666666666666666,0.5416666666666666,0.6957662658606358,0.7856495449519014,0.2626495350371935,0.2559580248098154,1.0,0.3713289797306061,0.28108638525009155
0.408046262025698,0.2298662671273945,0.1109462972030086,0.9565217391304373,0.217391304347826,0.0869565217391304,0.5217391304347826,0.9792899408284024,0.0,0.0,0.4698795180722891,0.6309297535714573,0.0,1,0.9148936170212766,2.085721319834833,-0.0928364666640704,0.1627906976744186,0.1620553359683794,0.3333333333333333,0.2708333333333333,0.7316488092195945,0.7993676169823873,0.0,0.2559580248098154,1.0,0.3713289499282837,0.2810862958431244
0.3995898402153651,0.2629191929110002,0.1061104727645804,0.9565217391304373,0.217391304347826,0.1739130434782608,0.3913043478260869,0.9792899408284024,0.2398124665681314,0.5680609671737329,0.036144578313253,0.3154648767857286,0.0,1,0.9148936170212766,0.280216452956974,-0.0928364666640704,0.1627906976744186,0.1620553359683794,0.375,0.9583333333333331,0.6410980350914517,0.6719974610350377,0.0,0.0,1.0,0.37132900953292847,0.28108638525009155
0.6059190460000122,0.452478238377449,0.0471242269773284,0.9565217391304373,0.217391304347826,0.0,0.4347826086956522,0.9792899408284024,0.2398124665681314,0.0,0.5301204819277109,0.6309297535714573,0.0,1,0.9148936170212766,4.06317903117725,-0.8553043928409952,0.1627906976744186,0.1620553359683794,0.4375,0.7916666666666666,0.8504474802342965,0.7532427513447024,0.0,0.5119160496196309,1.0,0.3713289797306061,0.28108641505241394
0.4870414538240111,0.2697118348431306,0.0845023887807356,0.9565217391304373,0.217391304347826,0.0434782608695652,0.2608695652173913,0.9792899408284024,0.0,0.0,0.0,0.0,0.0,0,0.9148936170212766,2.515603430996228,0.1613195087282378,0.1627906976744186,0.1620553359683794,0.6875,0.4583333333333333,0.8372796369883406,0.7615083643618712,0.0,0.2559580248098154,1.0,0.3713289499282837,0.2810863256454468
0.1521634430910792,0.1691037393641927,0.313049770222307,0.9565217391304373,0.217391304347826,0.8260869565217391,0.6956521739130435,0.9792899408284024,0.7194373997043944,0.0,0.1686746987951807,0.3154648767857286,0.6666666666666667,-1,0.9148936170212766,-3.0728640141019072,-1.5330536605538176,0.1627906976744186,0.1620553359683794,0.8958333333333333,0.3958333333333333,0.6988985090327844,0.6108360133715374,0.0,0.0,1.0,0.3713289797306061,0.2810862958431244
0.4454575267557689,0.2369358656057587,0.0995768431242991,0.9565217391304373,0.217391304347826,0.3043478260869565,0.7391304347826086,0.9792899408284024,0.3800937667159342,0.0,0.3012048192771084,0.4999999999999999,0.3333333333333333,1,0.9148936170212766,-0.0636892359721419,-2.5496775621230507,0.1627906976744186,0.1620553359683794,0.9375,0.6458333333333333,0.8010726442701921,0.5481119503067575,0.0,0.0,1.0,0.3713289797306061,0.2810863256454468
0.3807315497178286,0.1972799135420955,0.1235818512942709,0.9565217391304373,0.217391304347826,0.1304347826086956,0.4782608695652174,0.9794082840236684,0.0,0.244650542118226,0.5301204819277109,0.6309297535714573,0.0,1,0.9148936170212766,1.827792053137996,-0.0081178081999676,0.1627906976744186,0.1620553359683794,0.9791666666666666,0.2291666666666666,0.7615241339259067,0.671383723849351,0.0,0.0,1.0,0.37132886052131653,0.2810860872268677
0.3369790165966648,0.1691037393641927,0.1463161436710143,0.9565217391304373,0.217391304347826,0.6086956521739131,0.6521739130434783,0.9795266272189348,0.0,0.0,0.2409638554216867,0.3154648767857286,0.3333333333333333,0,0.9148936170212766,-0.665524191598095,-1.1941790266974064,0.1627906976744186,0.1620553359683794,0.5833333333333333,0.8541666666666666,0.7680712775031424,0.780331261861462,0.2626495350371935,0.0,1.0,0.3713289797306061,0.2810862958431244
0.133165826308272,0.1359602050001027,0.3710372875903385,0.9565217391304373,0.217391304347826,0.4347826086956522,0.0,0.979644970414201,0.2398124665681314,0.0,0.8072289156626506,0.3154648767857286,0.3333333333333333,0,0.9361702127659574,-0.1496656582044209,4.22781511500517,0.1627906976744186,0.1620553359683794,0.0833333333333333,0.4375,0.7980604627417593,0.8553721374568399,0.0,0.2559580248098154,1.0,0.3713289499282837,0.2810862958431244
0.2539384457238134,0.1478108147170451,0.2003438888998383,0.9565217391304373,0.217391304347826,0.4782608695652174,0.0434782608695652,0.979644970414201,0.2398124665681314,0.0,0.1325301204819277,0.6309297535714573,0.5283208335737187,1,0.9361702127659574,-0.579547769365816,2.4487232872590123,0.1627906976744186,0.1620553359683794,0.5416666666666666,0.6875,0.7812754608876398,0.8424137728264236,0.0,0.0,1.0,0.3713289499282837,0.2810862958431244
0.3423424472144094,0.2351741469323915,0.1297629344495855,0.9565217391304373,0.217391304347826,0.3043478260869565,0.782608695652174,0.979644970414201,0.2398124665681314,0.0,0.710843373493976,0.0,0.3333333333333333,-1,0.9361702127659574,-1.0954063027594898,-1.363616343625612,0.1627906976744186,0.1620553359683794,0.7916666666666666,0.4791666666666666,0.7490184328115197,0.6227496376307056,0.0,0.2559580248098154,1.0,0.3713289797306061,0.2810863256454468
0.4989576006873761,0.2629191929110002,0.0845023887807356,0.9565217391304373,0.217391304347826,0.217391304347826,0.3478260869565217,0.9797633136094674,0.0,0.0,0.5301204819277109,0.8856218745807111,0.0,1,0.9361702127659574,0.194240030724695,-0.0081178081999676,0.1627906976744186,0.1620553359683794,0.4583333333333333,0.9375,0.7570653730304702,0.8061253004220899,0.0,0.2559580248098154,1.0,0.3713289797306061,0.2810862958431244
0.1582967047373907,0.1786033044914547,0.2935899962396064,0.9565217391304373,0.217391304347826,0.7391304347826086,0.2608695652173913,0.979881656804734,0.2398124665681314,0.0,0.2048192771084337,0.3154648767857286,0.3333333333333333,0,0.9361702127659574,-2.642981902940512,0.3307568256564434,0.1627906976744186,0.1620553359683794,0.6458333333333333,0.375,0.5466025858604915,0.6452870177150227,0.0,0.2559580248098154,1.0,0.3713288903236389,0.2810860276222229
0.2413420673281554,0.1359602050001027,0.2144296710743796,0.9565217391304373,0.217391304347826,0.5217391304347826,0.6086956521739131,0.979881656804734,0.6199062332840658,0.0,0.8433734939759037,0.8154648767857287,0.3333333333333333,1,0.9361702127659574,-0.1496656582044209,-0.6858670759127897,0.1627906976744186,0.1620553359683794,0.9583333333333331,0.5833333333333333,0.6685277729420267,0.7719392718350997,0.0,0.0,1.0,0.3713289797306061,0.2810862958431244
0.2472061281629526,0.1259527530077646,0.2131680611578285,0.9565217391304373,0.217391304347826,0.6956521739130435,0.1304347826086956,0.98,0.0,0.0,0.5903614457831325,0.4999999999999999,0.0,1,0.9361702127659574,-1.353335569456327,2.0251299949384984,0.1627906976744186,0.1620553359683794,0.3958333333333333,0.9791666666666666,0.6099135361426098,0.7628773276037466,0.2626495350371935,0.2559580248098154,1.0,0.3713289797306061,0.2810863256454468
0.5769054584762149,0.496009433635258,0.0471242269773284,0.9565217391304373,0.217391304347826,0.6521739130434783,0.8260869565217391,0.98,0.0,0.7755238700769802,0.8674698795180723,0.6309297535714573,0.0,1,0.9361702127659574,-1.181382724991769,-3.227426829835873,0.1627906976744186,0.1620553359683794,0.8541666666666666,0.8958333333333333,0.775258484034768,0.7034931830620528,0.0,0.0,1.0,0.37132900953292847,0.28108638525009155
0.2159176277176983,0.1158222050398993,0.247163702588542,0.9565217391304373,0.217391304347826,0.5652173913043479,0.0869565217391304,0.9801183431952664,0.3800937667159342,0.0,0.4819277108433735,0.3154648767857286,0.3333333333333333,0,0.9361702127659574,-0.2356420804366999,2.279285970330807,0.1627906976744186,0.1620553359683794,0.2291666666666666,0.3333333333333333,0.6672914926835556,0.7369153205797832,0.0,0.2559580248098154,1.0,0.3713289797306061,0.2810862958431244
0.2929347952497527,0.1497694438583581,0.1734865272523655,0.9565217391304373,0.217391304347826,0.3913043478260869,0.1739130434782608,0.9801183431952664,0.2398124665681314,0.0,0.9759036144578314,0.4999999999999999,0.5283208335737187,0,0.9361702127659574,-0.3216185026689789,1.516818044153882,0.1627906976744186,0.1620553359683794,0.2708333333333333,0.1666666666666666,0.7954774390995529,0.7002056815263875,0.0,0.4056838710822128,1.0,0.3713289797306061,0.2810863256454468
0.2661425371459582,0.1419068240886909,0.1924615050343957,0.9565217391304373,0.217391304347826,0.7391304347826086,0.4347826086956522,0.9801183431952664,0.0,0.0,0.4819277108433735,0.3154648767857286,0.0,1,0.9574468085106382,-1.267359147224048,-0.1775551251281732,0.1627906976744186,0.1620553359683794,0.4791666666666666,0.0833333333333333,0.6198251736217257,0.8019838871531848,0.4162896638657991,0.0,1.0,0.3713289797306061,0.2810862958431244
0.2877208723979957,0.1729167237939524,0.1707060782715994,0.9565217391304373,0.217391304347826,0.5217391304347826,0.1304347826086956,0.980355029585799,0.0,0.244650542118226,0.8433734939759037,0.0,0.5283208335737187,-1,0.9574468085106382,0.194240030724695,1.8556926780102927,0.1627906976744186,0.1620553359683794,0.9583333333333331,0.9791666666666666,0.6686510900438976,0.7628773276037466,0.2626495350371935,0.0,1.0,0.3713289499282837,0.2810862362384796
0.7254981536191595,0.6671021724106085,0.0222419394657445,0.9565217391304373,0.217391304347826,0.217391304347826,0.8260869565217391,0.9804733727810652,0.0,0.812711509291959,0.036144578313253,0.4999999999999999,0.0,1,0.9574468085106382,0.3661928751892531,-3.481582805228181,0.1627906976744186,0.1620553359683794,0.375,0.8958333333333333,0.6413633296120842,0.7035337779253255,0.0,0.0,1.0,0.3713289797306061,0.2810862958431244
0.364531811916335,0.1633509581233636,0.1388709336052376,0.9565217391304373,0.217391304347826,0.7391304347826086,0.4347826086956522,0.9804733727810652,0.0,0.0,0.4819277108433735,0.4999999999999999,0.3333333333333333,1,0.9787234042553192,-1.181382724991769,-0.3469924420563787,0.1627906976744186,0.1620553359683794,0.4791666666666666,0.2708333333333333,0.6199020372081641,0.7996803865241835,0.525299070074387,0.0,1.0,0.37132900953292847,0.2810863256454468
0.1898532378554118,0.1279639949492921,0.274303960438416,0.9565217391304373,0.217391304347826,0.5217391304347826,0.2608695652173913,0.9804733727810652,0.0,0.0,0.1325301204819277,0.3154648767857286,0.5283208335737187,-1,0.9787234042553192,-0.4935713471335369,0.6696314595128544,0.1627906976744186,0.1620553359683794,0.5416666666666666,0.4583333333333333,0.7815410531497793,0.7618027046546108,0.2626495350371935,0.2559580248098154,1.0,0.37132900953292847,0.28108638525009155
0.077482634892175,0.2595017474858638,0.4746976583553919,0.9565217391304373,0.217391304347826,0.782608695652174,0.6956521739130435,0.9804733727810652,0.0,0.0,0.2048192771084337,0.0,0.6666666666666667,-1,0.9787234042553192,-2.642981902940512,-0.940023051305098,0.1627906976744186,0.1620553359683794,0.6458333333333333,0.8541666666666666,0.5467757898459549,0.7803774473807918,0.0,0.2559580248098154,1.0,0.3713289797306061,0.2810862958431244
0.3666831846778068,0.195431196344384,0.1297629344495855,0.9565217391304373,0.217391304347826,0.3913043478260869,0.6521739130434783,0.9804733727810652,0.3800937667159342,0.0,0.710843373493976,0.7324867603589634,0.0,1,0.9787234042553192,-1.181382724991769,-1.1941790266974064,0.1627906976744186,0.1620553359683794,0.7916666666666666,0.3958333333333333,0.7492636633143415,0.6117430984591443,0.0,0.4056838710822128,1.0,0.37132900953292847,0.2810863256454468
0.2293439643729159,0.1299703373928096,0.2268460807314433,0.9565217391304373,0.217391304347826,0.3043478260869565,0.6086956521739131,0.9804733727810652,0.2398124665681314,0.244650542118226,0.3012048192771084,0.6309297535714573,0.0,1,0.9787234042553192,-0.4935713471335369,-1.0247417097692009,0.1627906976744186,0.1620553359683794,0.9375,0.5833333333333333,0.8014575321181001,0.7719377849925337,0.0,0.0,1.0,0.37132903933525085,0.28108641505241394
0.1570777071121351,0.1299703373928096,0.3239257401941093,0.9565217391304373,0.217391304347826,0.4782608695652174,0.0434782608695652,0.9805917159763312,0.2398124665681314,0.244650542118226,0.8072289156626506,0.0,0.6666666666666667,-1,0.9787234042553192,-0.2356420804366999,2.364004628794909,0.1627906976744186,0.1620553359683794,0.0833333333333333,0.6875,0.7982568614689927,0.8425766842225222,0.0,0.0,1.0,0.3713289797306061,0.2810863256454468
0.403515489939018,0.2064617607659762,0.1157282894535847,0.9565217391304373,0.217391304347826,0.0869565217391304,0.1739130434782608,0.9805917159763312,0.0,0.0,0.4698795180722891,0.4999999999999999,0.5283208335737187,0,0.9787234042553192,2.34365058653167,1.516818044153882,0.1627906976744186,0.1620553359683794,0.3333333333333333,0.1666666666666666,0.7322320479650342,0.7002905573918257,0.0,0.0,1.0,0.3713289797306061,0.2810863256454468
0.7003767543061602,0.5530891153926962,0.031983351625852,0.9565217391304373,0.217391304347826,0.0,0.5652173913043479,0.9805917159763312,0.0,0.0,0.5301204819277109,0.3154648767857286,0.0,1,0.9787234042553192,4.321108297874087,-0.262273783592276,0.1627906976744186,0.1620553359683794,0.4375,0.2291666666666666,0.8507121540738376,0.6713613365007858,0.0,0.0,1.0,0.3713289499282837,0.28108638525009155
0.5872248387747054,0.452478238377449,0.0489798578015007,0.9565217391304373,0.217391304347826,0.1304347826086956,0.0,0.9808284023668636,0.0,0.0,0.5301204819277109,0.6309297535714573,0.6666666666666667,0,1.0,2.085721319834833,4.312533773469274,0.1627906976744186,0.1620553359683794,0.9791666666666666,0.4375,0.7615241339259067,0.8556396563783613,0.2626495350371935,0.2559580248098154,1.0,0.3713289201259613,0.2810862362384796
0.479606672743475,0.3093316498547911,0.0810794394524032,0.9565217391304373,0.217391304347826,0.5217391304347826,0.4347826086956522,0.98094674556213,0.3800937667159342,0.244650542118226,0.8072289156626506,0.8154648767857287,0.0,1,1.0,-0.4935713471335369,-0.0081178081999676,0.1627906976744186,0.1620553359683794,0.0833333333333333,0.9583333333333331,0.7983134563704464,0.6725589323592185,0.0,0.0,1.0,0.3713288903236389,0.28108614683151245
0.349879360661294,0.2560700626636729,0.1220225832744171,0.9565217391304373,0.217391304347826,0.1739130434782608,0.7391304347826086,0.98094674556213,0.0,0.0,0.746987951807229,0.7324867603589634,0.5283208335737187,1,1.0,1.5698627864411592,-1.1094603682333035,0.1627906976744186,0.1620553359683794,0.1666666666666666,0.4791666666666666,0.6961395332502509,0.6232826456936336,0.0,0.5943161289177871,1.0,0.37132883071899414,0.2810860276222229
0.310655910578178,0.1614244001319842,0.1608302900503926,0.9565217391304373,0.217391304347826,0.5652173913043479,0.0434782608695652,0.98094674556213,0.2398124665681314,0.0,0.4819277108433735,0.3154648767857286,0.6666666666666667,-1,1.0,-0.3216185026689789,2.618160604187218,0.1627906976744186,0.1620553359683794,0.2291666666666666,0.6875,0.6672741887782208,0.8426276299187412,0.0,0.2559580248098154,1.0,0.371328741312027,0.28108587861061096
0.3902741148702265,0.199124490272293,0.1220225832744171,0.9565217391304373,0.217391304347826,0.3478260869565217,0.782608695652174,0.98094674556213,0.2398124665681314,0.244650542118226,0.9759036144578314,0.3154648767857286,0.3333333333333333,0,1.0,-0.4075949249012579,-2.888552195979462,0.1627906976744186,0.1620553359683794,0.2708333333333333,0.6458333333333333,0.7956806895437871,0.5487340091271828,0.0,0.0,1.0,0.3713288903236389,0.2810860872268677
0.2333842828434502,0.1319718041512219,0.2219224982623933,0.9565217391304373,0.217391304347826,0.6086956521739131,0.3043478260869565,0.98094674556213,0.2398124665681314,0.0,0.5903614457831325,0.3154648767857286,0.0,1,1.0,-1.5252884139208849,-0.262273783592276,0.1627906976744186,0.1620553359683794,0.3958333333333333,0.9375,0.6103118383479644,0.8064756518075764,0.0,0.2559580248098154,1.0,0.37132900953292847,0.28108638525009155
0.3659673718385282,0.2227354592427541,0.1235818512942709,0.9565217391304373,0.217391304347826,0.217391304347826,0.2608695652173913,0.98094674556213,0.0,0.0,0.5301204819277109,0.4999999999999999,0.0,1,1.0,0.7960749863506482,0.5001941425846489,0.1627906976744186,0.1620553359683794,0.4583333333333333,0.375,0.7573856720177139,0.6454991062991138,0.4162896638657991,0.2559580248098154,1.0,0.3713289797306061,0.2810862958431244
0.4225747115646109,0.2881077972202446,0.0962723816929588,0.9565217391304373,0.217391304347826,0.6956521739130435,0.4782608695652174,0.98094674556213,0.3800937667159342,0.0,0.2409638554216867,0.6309297535714573,0.3333333333333333,1,1.0,-1.267359147224048,-0.8553043928409952,0.1627906976744186,0.1620553359683794,0.5833333333333333,0.7916666666666666,0.7684918289184017,0.7537530237218297,0.0,0.2559580248098154,1.0,0.3713289797306061,0.2810862958431244
0.5976763226993522,0.3964291906074315,0.0544991354526003,0.9565217391304373,0.217391304347826,0.6521739130434783,0.0869565217391304,0.98094674556213,0.0,0.0,0.8674698795180723,0.6309297535714573,0.0,1,1.0,-0.665524191598095,2.279285970330807,0.1627906976744186,0.1620553359683794,0.8541666666666666,0.3333333333333333,0.7753381293204822,0.7371374355045506,0.4162896638657991,0.0,1.0,0.3713289797306061,0.2810862958431244
0.1145633381363702,0.2298662671273945,0.3630900911315591,0.9565217391304373,0.217391304347826,0.8260869565217391,0.3913043478260869,0.98094674556213,0.8296148293891938,0.244650542118226,0.1686746987951807,0.0,0.7739760316291208,-1,1.0,-3.674698969727861,-0.6011484174486871,0.1627906976744186,0.1620553359683794,0.8958333333333333,0.5416666666666666,0.6989211155892552,0.7861915124316108,0.0,0.0,1.0,0.37132900953292847,0.2810863256454468
0.1819127290499121,0.1198893894325332,0.2819073070301168,1.0,0.217391304347826,0.782608695652174,0.2608695652173913,0.987100591715976,0.0,0.0,0.8072289156626506,0.4999999999999999,0.5283208335737187,0,0.0,0.022287186260137,-0.0081178081999676,0.1627906976744186,0.1620553359683794,0.0833333333333333,0.6875,0.7996470492380727,0.8437146524091361,0.0,0.0,,,
0.1920927149238303,0.1239365875804408,0.2676779493636571,1.0,0.217391304347826,0.6956521739130435,0.1739130434782608,0.987100591715976,0.0,0.0,0.0240963855421686,0.7324867603589634,0.5283208335737187,1,0.0,0.022287186260137,-0.0081178081999676,0.1627906976744186,0.1620553359683794,0.25,0.8541666666666666,0.6793506301382031,0.7813089592423015,0.0,0.0,,,
0.2577341889114768,0.1691037393641927,0.1884654030288818,1.0,0.217391304347826,0.6521739130434783,0.5217391304347826,0.987100591715976,0.0,0.0,0.9759036144578314,0.3154648767857286,0.5283208335737187,-1,0.0,0.022287186260137,-0.0081178081999676,0.1627906976744186,0.1620553359683794,0.2708333333333333,0.375,0.7973733033489012,0.6470710868650384,0.0,0.0,,,
0.2303579556773924,0.0888843544112887,0.2401019895763482,1.0,0.217391304347826,0.6086956521739131,0.217391304347826,0.987100591715976,0.0,0.0,0.5783132530120483,0.0,0.3333333333333333,-1,0.0,0.022287186260137,-0.0081178081999676,0.1627906976744186,0.1620553359683794,0.2916666666666666,0.7916666666666666,0.6473691963932786,0.75566753833605,0.0,0.0,,,
0.3765696618912709,0.1748166165990063,0.1282259815835157,1.0,0.217391304347826,0.4782608695652174,0.0,0.987100591715976,0.0,0.0,0.5903614457831325,0.4999999999999999,0.0,1,0.0,0.022287186260137,-0.0081178081999676,0.1627906976744186,0.1620553359683794,0.3958333333333333,1.0,0.6134062517437335,0.7628773276037466,0.0,0.0,1.0,0.3713289797306061,0.2810863256454468
0.4353852775229703,0.2560700626636729,0.0962723816929588,1.0,0.217391304347826,0.3913043478260869,0.3478260869565217,0.987100591715976,0.0,0.0,0.5301204819277109,0.4999999999999999,0.3333333333333333,1,0.0,0.022287186260137,-0.0081178081999676,0.1627906976744186,0.1620553359683794,0.4583333333333333,0.5416666666666666,0.7591487398933949,0.7882460223143151,0.0,0.0,1.0,0.37132903933525085,0.28108641505241394
0.3252326601871359,0.1497694438583581,0.1550833432309885,1.0,0.217391304347826,0.3043478260869565,0.8260869565217391,0.987100591715976,0.0,0.0,0.2409638554216867,0.0,0.3333333333333333,-1,0.0,0.022287186260137,-0.0081178081999676,0.1627906976744186,0.1620553359683794,0.5833333333333333,0.0416666666666666,0.7703560535170733,0.7337110842660886,0.0,0.0,1.0,0.37132903933525085,0.28108641505241394
0.1509251879675984,0.0972671562017328,0.3522598233639408,1.0,0.217391304347826,0.1304347826086956,0.4347826086956522,0.9872189349112426,0.0,0.0,0.3012048192771084,0.4999999999999999,0.3333333333333333,1,0.0,0.022287186260137,-0.0081178081999676,0.1627906976744186,0.1620553359683794,0.9375,0.4375,0.80378100728642,0.8567053153069184,0.0,0.0,1.0,0.37132900953292847,0.2810863256454468
0.3408175136929312,0.1671906068761581,0.1433535259435616,1.0,0.217391304347826,0.0434782608695652,0.0869565217391304,0.9872189349112426,0.0,0.0,0.5301204819277109,0.4999999999999999,0.3333333333333333,1,0.0,0.022287186260137,-0.0081178081999676,0.1627906976744186,0.1620553359683794,0.9791666666666666,0.9583333333333331,0.7615241339259067,0.6745183764365843,0.0,0.0,1.0,0.3713289797306061,0.2810862362384796
0.2539384457238134,0.1137810561246126,0.2119027351536836,1.0,0.217391304347826,0.7391304347826086,0.5652173913043479,0.9873372781065086,0.0,0.0,0.746987951807229,0.7324867603589634,0.0,1,0.0,0.022287186260137,-0.0081178081999676,0.1627906976744186,0.1620553359683794,0.1666666666666666,0.3333333333333333,0.697520690332073,0.7402416740796711,0.0,0.0,1.0,0.37132903933525085,0.28108644485473633
0.5442094016580755,0.3638948535166566,0.063543214086176,1.0,0.217391304347826,0.4347826086956522,0.2608695652173913,0.9879289940828402,0.2398124665681314,0.244650542118226,0.5301204819277109,0.3154648767857286,0.3333333333333333,0,0.0212765957446808,-0.0636892359721419,-0.0928364666640704,0.1627906976744186,0.1620553359683794,0.4375,0.5833333333333333,0.8522109502460331,0.77402448218166,0.0,0.0,1.0,0.37132903933525085,0.28108644485473633
0.3039991489152914,0.1399293845654892,0.1693090758442397,1.0,0.217391304347826,0.4782608695652174,0.0,0.9879289940828402,0.0,0.0,0.710843373493976,0.3154648767857286,0.0,1,0.0212765957446808,0.108263608492416,-0.0081178081999676,0.1627906976744186,0.1620553359683794,0.7916666666666666,0.0833333333333333,0.7518666074552536,0.803407364751539,0.2626495350371935,0.0,1.0,0.37132903933525085,0.28108641505241394
0.2707370495630306,0.1339684188642493,0.1884654030288818,1.0,0.217391304347826,0.5217391304347826,0.3043478260869565,0.9879289940828402,0.2398124665681314,0.0,0.8674698795180723,0.3154648767857286,0.3333333333333333,0,0.0212765957446808,-0.1496656582044209,0.076600850264135,0.1627906976744186,0.1620553359683794,0.8541666666666666,0.9375,0.7760915878486456,0.8087753581322199,0.0,0.2559580248098154,1.0,0.37132903933525085,0.28108641505241394
0.1819127290499121,0.1279639949492921,0.2797486197346605,1.0,0.217391304347826,0.5652173913043479,0.3478260869565217,0.9879289940828402,0.2398124665681314,0.0,0.5301204819277109,0.4999999999999999,0.5283208335737187,0,0.0212765957446808,-0.1496656582044209,0.076600850264135,0.1627906976744186,0.1620553359683794,1.0,0.9791666666666666,0.7615241339259067,0.7628773276037466,0.0,0.2559580248098154,1.0,0.37132903933525085,0.28108641505241394
0.2894665653536619,0.1497694438583581,0.1734865272523655,1.0,0.217391304347826,0.6086956521739131,0.217391304347826,0.9880473372781068,0.0,0.0,0.036144578313253,0.3154648767857286,0.3333333333333333,0,0.0212765957446808,0.108263608492416,0.076600850264135,0.1627906976744186,0.1620553359683794,0.375,0.4583333333333333,0.6432733912915249,0.7638338617063061,0.2626495350371935,0.2559580248098154,1.0,0.37132903933525085,0.28108641505241394
0.2633597508701388,0.1279639949492921,0.1977324652479581,1.0,0.217391304347826,0.6521739130434783,0.3913043478260869,0.9880473372781068,0.2398124665681314,0.0,0.1325301204819277,0.8154648767857287,0.6666666666666667,1,0.0212765957446808,-0.0636892359721419,0.3307568256564434,0.1627906976744186,0.1620553359683794,0.5416666666666666,0.1666666666666666,0.7842834480151659,0.7018075206582786,0.0,0.2559580248098154,1.0,0.37132903933525085,0.28108641505241394
0.6090140861377604,0.4221242676110983,0.0471242269773284,1.0,0.217391304347826,0.6956521739130435,0.1739130434782608,0.9880473372781068,0.0,0.0,0.0,0.8154648767857287,0.3333333333333333,1,0.0212765957446808,0.022287186260137,0.1613195087282378,0.1627906976744186,0.1620553359683794,0.6875,0.3958333333333333,0.8389302543156487,0.6147640311946578,0.0,0.2559580248098154,1.0,0.37132903933525085,0.28108644485473633
0.4615027614524243,0.2747698026279428,0.0878982789381466,1.0,0.217391304347826,0.7391304347826086,0.0434782608695652,0.9880473372781068,0.2398124665681314,0.0,0.8433734939759037,0.3154648767857286,0.3333333333333333,0,0.0212765957446808,-0.0636892359721419,0.1613195087282378,0.1627906976744186,0.1620553359683794,0.9583333333333331,0.25,0.6713953952904428,0.6841463344975465,0.0,0.2559580248098154,1.0,0.37132903933525085,0.28108641505241394
0.6000491296684799,0.3409517775993802,0.0581396476459637,1.0,0.217391304347826,0.782608695652174,0.1304347826086956,0.9881656804733728,0.2398124665681314,0.244650542118226,0.4698795180722891,0.3154648767857286,0.5283208335737187,-1,0.0212765957446808,-0.3216185026689789,-0.0928364666640704,0.1627906976744186,0.1620553359683794,0.3333333333333333,0.2916666666666666,0.7358690021696799,0.6524179171520419,0.0,0.0,1.0,0.37132903933525085,0.28108641505241394
0.5437544887566742,0.3486707016324448,0.063543214086176,1.0,0.217391304347826,0.3478260869565217,0.782608695652174,0.9887573964497044,0.2398124665681314,0.0,0.8072289156626506,0.6309297535714573,0.6666666666666667,0,0.0425531914893616,-0.0636892359721419,-0.1775551251281732,0.1627906976744186,0.1620553359683794,0.0833333333333333,1.0,0.7999436455486462,0.7628773276037466,0.0,0.0,1.0,0.3713289797306061,0.2810863256454468
0.2095622329759399,0.1198893894325332,0.2483294505707566,1.0,0.217391304347826,0.0434782608695652,0.6521739130434783,0.9887573964497044,0.0,0.0,0.0240963855421686,0.6309297535714573,0.6666666666666667,0,0.0425531914893616,0.194240030724695,-0.0081178081999676,0.1627906976744186,0.1620553359683794,0.25,0.2916666666666666,0.6793833257316402,0.6525429401772731,0.0,0.2559580248098154,1.0,0.37132903933525085,0.28108641505241394
0.0759839431210533,0.2421985235485197,0.4935241144124471,1.0,0.217391304347826,0.0869565217391304,0.5217391304347826,0.9887573964497044,0.2398124665681314,0.0,0.5903614457831325,0.3154648767857286,0.5283208335737187,-1,0.0425531914893616,-0.1496656582044209,-0.0928364666640704,0.1627906976744186,0.1620553359683794,0.3958333333333333,0.4375,0.6140735037116427,0.8570234922804081,0.0,0.0,1.0,0.37132903933525085,0.28108641505241394
0.2472061281629526,0.1259527530077646,0.2106336711056923,1.0,0.217391304347826,0.217391304347826,0.8260869565217391,0.9887573964497044,0.0,0.38776193503849,0.5301204819277109,0.4999999999999999,0.5283208335737187,0,0.0425531914893616,0.108263608492416,-0.4317111005204815,0.1627906976744186,0.1620553359683794,0.9791666666666666,0.3333333333333333,0.7615241339259067,0.7406886837654165,0.0,0.0,1.0,0.37132900953292847,0.28108641505241394
0.3220399140521013,0.145847516610311,0.1579664269913185,1.0,0.217391304347826,0.4782608695652174,0.7391304347826086,0.9888757396449704,0.0,0.0,0.0963855421686747,0.4999999999999999,0.3333333333333333,1,0.0425531914893616,0.108263608492416,-0.1775551251281732,0.1627906976744186,0.1620553359683794,0.0416666666666666,0.8541666666666666,0.7308496821791104,0.7813435142655394,0.2626495350371935,0.0,1.0,0.3713289797306061,0.2810862958431244
0.3528540043201594,0.1399293845654892,0.1463161436710143,1.0,0.217391304347826,0.4347826086956522,0.3043478260869565,0.9888757396449704,0.2398124665681314,0.0,0.9759036144578314,0.4999999999999999,0.0,1,0.0425531914893616,-0.0636892359721419,0.1613195087282378,0.1627906976744186,0.1620553359683794,0.2708333333333333,0.7916666666666666,0.7977813150820972,0.7562122062030834,0.0,0.4056838710822128,1.0,0.37132903933525085,0.28108641505241394
0.3896001552534823,0.1594933250016728,0.1297629344495855,1.0,0.217391304347826,0.1304347826086956,0.0,0.9888757396449704,0.0,0.244650542118226,0.5301204819277109,0.3154648767857286,0.0,1,0.0425531914893616,0.108263608492416,0.1613195087282378,0.1627906976744186,0.1620553359683794,0.4583333333333333,0.1666666666666666,0.7595774158542679,0.701934978415834,0.0,0.0,1.0,0.37132903933525085,0.28108644485473633
0.3476334667180658,0.1536727837037277,0.1448373887931489,1.0,0.217391304347826,0.1739130434782608,0.5652173913043479,0.9888757396449704,0.0,0.0,0.3012048192771084,0.4999999999999999,0.0,1,0.0425531914893616,0.108263608492416,0.076600850264135,0.1627906976744186,0.1620553359683794,0.9375,0.5416666666666666,0.8042509071794013,0.7888301755253131,0.0,0.2559580248098154,1.0,0.37132903933525085,0.28108644485473633
0.2577341889114768,0.1594933250016728,0.1911335971212903,1.0,0.217391304347826,0.6086956521739131,0.2608695652173913,0.9888757396449704,0.0,0.0,0.8433734939759037,0.0,0.3333333333333333,-1,0.0425531914893616,-0.0636892359721419,0.076600850264135,0.1627906976744186,0.1620553359683794,0.9583333333333331,0.375,0.6716014579829952,0.6474007544423606,0.0,0.0,1.0,0.37132903933525085,0.28108644485473633
0.1643354593536958,0.1691037393641927,0.2861924085748343,1.0,0.217391304347826,0.6956521739130435,0.3913043478260869,0.9889940828402368,0.0,0.0,0.2409638554216867,0.3154648767857286,0.6666666666666667,-1,0.0425531914893616,-0.0636892359721419,0.3307568256564434,0.1627906976744186,0.1620553359683794,0.5833333333333333,0.6875,0.7708352692953688,0.8440032844006413,0.0,0.2559580248098154,1.0,0.37132903933525085,0.28108641505241394
0.2323781014934494,0.0909880673450214,0.2365271184506421,1.0,0.217391304347826,0.3913043478260869,0.782608695652174,0.9897041420118344,0.0,0.0,0.0963855421686747,0.0,0.3333333333333333,-1,0.0638297872340425,0.194240030724695,0.076600850264135,0.1627906976744186,0.1620553359683794,0.0416666666666666,0.2708333333333333,0.7310169508128215,0.8018549152613466,0.4162896638657991,0.2559580248098154,1.0,0.37132903933525085,0.28108641505241394
0.2333842828434502,0.1158222050398993,0.2256204654412338,1.0,0.217391304347826,0.4347826086956522,0.217391304347826,0.990414201183432,0.0,0.0,0.5783132530120483,0.0,0.3333333333333333,-1,0.0638297872340425,0.022287186260137,0.2460381671923406,0.1627906976744186,0.1620553359683794,0.2916666666666666,0.9375,0.647749379023818,0.8094485041276285,0.0,0.2559580248098154,1.0,0.37132903933525085,0.28108641505241394
0.4041659588361488,0.2009649450398827,0.1141401994089745,1.0,0.217391304347826,0.8260869565217391,0.4782608695652174,0.990414201183432,0.0,0.0,0.4698795180722891,0.3154648767857286,0.3333333333333333,0,0.0851063829787234,-0.4075949249012579,0.1613195087282378,0.1627906976744186,0.1620553359683794,0.3333333333333333,0.2708333333333333,0.7367718206281968,0.801907001633068,0.0,0.4056838710822128,1.0,0.37132903933525085,0.28108641505241394
0.307341663168569,0.1478108147170451,0.1622550935715581,1.0,0.217391304347826,0.0869565217391304,0.0434782608695652,0.990414201183432,0.2398124665681314,0.244650542118226,0.710843373493976,0.3154648767857286,0.3333333333333333,0,0.0851063829787234,0.022287186260137,0.076600850264135,0.1627906976744186,0.1620553359683794,0.7916666666666666,0.0416666666666666,0.7525873425928455,0.735025293850027,0.0,0.0,1.0,0.37132903933525085,0.28108641505241394
0.1484368785255498,0.1748166165990063,0.3059825248705597,1.0,0.217391304347826,0.782608695652174,0.6956521739130435,0.990414201183432,0.0,0.244650542118226,0.5301204819277109,0.3154648767857286,0.3333333333333333,0,0.0851063829787234,-0.1496656582044209,-0.262273783592276,0.1627906976744186,0.1620553359683794,1.0,0.5833333333333333,0.7615241339259067,0.7745638563600956,0.0,0.0,1.0,0.37132903933525085,0.28108641505241394
0.2642895435258434,0.1517234261883286,0.1857805326151629,1.0,0.217391304347826,0.4347826086956522,0.5652173913043479,0.990532544378698,0.2398124665681314,0.0,0.1325301204819277,0.4999999999999999,0.3333333333333333,1,0.0851063829787234,-0.0636892359721419,-0.0928364666640704,0.1627906976744186,0.1620553359683794,0.5416666666666666,0.0833333333333333,0.7850384669808192,0.8037540825597389,0.0,0.0,1.0,0.37132903933525085,0.28108641505241394
0.4028639396300891,0.2421985235485197,0.1061104727645804,1.0,0.217391304347826,0.1304347826086956,0.2608695652173913,0.990532544378698,0.0,0.0,0.0,0.4999999999999999,0.3333333333333333,1,0.0851063829787234,0.5381457196538111,0.1613195087282378,0.1627906976744186,0.1620553359683794,0.6875,0.4583333333333333,0.839302893834841,0.7643894075321567,0.4162896638657991,0.2559580248098154,1.0,0.37132903933525085,0.28108644485473633
0.2946574680039054,0.176712136804557,0.1622550935715581,1.0,0.217391304347826,0.7391304347826086,0.6521739130434783,0.990532544378698,0.2398124665681314,0.244650542118226,0.8674698795180723,0.4999999999999999,0.3333333333333333,1,0.0851063829787234,-0.2356420804366999,-0.1775551251281732,0.1627906976744186,0.1620553359683794,0.8541666666666666,0.9583333333333331,0.7763380083496403,0.6755292656590439,0.0,0.0,1.0,0.37132903933525085,0.28108641505241394
0.2903365044912297,0.180490139602538,0.1636751869898455,1.0,0.217391304347826,0.5652173913043479,0.782608695652174,0.9920710059171598,0.2398124665681314,0.0,0.8072289156626506,0.3154648767857286,0.0,1,0.1063829787234042,-0.1496656582044209,-0.262273783592276,0.1627906976744186,0.1620553359683794,0.0833333333333333,0.5833333333333333,0.8005336769649813,0.7748406810620019,0.0,0.0,1.0,0.37132903933525085,0.28108644485473633
0.3976121703135622,0.2191467687466677,0.1109462972030086,1.0,0.217391304347826,0.3478260869565217,0.5217391304347826,0.9920710059171598,0.0,0.38776193503849,0.036144578313253,0.3154648767857286,0.3333333333333333,0,0.1063829787234042,0.194240030724695,-0.262273783592276,0.1627906976744186,0.1620553359683794,0.375,0.3958333333333333,0.6441633232963972,0.6158775705814394,0.2626495350371935,0.0,1.0,0.37132903933525085,0.28108644485473633
0.3681108999928622,0.2263085805337292,0.1188869644777832,1.0,0.217391304347826,0.3043478260869565,0.7391304347826086,0.9920710059171598,0.0,0.0,0.5301204819277109,0.4999999999999999,0.5283208335737187,0,0.1063829787234042,0.108263608492416,-0.1775551251281732,0.1627906976744186,0.1620553359683794,0.9791666666666666,0.8541666666666666,0.7615241339259067,0.7816426861144079,0.0,0.2559580248098154,1.0,0.37132903933525085,0.28108641505241394
0.4311614461159946,0.2245239575911122,0.1028560794132888,1.0,0.217391304347826,0.1304347826086956,0.3913043478260869,0.9921893491124264,0.0,0.244650542118226,0.9759036144578314,0.0,0.5283208335737187,-1,0.1063829787234042,0.194240030724695,-0.0928364666640704,0.1627906976744186,0.1620553359683794,0.2708333333333333,0.2916666666666666,0.7985410559317694,0.6528421135598677,0.0,0.0,1.0,0.37132903933525085,0.28108644485473633
0.4969110820914492,0.304482156948169,0.0758933257466855,1.0,0.217391304347826,0.6521739130434783,0.8260869565217391,0.9921893491124264,0.0,0.0,0.5301204819277109,0.4999999999999999,0.0,1,0.1063829787234042,0.022287186260137,-0.4317111005204815,0.1627906976744186,0.1620553359683794,0.4375,0.3333333333333333,0.8529300619325222,0.7420122518192798,0.2626495350371935,0.0,1.0,0.37132903933525085,0.2810864746570587
0.520308058933916,0.3593570835484541,0.0653294032202187,1.0,0.217391304347826,0.0434782608695652,0.2608695652173913,0.9921893491124264,0.0,0.0,0.3012048192771084,0.4999999999999999,0.0,1,0.1063829787234042,0.3661928751892531,0.1613195087282378,0.1627906976744186,0.1620553359683794,0.9375,0.25,0.8052034674955,0.6844315366330018,0.4162896638657991,0.0,1.0,0.37132903933525085,0.28108644485473633
0.1714612451252653,0.1497694438583581,0.2829825963720953,1.0,0.217391304347826,0.6956521739130435,0.0,0.9921893491124264,0.3800937667159342,0.0,0.8433734939759037,0.4999999999999999,0.3333333333333333,1,0.1063829787234042,-0.2356420804366999,0.5849128010487517,0.1627906976744186,0.1620553359683794,0.9583333333333331,0.6875,0.6725878698309968,0.844442584621113,0.0,0.5119160496196309,1.0,0.37132903933525085,0.28108644485473633
0.1132001805166424,0.2082859102730649,0.3719113018650275,1.0,0.217391304347826,0.6086956521739131,0.0869565217391304,0.9921893491124264,0.0,0.244650542118226,0.5301204819277109,0.0,0.5283208335737187,-1,0.1063829787234042,-0.1496656582044209,0.076600850264135,0.1627906976744186,0.1620553359683794,1.0,0.4583333333333333,0.7615241339259067,0.7647446539080154,0.0,0.0,1.0,0.37132903933525085,0.28108641505241394
0.2548908336057636,0.1652730200593355,0.1884654030288818,1.0,0.217391304347826,0.4782608695652174,0.217391304347826,0.9923076923076924,0.0,0.0,0.1325301204819277,0.3154648767857286,0.3333333333333333,0,0.1063829787234042,0.022287186260137,-0.0081178081999676,0.1627906976744186,0.1620553359683794,0.5416666666666666,0.7916666666666666,0.7855308238979088,0.7571003053036012,0.2626495350371935,0.0,1.0,0.37132903933525085,0.28108644485473633
0.1213088991684007,0.1575577115002546,0.3762548966857334,1.0,0.217391304347826,0.5652173913043479,0.4347826086956522,0.9924260355029584,0.3800937667159342,0.0,0.746987951807229,0.0,0.6666666666666667,-1,0.1276595744680851,0.108263608492416,0.1613195087282378,0.1627906976744186,0.1620553359683794,0.1666666666666666,0.4375,0.6984945369482192,0.8577830271525999,0.0,0.4056838710822128,1.0,0.37132903933525085,0.28108641505241394
0.2577341889114768,0.1096835194848968,0.2042314979466188,1.0,0.217391304347826,0.6086956521739131,0.6956521739130435,0.9924260355029584,0.0,0.0,0.5903614457831325,0.4999999999999999,0.0,1,0.1276595744680851,-0.2356420804366999,-0.0928364666640704,0.1627906976744186,0.1620553359683794,0.3958333333333333,0.0833333333333333,0.6156310704549648,0.8044213926710688,0.0,0.2559580248098154,1.0,0.37132903933525085,0.28108641505241394
0.3772663863779761,0.21554237277169,0.1173105301661802,1.0,0.217391304347826,0.4782608695652174,0.6521739130434783,0.9925443786982248,0.0,0.244650542118226,0.5783132530120483,0.3154648767857286,0.0,1,0.1276595744680851,0.108263608492416,-0.3469924420563787,0.1627906976744186,0.1620553359683794,0.2916666666666666,1.0,0.6479651591027291,0.7628773276037466,0.2626495350371935,0.0,1.0,0.3713289797306061,0.2810863256454468
0.3415807221533218,0.1614244001319842,0.1418645197115972,1.0,0.217391304347826,0.782608695652174,0.8260869565217391,0.9925443786982248,0.2398124665681314,0.0,0.4698795180722891,0.6309297535714573,0.6666666666666667,0,0.1276595744680851,-0.579547769365816,-0.1775551251281732,0.1627906976744186,0.1620553359683794,0.3333333333333333,0.9583333333333331,0.7375830835572825,0.6762527013860058,0.0,0.2559580248098154,1.0,0.37132903933525085,0.28108641505241394
0.3702427679182498,0.1842508911861042,0.1266835100238632,1.0,0.217391304347826,0.1739130434782608,0.2608695652173913,0.9925443786982248,0.0,0.0,0.5301204819277109,0.6309297535714573,0.5283208335737187,1,0.1276595744680851,0.280216452956974,0.076600850264135,0.1627906976744186,0.1620553359683794,0.4583333333333333,0.0416666666666666,0.7604658365224195,0.7353263342642589,0.2626495350371935,0.0,1.0,0.37132903933525085,0.28108641505241394
0.3338809180870214,0.2263085805337292,0.1297629344495855,1.0,0.217391304347826,0.7391304347826086,0.1304347826086956,0.9925443786982248,0.2398124665681314,0.0,0.2409638554216867,0.0,0.3333333333333333,-1,0.1276595744680851,-0.3216185026689789,0.1613195087282378,0.1627906976744186,0.1620553359683794,0.5833333333333333,0.375,0.7717267583766738,0.6481563351069128,0.0,0.0,1.0,0.37132903933525085,0.28108638525009155
0.408046262025698,0.2508955754913384,0.1028560794132888,1.0,0.217391304347826,0.0,0.3913043478260869,0.9925443786982248,0.2398124665681314,0.0,0.0,0.3154648767857286,0.0,1,0.1276595744680851,0.5381457196538111,0.076600850264135,0.1627906976744186,0.1620553359683794,0.6875,0.9791666666666666,0.8395782375540135,0.7628773276037466,0.0,0.0,1.0,0.3713289797306061,0.2810862958431244
0.2472061281629526,0.1239365875804408,0.2080842400750066,1.0,0.217391304347826,0.217391304347826,0.0434782608695652,0.9925443786982248,0.0,0.0,0.710843373493976,0.3154648767857286,0.5283208335737187,-1,0.1276595744680851,0.022287186260137,0.5001941425846489,0.1627906976744186,0.1620553359683794,0.7916666666666666,0.9375,0.7531589413186561,0.8100422221384058,0.0,0.5119160496196309,1.0,0.37132903933525085,0.28108644485473633
0.2353889287516345,0.1117348360266863,0.22315869441857,1.0,0.217391304347826,0.5217391304347826,0.0869565217391304,0.9925443786982248,0.0,0.244650542118226,0.8674698795180723,0.3154648767857286,0.3333333333333333,0,0.1276595744680851,-0.1496656582044209,-0.0081178081999676,0.1627906976744186,0.1620553359683794,0.8541666666666666,0.2708333333333333,0.7765128081377994,0.8026177718876808,0.0,0.0,1.0,0.37132903933525085,0.28108641505241394
0.1667251461514276,0.176712136804557,0.2732066983659234,1.0,0.217391304347826,0.3478260869565217,0.3043478260869565,0.9926627218934908,0.2398124665681314,0.0,0.0240963855421686,0.3154648767857286,0.3333333333333333,0,0.1276595744680851,0.022287186260137,-0.0081178081999676,0.1627906976744186,0.1620553359683794,0.25,0.5416666666666666,0.6794769009229358,0.7900245477154961,0.0,0.0,1.0,0.37132903933525085,0.28108641505241394
0.2850876659371844,0.1478108147170451,0.1748700320482838,1.0,0.217391304347826,0.3043478260869565,0.8260869565217391,0.9928994082840236,0.2398124665681314,0.0,0.0963855421686747,0.4999999999999999,0.3333333333333333,1,0.1489361702127659,0.022287186260137,-0.6011484174486871,0.1627906976744186,0.1620553359683794,0.0416666666666666,0.3333333333333333,0.7318643184318174,0.7421842243749135,0.0,0.0,1.0,0.37132903933525085,0.28108641505241394
0.2624277470526482,0.1096835194848968,0.2016436716397868,1.0,0.217391304347826,0.5217391304347826,0.0,0.9928994082840236,0.2398124665681314,0.0,0.8072289156626506,0.3154648767857286,0.0,1,0.1489361702127659,-0.2356420804366999,0.5849128010487517,0.1627906976744186,0.1620553359683794,0.0833333333333333,0.9375,0.8006489200545095,0.8100950697389588,0.0,0.5943161289177871,1.0,0.37132903933525085,0.28108641505241394
0.4106119498834909,0.2386938239375837,0.10448635790819,1.0,0.217391304347826,0.1304347826086956,0.1739130434782608,0.9928994082840236,0.0,0.244650542118226,0.036144578313253,0.4999999999999999,0.0,1,0.1489361702127659,0.280216452956974,-0.0928364666640704,0.1627906976744186,0.1620553359683794,0.375,0.7916666666666666,0.6442984126480227,0.7573705632843251,0.2626495350371935,0.0,1.0,0.37132903933525085,0.28108644485473633
0.4758357131424358,0.301233225059438,0.0793576821662661,1.0,0.217391304347826,0.0434782608695652,0.6956521739130435,0.9928994082840236,0.0,0.489301084236452,0.0,0.4999999999999999,0.3333333333333333,1,0.1489361702127659,0.62412214188609,-0.1775551251281732,0.1627906976744186,0.1620553359683794,0.6875,0.1666666666666666,0.8396092540074409,0.7026755265876268,0.2626495350371935,0.0,1.0,0.37132903933525085,0.28108644485473633
0.4293372034712764,0.2227354592427541,0.1028560794132888,1.0,0.217391304347826,0.4347826086956522,0.2608695652173913,0.9928994082840236,0.2398124665681314,0.0,0.5301204819277109,0.0,0.3333333333333333,-1,0.1489361702127659,0.022287186260137,0.1613195087282378,0.1627906976744186,0.1620553359683794,0.9791666666666666,0.2916666666666666,0.7615241339259067,0.6525137069027556,0.0,0.4056838710822128,1.0,0.37132903933525085,0.28108644485473633
0.8112858579578605,0.7206476561101454,0.0142865664118123,1.0,0.217391304347826,0.217391304347826,0.7391304347826086,0.99301775147929,0.0,0.38776193503849,0.5301204819277109,0.6309297535714573,0.0,1,0.1489361702127659,0.452169297421532,-0.4317111005204815,0.1627906976744186,0.1620553359683794,0.4375,1.0,0.8530336859591967,0.7628773276037466,0.525299070074387,0.0,1.0,0.3713289797306061,0.28108638525009155
0.3716575976879044,0.1842508911861042,0.1266835100238632,1.0,0.217391304347826,0.3478260869565217,0.6521739130434783,0.99301775147929,0.0,0.0,0.1325301204819277,0.4999999999999999,0.0,1,0.1489361702127659,0.022287186260137,-0.0928364666640704,0.1627906976744186,0.1620553359683794,0.5416666666666666,0.3958333333333333,0.7856911639833573,0.6169705872110274,0.0,0.2559580248098154,1.0,0.37132903933525085,0.28108641505241394
0.2868451012613717,0.1497694438583581,0.1720985523201007,1.0,0.217391304347826,0.5652173913043479,0.782608695652174,0.99301775147929,0.0,0.38776193503849,0.8674698795180723,0.3154648767857286,0.5283208335737187,-1,0.1489361702127659,-0.1496656582044209,-0.4317111005204815,0.1627906976744186,0.1620553359683794,0.8541666666666666,0.5833333333333333,0.7765383337964364,0.7753484841575011,0.0,0.0,1.0,0.37132903933525085,0.28108641505241394
0.1446745383932888,0.1299703373928096,0.3354845864479545,1.0,0.217391304347826,0.6086956521739131,0.0869565217391304,0.99301775147929,0.0,0.0,0.8433734939759037,0.6309297535714573,0.5283208335737187,1,0.1489361702127659,-0.1496656582044209,0.3307568256564434,0.1627906976744186,0.1620553359683794,0.9583333333333331,0.4583333333333333,0.6727776126684477,0.7649443174831909,0.0,0.4056838710822128,1.0,0.37132900953292847,0.28108638525009155
0.1619311118090769,0.1279639949492921,0.3080136296842726,1.0,0.217391304347826,0.4782608695652174,0.3913043478260869,0.9931360946745564,0.0,0.0,0.0240963855421686,0.0,0.0,0,0.1489361702127659,0.022287186260137,-0.0081178081999676,0.1627906976744186,0.1620553359683794,0.25,0.2708333333333333,0.679482081414301,0.8025465584609106,0.0,0.0,1.0,0.3713289797306061,0.2810862958431244
0.4407498735069496,0.2046335620890687,0.1028560794132888,1.0,0.217391304347826,0.0869565217391304,0.6521739130434783,0.9932544378698224,0.2398124665681314,0.0,0.5301204819277109,0.3154648767857286,0.0,1,0.1702127659574468,0.280216452956974,-0.1775551251281732,0.1627906976744186,0.1620553359683794,0.4583333333333333,0.0833333333333333,0.7605953735154201,0.8046081034405514,0.0,0.2559580248098154,1.0,0.37132903933525085,0.28108644485473633
0.3291873599458501,0.180490139602538,0.1433535259435616,1.0,0.217391304347826,0.3478260869565217,0.6956521739130435,0.9932544378698224,0.3800937667159342,0.5680609671737329,0.710843373493976,0.3154648767857286,0.5283208335737187,-1,0.1702127659574468,-0.2356420804366999,-0.262273783592276,0.1627906976744186,0.1620553359683794,0.7916666666666666,0.1666666666666666,0.7533033128517459,0.7027058770261869,0.0,0.0,1.0,0.37132906913757324,0.28108644485473633
0.3431026946313859,0.1359602050001027,0.1492584693370161,1.0,0.217391304347826,0.3913043478260869,0.217391304347826,0.993372781065089,0.0,0.0,0.0963855421686747,0.4999999999999999,0.0,1,0.1702127659574468,0.108263608492416,0.2460381671923406,0.1627906976744186,0.1620553359683794,0.0416666666666666,0.2916666666666666,0.7319361823082862,0.6526579696477384,0.2626495350371935,0.5119160496196309,1.0,0.37132903933525085,0.28108641505241394
0.163135129409082,0.1137810561246126,0.3120472543231528,1.0,0.217391304347826,0.3043478260869565,0.1739130434782608,0.993372781065089,0.0,0.0,0.9759036144578314,0.3154648767857286,0.3333333333333333,0,0.1702127659574468,0.022287186260137,0.6696314595128544,0.1627906976744186,0.1620553359683794,0.2708333333333333,0.4375,0.7987688870836613,0.8578768381721071,0.0,0.5943161289177871,1.0,0.37132903933525085,0.28108641505241394
0.4048153499052845,0.2173465425309795,0.1093403967615045,1.0,0.217391304347826,0.782608695652174,0.5652173913043479,0.993372781065089,0.2398124665681314,0.244650542118226,0.4698795180722891,0.0,0.0,0,0.1702127659574468,-0.665524191598095,-0.262273783592276,0.1627906976744186,0.1620553359683794,0.3333333333333333,0.8541666666666666,0.7378394100152768,0.781521072699136,0.0,0.0,1.0,0.37132903933525085,0.28108641505241394
0.2252615584944367,0.1219154745029367,0.2268460807314433,1.0,0.217391304347826,0.4347826086956522,0.5217391304347826,0.993372781065089,0.2398124665681314,0.38776193503849,0.5903614457831325,0.3154648767857286,0.0,1,0.1702127659574468,-0.2356420804366999,-0.0928364666640704,0.1627906976744186,0.1620553359683794,0.3958333333333333,0.9791666666666666,0.6159283134706037,0.7628773276037466,0.0,0.0,1.0,0.37132903933525085,0.28108644485473633
0.5377920607429708,0.4022088856650943,0.0581396476459637,1.0,0.217391304347826,0.8260869565217391,0.4782608695652174,0.993372781065089,0.0,0.0,0.2409638554216867,0.4999999999999999,0.0,1,0.1702127659574468,-0.3216185026689789,-0.0081178081999676,0.1627906976744186,0.1620553359683794,0.5833333333333333,0.25,0.7718879078186698,0.683870581785538,0.2626495350371935,0.0,1.0,0.37132903933525085,0.28108641505241394
0.221136179133028,0.1014267769918961,0.2401019895763482,1.0,0.217391304347826,0.0,0.0434782608695652,0.993372781065089,0.2398124665681314,0.0,0.3012048192771084,0.0,0.3333333333333333,-1,0.1702127659574468,0.5381457196538111,0.6696314595128544,0.1627906976744186,0.1620553359683794,0.9375,0.6875,0.8054903627463823,0.8446181169092506,0.0,0.4056838710822128,1.0,0.37132903933525085,0.28108641505241394
0.3331025515539941,0.195431196344384,0.1373662810412862,1.0,0.217391304347826,0.6086956521739131,0.2608695652173913,0.993372781065089,0.0,0.0,0.8433734939759037,0.4999999999999999,0.3333333333333333,1,0.1702127659574468,-0.0636892359721419,0.1613195087282378,0.1627906976744186,0.1620553359683794,0.9583333333333331,0.5416666666666666,0.6728384919212844,0.7901973344338746,0.2626495350371935,0.2559580248098154,1.0,0.37132903933525085,0.28108644485473633
0.1807651223131798,0.1319718041512219,0.274303960438416,1.0,0.217391304347826,0.7391304347826086,0.1304347826086956,0.993372781065089,0.4796249331362629,0.0,0.5301204819277109,0.7324867603589634,0.3333333333333333,1,0.1702127659574468,-0.665524191598095,0.4154754841205461,0.1627906976744186,0.1620553359683794,1.0,0.375,0.7615241339259067,0.6482762032067357,0.0,0.4056838710822128,1.0,0.37132903933525085,0.28108641505241394
0.3228405423602803,0.1497694438583581,0.1521807790272517,1.0,0.217391304347826,0.3043478260869565,0.7391304347826086,0.9942011834319526,0.0,0.0,0.0963855421686747,0.7324867603589634,0.3333333333333333,1,0.1914893617021276,0.280216452956974,-0.1775551251281732,0.1627906976744186,0.1620553359683794,0.0416666666666666,0.1666666666666666,0.7320847008523168,0.7028257426252134,0.4162896638657991,0.2559580248098154,1.0,0.37132903933525085,0.28108644485473633
0.2472061281629526,0.155617538245504,0.1951050694866963,1.0,0.217391304347826,0.6086956521739131,0.6521739130434783,0.9945562130177515,0.2398124665681314,0.489301084236452,0.746987951807229,0.6309297535714573,0.5283208335737187,1,0.2127659574468085,-0.4075949249012579,-0.1775551251281732,0.1627906976744186,0.1620553359683794,0.1666666666666666,0.9791666666666666,0.6988451028233367,0.7628773276037466,0.0,0.0,1.0,0.37132903933525085,0.28108641505241394
0.2806592863842163,0.1239365875804408,0.1844317783900017,1.0,0.217391304347826,0.7391304347826086,0.0434782608695652,0.9945562130177515,0.0,0.38776193503849,0.2409638554216867,0.3154648767857286,0.3333333333333333,0,0.2127659574468085,-0.1496656582044209,0.4154754841205461,0.1627906976744186,0.1620553359683794,0.5833333333333333,0.9375,0.7721274064727843,0.8104650921076202,0.4162896638657991,0.0,1.0,0.37132903933525085,0.28108641505241394
0.1546282777602536,0.145847516610311,0.310035176322324,1.0,0.217391304347826,0.5652173913043479,0.4347826086956522,0.9946745562130176,0.2398124665681314,0.244650542118226,0.0240963855421686,0.0,0.7739760316291208,-1,0.2127659574468085,-0.1496656582044209,-0.262273783592276,0.1627906976744186,0.1620553359683794,0.25,0.0833333333333333,0.6795080454426212,0.8044752416374601,0.0,0.0,1.0,0.37132903933525085,0.28108641505241394
0.2180133943192885,0.0972671562017328,0.2448226729920223,1.0,0.217391304347826,0.2608695652173913,0.3913043478260869,0.9946745562130176,0.2398124665681314,0.0,0.5783132530120483,0.3154648767857286,0.3333333333333333,0,0.2127659574468085,0.108263608492416,-0.0081178081999676,0.1627906976744186,0.1620553359683794,0.2916666666666666,0.9583333333333331,0.6481729594920698,0.6766552956303336,0.0,0.4056838710822128,1.0,0.37132903933525085,0.28108644485473633
0.4742084135564149,0.27979689757885,0.0810794394524032,1.0,0.217391304347826,0.782608695652174,0.5217391304347826,0.9946745562130176,0.0,0.0,0.4698795180722891,0.6309297535714573,0.0,1,0.2127659574468085,-0.665524191598095,-0.1775551251281732,0.1627906976744186,0.1620553359683794,0.3333333333333333,0.3958333333333333,0.7382679401328758,0.6173119524683546,0.0,0.2559580248098154,1.0,0.37132903933525085,0.28108644485473633
0.3638120552024527,0.2009649450398827,0.125135479996131,1.0,0.217391304347826,0.0869565217391304,0.217391304347826,0.9946745562130176,0.2398124665681314,0.0,0.036144578313253,0.6309297535714573,0.0,1,0.2127659574468085,0.194240030724695,0.5001941425846489,0.1627906976744186,0.1620553359683794,0.375,0.0416666666666666,0.6446241531046006,0.7361258859135444,0.0,0.5119160496196309,1.0,0.37132903933525085,0.28108641505241394
0.377961874440808,0.1671906068761581,0.1282259815835157,1.0,0.217391304347826,0.1739130434782608,0.3478260869565217,0.9946745562130176,0.0,0.0,0.5301204819277109,0.6309297535714573,0.3333333333333333,1,0.2127659574468085,0.3661928751892531,-0.0081178081999676,0.1627906976744186,0.1620553359683794,0.4583333333333333,0.2708333333333333,0.7608816810871237,0.8027958614017832,0.2626495350371935,0.0,1.0,0.37132903933525085,0.28108644485473633
0.4268915954068545,0.2298662671273945,0.1012195903186518,1.0,0.217391304347826,0.6956521739130435,0.8260869565217391,0.9946745562130176,0.0,0.0,0.8674698795180723,0.4999999999999999,0.0,1,0.2127659574468085,-0.2356420804366999,-0.4317111005204815,0.1627906976744186,0.1620553359683794,0.8541666666666666,1.0,0.7766624593638982,0.7628773276037466,0.0,0.2559580248098154,1.0,0.37132900953292847,0.2810863256454468
0.4466256570410148,0.3157535394341431,0.0810794394524032,1.0,0.217391304347826,0.0,0.3043478260869565,0.9947928994082836,0.0,0.244650542118226,0.0,0.4999999999999999,0.3333333333333333,1,0.2127659574468085,0.7960749863506482,0.076600850264135,0.1627906976744186,0.1620553359683794,0.6875,0.5416666666666666,0.839840643886294,0.7904215942292943,0.525299070074387,0.0,1.0,0.37132900953292847,0.28108644485473633
0.1370397368018874,0.1359602050001027,0.3504279320257142,1.0,0.217391304347826,0.4782608695652174,0.1304347826086956,0.9947928994082836,0.4796249331362629,0.0,0.710843373493976,0.6309297535714573,0.0,1,0.2127659574468085,-0.3216185026689789,0.6696314595128544,0.1627906976744186,0.1620553359683794,0.7916666666666666,0.4375,0.7536611644949887,0.8579242378663821,0.0,0.0,1.0,0.37132900953292847,0.28108638525009155
0.2761802956836926,0.1239365875804408,0.1884654030288818,1.0,0.217391304347826,0.0869565217391304,0.8260869565217391,0.9949112426035502,0.0,0.0,0.3012048192771084,0.7324867603589634,0.3333333333333333,1,0.2340425531914893,0.452169297421532,-0.4317111005204815,0.1627906976744186,0.1620553359683794,0.9375,0.3333333333333333,0.8058657463998824,0.7427979557392483,0.0,0.2559580248098154,1.0,0.37132900953292847,0.28108641505241394
0.275278321935605,0.1419068240886909,0.1817214989402346,1.0,0.217391304347826,0.5217391304347826,0.0434782608695652,0.9950295857988164,0.0,0.244650542118226,0.8072289156626506,0.4999999999999999,0.3333333333333333,1,0.2340425531914893,0.108263608492416,0.2460381671923406,0.1627906976744186,0.1620553359683794,0.0833333333333333,0.0416666666666666,0.8009758122186879,0.7361130993168745,0.2626495350371935,0.0,1.0,0.3713289797306061,0.2810862958431244
0.2148655266279727,0.1399293845654892,0.2292868706376983,1.0,0.217391304347826,0.6086956521739131,0.3913043478260869,0.9950295857988164,0.3800937667159342,0.244650542118226,0.0240963855421686,0.3154648767857286,0.3333333333333333,0,0.2340425531914893,-0.4935713471335369,-0.4317111005204815,0.1627906976744186,0.1620553359683794,0.25,0.3958333333333333,0.6795115388727309,0.6173144594519193,0.0,0.0,1.0,0.37132903933525085,0.28108641505241394
0.2929347952497527,0.1137810561246126,0.1789940112517239,1.0,0.217391304347826,0.4347826086956522,0.4782608695652174,0.9950295857988164,0.2398124665681314,0.0,0.9759036144578314,0.0,0.3333333333333333,-1,0.2340425531914893,-0.1496656582044209,-0.1775551251281732,0.1627906976744186,0.1620553359683794,0.2708333333333333,0.5833333333333333,0.799091740520806,0.7758809068941905,0.0,0.0,1.0,0.37132903933525085,0.28108641505241394
0.1841979099883667,0.0972671562017328,0.2872570382841165,1.0,0.217391304347826,0.2608695652173913,0.1304347826086956,0.9950295857988164,0.0,0.0,0.5783132530120483,0.3154648767857286,0.3333333333333333,0,0.2340425531914893,0.108263608492416,0.5001941425846489,0.1627906976744186,0.1620553359683794,0.2916666666666666,0.4583333333333333,0.6481911326136565,0.7653572363619661,0.0,0.4056838710822128,1.0,0.37132903933525085,0.28108641505241394
0.221136179133028,0.1239365875804408,0.2292868706376983,1.0,0.217391304347826,0.217391304347826,0.0,0.9950295857988164,0.0,0.0,0.036144578313253,0.3154648767857286,0.5283208335737187,-1,0.2340425531914893,0.452169297421532,0.83906877644106,0.1627906976744186,0.1620553359683794,0.375,0.6875,0.6446659666932908,0.8448328806986043,0.2626495350371935,0.5943161289177871,1.0,0.37132903933525085,0.28108641505241394
0.6008368835428626,0.3906086493094862,0.050827507393166,1.0,0.217391304347826,0.1739130434782608,0.6521739130434783,0.9950295857988164,0.2398124665681314,0.0,0.5301204819277109,0.6309297535714573,0.3333333333333333,1,0.2340425531914893,0.452169297421532,-0.0928364666640704,0.1627906976744186,0.1620553359683794,0.4375,0.8541666666666666,0.8533126813650969,0.7816372264937594,0.0,0.2559580248098154,1.0,0.37132903933525085,0.28108644485473633
0.3163892457310063,0.1748166165990063,0.1492584693370161,1.0,0.217391304347826,0.3478260869565217,0.6956521739130435,0.9950295857988164,0.0,0.0,0.8433734939759037,0.3154648767857286,0.5283208335737187,-1,0.2340425531914893,0.022287186260137,-0.3469924420563787,0.1627906976744186,0.1620553359683794,0.9583333333333331,0.1666666666666666,0.6732371303131985,0.7029682367404606,0.0,0.2559580248098154,1.0,0.37132903933525085,0.28108644485473633
0.3889250346376859,0.2474277675648399,0.1093403967615045,1.0,0.217391304347826,0.3043478260869565,0.782608695652174,0.9951479289940828,0.3800937667159342,0.244650542118226,0.1325301204819277,0.0,0.0,0,0.2340425531914893,0.022287186260137,-0.6011484174486871,0.1627906976744186,0.1620553359683794,0.5416666666666666,1.0,0.7862474078478872,0.7628773276037466,0.0,0.0,1.0,0.3713289797306061,0.2810863256454468
0.2806592863842163,0.1594933250016728,0.1734865272523655,1.0,0.217391304347826,0.7391304347826086,0.5652173913043479,0.9951479289940828,0.5568273036287807,0.0,0.5301204819277109,0.0,0.3333333333333333,-1,0.2340425531914893,-0.2356420804366999,-0.0928364666640704,0.1627906976744186,0.1620553359683794,0.9791666666666666,0.7916666666666666,0.7615241339259067,0.7579149514711625,0.0,0.2559580248098154,1.0,0.37132900953292847,0.28108638525009155
0.1876008901584795,0.1076270810487989,0.277579029931883,1.0,0.217391304347826,0.4782608695652174,0.1304347826086956,0.9957396449704145,0.0,0.0,0.5903614457831325,0.4999999999999999,0.0,1,0.2553191489361702,-0.4075949249012579,0.6696314595128544,0.1627906976744186,0.1620553359683794,0.3958333333333333,0.9375,0.6167847145331866,0.8107293234391506,0.0,0.2559580248098154,1.0,0.37132900953292847,0.28108638525009155
0.2605570636891124,0.1671906068761581,0.1830787761130242,1.0,0.217391304347826,0.782608695652174,0.0869565217391304,0.9957396449704145,0.6199062332840658,0.244650542118226,0.5301204819277109,0.3154648767857286,0.5283208335737187,-1,0.2553191489361702,-0.3216185026689789,0.3307568256564434,0.1627906976744186,0.1620553359683794,0.9791666666666666,0.375,0.7615241339259067,0.6486660382477181,0.0,0.0,1.0,0.37132903933525085,0.28108638525009155
0.1807651223131798,0.1478108147170451,0.2676779493636571,1.0,0.217391304347826,0.8260869565217391,0.3043478260869565,0.9957396449704145,0.0,0.244650542118226,0.5301204819277109,0.3154648767857286,0.3333333333333333,0,0.2553191489361702,-0.579547769365816,-0.0928364666640704,0.1627906976744186,0.1620553359683794,1.0,0.9583333333333331,0.7615241339259067,0.6769229574816296,0.0,0.0,1.0,0.3713289797306061,0.2810862958431244
0.4812117565729523,0.3141527553232672,0.0741506139536872,1.0,0.217391304347826,0.1739130434782608,0.7391304347826086,0.9958579881656804,0.3800937667159342,0.0,0.0963855421686747,0.4999999999999999,0.0,1,0.2553191489361702,0.194240030724695,-0.5164297589845843,0.1627906976744186,0.1620553359683794,0.0416666666666666,0.25,0.7324299433829535,0.6839985191761617,0.0,0.0,1.0,0.37132903933525085,0.28108644485473633
0.353594150754604,0.176712136804557,0.1343410722864658,1.0,0.217391304347826,0.6086956521739131,0.2608695652173913,0.9958579881656804,0.0,0.0,0.746987951807229,0.4999999999999999,0.5283208335737187,0,0.2553191489361702,-0.2356420804366999,0.076600850264135,0.1627906976744186,0.1620553359683794,0.1666666666666666,0.2916666666666666,0.6990366292406096,0.6527321474468175,0.4162896638657991,0.0,1.0,0.37132903933525085,0.28108641505241394
0.221136179133028,0.0888843544112887,0.2483294505707566,1.0,0.217391304347826,0.5652173913043479,0.0,0.9958579881656804,0.3800937667159342,0.0,0.9759036144578314,0.0,0.0,0,0.2553191489361702,-0.2356420804366999,0.9237874349051628,0.1627906976744186,0.1620553359683794,0.2708333333333333,0.6875,0.799231255372894,0.844872942324497,0.0,0.6616418958920284,1.0,0.37132903933525085,0.28108638525009155
0.3220399140521013,0.1710124381692548,0.1492584693370161,1.0,0.217391304347826,0.6956521739130435,0.4347826086956522,0.9958579881656804,0.2398124665681314,0.0,0.4698795180722891,0.4999999999999999,0.3333333333333333,1,0.2553191489361702,-0.665524191598095,-0.0081178081999676,0.1627906976744186,0.1620553359683794,0.3333333333333333,0.7916666666666666,0.7386427100748734,0.7579518072519169,0.0,0.4056838710822128,1.0,0.37132903933525085,0.28108641505241394
0.1773020003332386,0.1096835194848968,0.2904351874374826,1.0,0.217391304347826,0.0434782608695652,0.217391304347826,0.9958579881656804,0.0,0.0,0.5301204819277109,0.3154648767857286,0.5283208335737187,-1,0.2553191489361702,0.5381457196538111,0.5849128010487517,0.1627906976744186,0.1620553359683794,0.4583333333333333,0.4375,0.7611086741616238,0.8580929788068035,0.0,0.2559580248098154,1.0,0.37132900953292847,0.28108644485473633
0.3688228119425819,0.2028012962259913,0.1235818512942709,1.0,0.217391304347826,0.6521739130434783,0.3913043478260869,0.9958579881656804,0.0,0.0,0.2409638554216867,0.0,0.0,0,0.2553191489361702,-0.0636892359721419,-0.0081178081999676,0.1627906976744186,0.1620553359683794,0.5833333333333333,0.5416666666666666,0.7723876026968266,0.7907058333775281,0.2626495350371935,0.0,1.0,0.37132903933525085,0.28108641505241394
0.2725598780610629,0.1379471858571372,0.1844317783900017,1.0,0.217391304347826,0.5217391304347826,0.3478260869565217,0.9958579881656804,0.2398124665681314,0.0,0.8674698795180723,0.3154648767857286,0.0,1,0.2553191489361702,-0.2356420804366999,0.1613195087282378,0.1627906976744186,0.1620553359683794,0.8541666666666666,0.0833333333333333,0.7767452493430154,0.8047366328683874,0.0,0.4056838710822128,1.0,0.37132903933525085,0.28108641505241394
0.133165826308272,0.1879945483852914,0.3326239019507424,1.0,0.217391304347826,0.6956521739130435,0.3913043478260869,0.996568047337278,0.2398124665681314,0.0,0.0240963855421686,0.3154648767857286,0.7739760316291208,-1,0.2765957446808511,-0.665524191598095,-0.262273783592276,0.1627906976744186,0.1620553359683794,0.25,0.1666666666666666,0.6795357837839677,0.7031743575182816,0.0,0.0,1.0,0.37132903933525085,0.28108641505241394
0.2842059840792585,0.145847516610311,0.1762490954086448,1.0,0.217391304347826,0.4782608695652174,0.0434782608695652,0.996568047337278,0.0,0.244650542118226,0.8433734939759037,0.4999999999999999,0.3333333333333333,1,0.2765957446808511,-0.0636892359721419,0.5001941425846489,0.1627906976744186,0.1620553359683794,0.9583333333333331,0.9375,0.6736045374621284,0.8108905419319241,0.0,0.0,1.0,0.37132903933525085,0.28108641505241394
0.2707370495630306,0.1279639949492921,0.1911335971212903,1.0,0.217391304347826,0.2608695652173913,0.3043478260869565,0.9966863905325444,0.0,0.244650542118226,0.5783132530120483,0.4999999999999999,0.0,1,0.2765957446808511,0.108263608492416,0.076600850264135,0.1627906976744186,0.1620553359683794,0.2916666666666666,0.0833333333333333,0.6483273813646215,0.8047354946527199,0.0,0.0,1.0,0.37132903933525085,0.28108644485473633
0.4041659588361488,0.2316393639710299,0.1077284704130473,1.0,0.217391304347826,0.782608695652174,0.4347826086956522,0.9966863905325444,0.0,0.0,0.4698795180722891,0.4999999999999999,0.0,1,0.2765957446808511,-0.579547769365816,-0.0081178081999676,0.1627906976744186,0.1620553359683794,0.3333333333333333,0.5416666666666666,0.7388814095745555,0.7908411675470559,0.2626495350371935,0.0,1.0,0.37132903933525085,0.28108641505241394
0.2273080770903636,0.0993495926228316,0.2377220507032456,1.0,0.217391304347826,0.5652173913043479,0.6521739130434783,0.9966863905325444,0.0,0.0,0.5903614457831325,0.0,0.0,0,0.2765957446808511,-0.2356420804366999,-0.262273783592276,0.1627906976744186,0.1620553359683794,0.3958333333333333,0.2708333333333333,0.6170614772634824,0.8032709548064638,0.2626495350371935,0.0,1.0,0.37132903933525085,0.28108644485473633
0.4984469720541563,0.3638948535166566,0.0688796537401247,1.0,0.217391304347826,0.1304347826086956,0.1739130434782608,0.9966863905325444,0.0,0.0,0.5301204819277109,0.4999999999999999,0.0,1,0.2765957446808511,0.7100985641183691,0.4154754841205461,0.1627906976744186,0.1620553359683794,0.4375,0.375,0.8535270541212874,0.6488137853648357,0.4162896638657991,0.2559580248098154,1.0,0.37132903933525085,0.28108641505241394
0.3338809180870214,0.186124846865483,0.1418645197115972,1.0,0.217391304347826,0.5217391304347826,0.8260869565217391,0.9966863905325444,0.0,0.686820903599663,0.2409638554216867,0.3154648767857286,0.5283208335737187,-1,0.2765957446808511,-0.0636892359721419,-0.4317111005204815,0.1627906976744186,0.1620553359683794,0.5833333333333333,0.9791666666666666,0.7725367295172665,0.7628773276037466,0.0,0.0,1.0,0.37132903933525085,0.28108644485473633
0.4586852984152476,0.2543488432999805,0.0912675343887988,1.0,0.217391304347826,0.0,0.217391304347826,0.9966863905325444,0.0,0.0,0.0,0.3154648767857286,0.0,1,0.2765957446808511,0.9680278308152062,0.3307568256564434,0.1627906976744186,0.1620553359683794,0.6875,0.0416666666666666,0.840065295634336,0.7363909075899471,0.0,0.2559580248098154,1.0,0.37132903933525085,0.28108644485473633
0.4812117565729523,0.2996039403228205,0.0793576821662661,1.0,0.217391304347826,0.3478260869565217,0.7391304347826086,0.9966863905325444,0.2398124665681314,0.0,0.710843373493976,0.7324867603589634,0.5283208335737187,1,0.2765957446808511,-0.0636892359721419,-0.6011484174486871,0.1627906976744186,0.1620553359683794,0.7916666666666666,1.0,0.7541032332217938,0.7628773276037466,0.0,0.0,1.0,0.3713289797306061,0.28108638525009155
0.2642895435258434,0.1438795272252668,0.1898015716576803,1.0,0.217391304347826,0.6086956521739131,0.0869565217391304,0.9966863905325444,0.0,0.244650542118226,0.8674698795180723,0.4999999999999999,0.6666666666666667,-1,0.2765957446808511,-0.1496656582044209,0.4154754841205461,0.1627906976744186,0.1620553359683794,0.8541666666666666,0.4583333333333333,0.7767967904708495,0.7656242466818501,0.2626495350371935,0.0,1.0,0.37132900953292847,0.28108638525009155
0.2180133943192885,0.1438795272252668,0.22315869441857,1.0,0.217391304347826,0.4347826086956522,0.5652173913043479,0.997396449704142,0.0,0.244650542118226,0.746987951807229,0.4999999999999999,0.5283208335737187,0,0.2978723404255319,0.022287186260137,-0.1775551251281732,0.1627906976744186,0.1620553359683794,0.1666666666666666,0.5833333333333333,0.6992611206314778,0.776307811170559,0.2626495350371935,0.0,1.0,0.37132903933525085,0.28108641505241394
0.415693478715797,0.2680189192095243,0.0962723816929588,1.0,0.217391304347826,0.1739130434782608,0.6086956521739131,0.997396449704142,0.2398124665681314,0.244650542118226,0.036144578313253,0.4999999999999999,0.5283208335737187,0,0.2978723404255319,0.280216452956974,-0.262273783592276,0.1627906976744186,0.1620553359683794,0.375,0.8541666666666666,0.645081651129588,0.7818181282231718,0.0,0.0,1.0,0.3713289797306061,0.2810863256454468
0.1773020003332386,0.1633509581233636,0.2632031394445624,1.0,0.217391304347826,0.7391304347826086,0.6956521739130435,0.997396449704142,0.2398124665681314,0.0,0.5301204819277109,0.0,0.3333333333333333,-1,0.2978723404255319,-0.7515006138303739,-0.4317111005204815,0.1627906976744186,0.1620553359683794,1.0,0.3333333333333333,0.7615241339259067,0.7435380920541237,0.0,0.4056838710822128,1.0,0.3713289797306061,0.2810862958431244
0.4506869101778586,0.2298662671273945,0.0962723816929588,1.0,0.217391304347826,0.217391304347826,0.3913043478260869,0.9975147928994086,0.2398124665681314,0.0,0.0963855421686747,0.6309297535714573,0.3333333333333333,1,0.2978723404255319,0.280216452956974,-0.262273783592276,0.1627906976744186,0.1620553359683794,0.0416666666666666,0.3958333333333333,0.7327721872836526,0.618552694165903,0.0,0.0,1.0,0.37132903933525085,0.28108641505241394
0.275278321935605,0.1497694438583581,0.1789940112517239,1.0,0.217391304347826,0.6521739130434783,0.5217391304347826,0.9975147928994086,0.0,0.0,0.9759036144578314,0.3154648767857286,0.0,1,0.2978723404255319,-0.2356420804366999,-0.0081178081999676,0.1627906976744186,0.1620553359683794,0.2708333333333333,0.9583333333333331,0.7995325050873141,0.6772896025110444,0.0,0.2559580248098154,1.0,0.37132903933525085,0.28108644485473633
0.3431026946313859,0.1614244001319842,0.1403703343170966,1.0,0.217391304347826,0.4782608695652174,0.2608695652173913,0.9975147928994086,0.2398124665681314,0.0,0.1325301204819277,0.3154648767857286,0.0,1,0.2978723404255319,-0.1496656582044209,0.2460381671923406,0.1627906976744186,0.1620553359683794,0.5416666666666666,0.2916666666666666,0.7868489045232823,0.6528617966365846,0.0,0.2559580248098154,1.0,0.37132903933525085,0.28108644485473633
0.1887286820750466,0.1339684188642493,0.2609481323355571,1.0,0.217391304347826,0.3478260869565217,0.0,0.9975147928994086,0.0,0.0,0.710843373493976,0.0,0.3333333333333333,-1,0.2978723404255319,0.108263608492416,1.0085060933692656,0.1627906976744186,0.1620553359683794,0.7916666666666666,0.6875,0.7542630414766414,0.8450524756793827,0.2626495350371935,0.2559580248098154,1.0,0.37132903933525085,0.28108641505241394
0.3172014893804099,0.1652730200593355,0.1521807790272517,1.0,0.217391304347826,0.0869565217391304,0.8260869565217391,0.9975147928994086,0.3800937667159342,0.0,0.3012048192771084,0.3154648767857286,0.0,1,0.2978723404255319,0.452169297421532,-0.3469924420563787,0.1627906976744186,0.1620553359683794,0.9375,0.9791666666666666,0.8065117776601267,0.7628773276037466,0.0,0.2559580248098154,1.0,0.37132903933525085,0.28108644485473633
0.0950336610807943,0.199124490272293,0.4275236223609259,1.0,0.217391304347826,0.3043478260869565,0.0434782608695652,0.9976331360946746,0.3800937667159342,0.0,0.8072289156626506,0.0,0.7739760316291208,-1,0.2978723404255319,-0.0636892359721419,0.83906877644106,0.1627906976744186,0.1620553359683794,0.0833333333333333,0.4375,0.8013605527682495,0.8583054186910657,0.0,0.5119160496196309,1.0,0.37132903933525085,0.28108641505241394
0.6185314897577636,0.4778218738712951,0.041508750049638,1.0,0.217391304347826,0.1304347826086956,0.782608695652174,0.9976331360946746,0.0,0.38776193503849,0.5301204819277109,0.4999999999999999,0.3333333333333333,1,0.2978723404255319,0.5381457196538111,-0.940023051305098,0.1627906976744186,0.1620553359683794,0.4583333333333333,0.25,0.7614564897036236,0.6840705684319828,0.2626495350371935,0.0,1.0,0.37132903933525085,0.28108644485473633
0.4448721533526093,0.2881077972202446,0.0862036894908637,1.0,0.217391304347826,0.3478260869565217,0.782608695652174,0.9982248520710058,0.0,0.38776193503849,0.746987951807229,0.3154648767857286,0.5283208335737187,-1,0.3191489361702128,0.022287186260137,-0.8553043928409952,0.1627906976744186,0.1620553359683794,0.1666666666666666,1.0,0.6993660620349178,0.7628773276037466,0.0,0.0,1.0,0.3713289797306061,0.2810862958431244
0.2912045168517221,0.1096835194848968,0.1817214989402346,1.0,0.217391304347826,0.4347826086956522,0.2608695652173913,0.9982248520710058,0.2398124665681314,0.244650542118226,0.5903614457831325,0.7324867603589634,0.3333333333333333,1,0.3191489361702128,-0.4075949249012579,0.1613195087282378,0.1627906976744186,0.1620553359683794,0.3958333333333333,0.2916666666666666,0.6175426170105205,0.6529764311038961,0.0,0.0,1.0,0.37132903933525085,0.28108641505241394
0.4659689912190767,0.2560700626636729,0.0895862098635575,1.0,0.217391304347826,0.0,0.6086956521739131,0.9982248520710058,0.0,0.0,0.0,0.3154648767857286,0.3333333333333333,0,0.3191489361702128,1.139980675279764,-0.262273783592276,0.1627906976744186,0.1620553359683794,0.6875,0.8541666666666666,0.8402350916460308,0.7819185610340622,0.4162896638657991,0.0,1.0,0.37132900953292847,0.28108638525009155
0.4009027641252054,0.1786033044914547,0.1173105301661802,1.0,0.217391304347826,0.217391304347826,0.5217391304347826,0.9983431952662722,0.0,0.0,0.0963855421686747,0.0,0.0,0,0.3191489361702128,0.452169297421532,-0.0928364666640704,0.1627906976744186,0.1620553359683794,0.0416666666666666,0.5416666666666666,0.7329152879290664,0.7912532572033448,0.2626495350371935,0.2559580248098154,1.0,0.37132900953292847,0.28108641505241394
0.1132001805166424,0.1786033044914547,0.382263076692076,1.0,0.217391304347826,0.8260869565217391,0.3043478260869565,0.9983431952662722,0.4796249331362629,0.244650542118226,0.0240963855421686,0.3154648767857286,0.5283208335737187,-1,0.3191489361702128,-1.0094298805272108,-0.0081178081999676,0.1627906976744186,0.1620553359683794,0.25,0.7916666666666666,0.6795661073027544,0.7585000103729109,0.0,0.0,1.0,0.3713289797306061,0.2810862958431244
0.364531811916335,0.1652730200593355,0.1328204410780215,1.0,0.217391304347826,0.6521739130434783,0.4782608695652174,0.9983431952662722,0.0,0.489301084236452,0.4698795180722891,0.3154648767857286,0.6666666666666667,-1,0.3191489361702128,-0.3216185026689789,-0.4317111005204815,0.1627906976744186,0.1620553359683794,0.3333333333333333,0.0833333333333333,0.7394034068532036,0.8050834113184127,0.525299070074387,0.0,1.0,0.37132903933525085,0.28108641505241394
0.517397841943049,0.3268727481676641,0.0688796537401247,1.0,0.217391304347826,0.0434782608695652,0.3913043478260869,0.9983431952662722,0.0,0.244650542118226,0.5301204819277109,0.4999999999999999,0.5283208335737187,0,0.3191489361702128,1.225957097512043,-0.0928364666640704,0.1627906976744186,0.1620553359683794,0.4375,0.9583333333333331,0.8537313858752473,0.6774071479554113,0.6098533345119622,0.0,1.0,0.37132900953292847,0.28108641505241394
0.2734681227793893,0.1399293845654892,0.1830787761130242,1.0,0.217391304347826,0.5652173913043479,0.0869565217391304,0.9983431952662722,0.0,0.0,0.2409638554216867,0.4999999999999999,0.0,1,0.3191489361702128,-0.1496656582044209,0.5849128010487517,0.1627906976744186,0.1620553359683794,0.5833333333333333,0.4583333333333333,0.7728583773036293,0.7659246433845308,0.0,0.4056838710822128,1.0,0.37132903933525085,0.28108641505241394
0.2980802619923978,0.1823726619438934,0.1565273038101227,1.0,0.217391304347826,0.1304347826086956,0.1739130434782608,0.9983431952662722,0.0,0.0,0.3012048192771084,0.4999999999999999,0.5283208335737187,0,0.3191489361702128,0.5381457196538111,0.2460381671923406,0.1627906976744186,0.1620553359683794,0.9375,0.375,0.8066796985477136,0.6490747441110536,0.2626495350371935,0.0,1.0,0.37132903933525085,0.28108644485473633
0.2313693302272074,0.0888843544112887,0.2329222480557755,1.0,0.217391304347826,0.7391304347826086,0.6956521739130435,0.9984615384615388,0.2398124665681314,0.0,0.5301204819277109,0.4999999999999999,0.3333333333333333,1,0.3191489361702128,-0.4075949249012579,-0.1775551251281732,0.1627906976744186,0.1620553359683794,0.9791666666666666,0.2708333333333333,0.7615241339259067,0.8035435444750123,0.0,0.2559580248098154,1.0,0.37132903933525085,0.28108644485473633
0.2084929078362609,0.1198893894325332,0.2448226729920223,1.0,0.217391304347826,0.2608695652173913,0.6521739130434783,0.99905325443787,0.3800937667159342,0.0,0.5783132530120483,0.4999999999999999,0.5283208335737187,0,0.3404255319148936,-0.0636892359721419,-0.0081178081999676,0.1627906976744186,0.1620553359683794,0.2916666666666666,0.5833333333333333,0.6485391469825907,0.7765918967629724,0.0,0.2559580248098154,1.0,0.37132900953292847,0.28108641505241394
0.4747515978714407,0.307718322863362,0.0793576821662661,1.0,0.217391304347826,0.0869565217391304,0.5217391304347826,0.99905325443787,0.2398124665681314,0.0,0.5301204819277109,0.4999999999999999,0.5283208335737187,0,0.3404255319148936,0.452169297421532,-0.1775551251281732,0.1627906976744186,0.1620553359683794,0.4583333333333333,0.3958333333333333,0.7617191921745128,0.6190296225833991,0.0,0.2559580248098154,1.0,0.37132903933525085,0.28108641505241394
0.2642895435258434,0.1652730200593355,0.1803599197723839,1.0,0.217391304347826,0.6086956521739131,0.3043478260869565,0.999171597633136,0.0,0.244650542118226,0.8072289156626506,0.3154648767857286,0.3333333333333333,0,0.3404255319148936,-0.2356420804366999,-0.0928364666640704,0.1627906976744186,0.1620553359683794,0.0833333333333333,0.1666666666666666,0.8015638171697035,0.7035253454470232,0.2626495350371935,0.0,1.0,0.37132903933525085,0.28108641505241394
0.3147596906990093,0.1239365875804408,0.1650906013439089,1.0,0.217391304347826,0.5652173913043479,0.1304347826086956,0.999171597633136,0.2398124665681314,0.0,0.9759036144578314,0.6309297535714573,0.5283208335737187,1,0.3404255319148936,-0.2356420804366999,0.5001941425846489,0.1627906976744186,0.1620553359683794,0.2708333333333333,0.9375,0.7998247692842819,0.8114872407410296,0.0,0.0,1.0,0.37132903933525085,0.28108644485473633
0.3056739695007618,0.195431196344384,0.1492584693370161,1.0,0.217391304347826,0.217391304347826,0.4782608695652174,0.999171597633136,0.0,0.244650542118226,0.036144578313253,0.3154648767857286,0.5283208335737187,-1,0.3404255319148936,0.280216452956974,-0.5164297589845843,0.1627906976744186,0.1620553359683794,0.375,0.3333333333333333,0.6453801967488542,0.744055005866328,0.0,0.0,1.0,0.37132903933525085,0.28108644485473633
0.1186245912732139,0.1671906068761581,0.3701614914300644,1.0,0.217391304347826,0.4347826086956522,0.0434782608695652,0.999171597633136,0.0,0.0,0.1325301204819277,0.0,0.3333333333333333,-1,0.3404255319148936,-0.0636892359721419,1.177943410297471,0.1627906976744186,0.1620553359683794,0.5416666666666666,0.4375,0.7872362536380824,0.8584975038343459,0.0,0.0,1.0,0.37132900953292847,0.28108638525009155
0.2734681227793893,0.1671906068761581,0.1748700320482838,1.0,0.217391304347826,0.6956521739130435,0.3478260869565217,0.999171597633136,0.0,0.0,0.8674698795180723,0.4999999999999999,0.0,1,0.3404255319148936,-0.2356420804366999,0.076600850264135,0.1627906976744186,0.1620553359683794,0.8541666666666666,0.7916666666666666,0.7769824328293795,0.7585950843839815,0.0,0.2559580248098154,1.0,0.37132903933525085,0.28108644485473633
0.5065382513610851,0.3315925499999663,0.0706438363749528,1.0,0.217391304347826,0.7391304347826086,0.8260869565217391,0.999171597633136,0.0,0.5680609671737329,0.5301204819277109,0.3154648767857286,0.3333333333333333,0,0.3404255319148936,-0.3216185026689789,-1.1094603682333035,0.1627906976744186,0.1620553359683794,0.9791666666666666,0.25,0.7615241339259067,0.6840699320071779,0.2626495350371935,0.0,1.0,0.37132903933525085,0.28108641505241394
0.1172755110406733,0.1823726619438934,0.3701614914300644,1.0,0.217391304347826,0.782608695652174,0.0,0.999171597633136,0.0,0.0,0.5301204819277109,0.3154648767857286,0.3333333333333333,0,0.3404255319148936,-0.7515006138303739,1.0932247518333684,0.1627906976744186,0.1620553359683794,1.0,0.6875,0.7615241339259067,0.8452189880857766,0.2626495350371935,0.0,1.0,0.37132900953292847,0.28108638525009155
0.3666831846778068,0.1748166165990063,0.1282259815835157,1.0,0.217391304347826,0.3913043478260869,0.1739130434782608,0.9992899408284024,0.0,0.0,0.8433734939759037,0.3154648767857286,0.0,1,0.3404255319148936,-0.0636892359721419,0.4154754841205461,0.1627906976744186,0.1620553359683794,0.9583333333333331,0.0416666666666666,0.6742781448090696,0.7368916350030068,0.0,0.0,1.0,0.37132903933525085,0.28108638525009155
0.3172014893804099,0.1633509581233636,0.1521807790272517,1.0,0.217391304347826,0.4347826086956522,0.7391304347826086,0.999881656804734,0.0,0.0,0.8072289156626506,0.6309297535714573,0.3333333333333333,1,0.3617021276595745,-0.2356420804366999,-0.3469924420563787,0.1627906976744186,0.1620553359683794,0.0833333333333333,0.9791666666666666,0.8016425814891208,0.7628773276037466,0.0,0.0,1.0,0.37132903933525085,0.28108644485473633
0.3800409637760473,0.2263085805337292,0.1141401994089745,1.0,0.217391304347826,0.0869565217391304,0.1304347826086956,0.999881656804734,0.0,0.244650542118226,0.5301204819277109,0.4999999999999999,0.3333333333333333,1,0.3617021276595745,0.452169297421532,0.4154754841205461,0.1627906976744186,0.1620553359683794,0.4583333333333333,0.9375,0.7618557429724573,0.8116049262994214,0.0,0.0,1.0,0.37132903933525085,0.28108644485473633
0.3315411653430685,0.1614244001319842,0.1463161436710143,1.0,0.217391304347826,0.4782608695652174,0.5217391304347826,0.999881656804734,0.0,0.0,0.2409638554216867,0.7324867603589634,0.3333333333333333,1,0.3617021276595745,0.022287186260137,-0.0081178081999676,0.1627906976744186,0.1620553359683794,0.5833333333333333,0.9583333333333331,0.7731466095475714,0.6778332468057131,0.0,0.2559580248098154,1.0,0.37132903933525085,0.28108641505241394
0.1408757291292093,0.1419068240886909,0.3335795816948939,1.0,0.217391304347826,0.1739130434782608,0.0434782608695652,1.0,0.2398124665681314,0.0,0.0963855421686747,0.3154648767857286,0.3333333333333333,0,0.3617021276595745,0.3661928751892531,1.262662068761574,0.1627906976744186,0.1620553359683794,0.0416666666666666,0.4375,0.7332349144349208,0.8585400525171545,0.0,0.2559580248098154,1.0,0.37132900953292847,0.28108638525009155
0.2169669119336663,0.1219154745029367,0.2365271184506421,1.0,0.217391304347826,0.3913043478260869,0.6956521739130435,1.0,0.0,0.0,0.746987951807229,0.6309297535714573,0.3333333333333333,1,0.3617021276595745,-0.0636892359721419,-0.1775551251281732,0.1627906976744186,0.1620553359683794,0.1666666666666666,0.2708333333333333,0.6996132155788561,0.8038193444021398,0.0,0.2559580248098154,1.0,0.37132903933525085,0.28108644485473633
0.2190570897977888,0.1497694438583581,0.2206827344355966,1.0,0.217391304347826,0.8260869565217391,0.782608695652174,1.0,0.0,0.0,0.0240963855421686,0.4999999999999999,0.6666666666666667,-1,0.3617021276595745,-1.0954063027594898,-0.7705857343768925,0.1627906976744186,0.1620553359683794,0.25,1.0,0.6795941596945323,0.7628773276037466,0.0,0.0,1.0,0.3713289797306061,0.2810862958431244
0.3875712943605486,0.266322516620554,0.10448635790819,1.0,0.217391304347826,0.217391304347826,0.5652173913043479,1.0,0.2398124665681314,0.244650542118226,0.036144578313253,0.3154648767857286,0.3333333333333333,0,0.3617021276595745,0.194240030724695,-0.1775551251281732,0.1627906976744186,0.1620553359683794,0.375,0.5416666666666666,0.6454980742557959,0.7916261255562629,0.0,0.0,1.0,0.37132903933525085,0.28108641505241394
0.3291873599458501,0.1729167237939524,0.1418645197115972,1.0,0.217391304347826,0.0,0.6086956521739131,1.0,0.0,0.0,0.0,0.3154648767857286,0.3333333333333333,0,0.3617021276595745,1.139980675279764,-0.4317111005204815,0.1627906976744186,0.1620553359683794,0.6875,0.3333333333333333,0.8404251889884924,0.7442795149543378,0.0,0.2559580248098154,1.0,0.37132900953292847,0.2810863256454468
0.4395640710272355,0.293054377649909,0.0878982789381466,1.0,0.217391304347826,0.2608695652173913,0.3478260869565217,1.0,0.2398124665681314,0.0,0.710843373493976,0.4999999999999999,0.0,1,0.3617021276595745,-0.0636892359721419,-0.1775551251281732,0.1627906976744186,0.1620553359683794,0.7916666666666666,0.3958333333333333,0.7548179878525982,0.6189588324961763,0.0,0.0,1.0,0.37132903933525085,0.28108641505241394
0.4506869101778586,0.266322516620554,0.0895862098635575,1.0,0.217391304347826,0.6521739130434783,0.3043478260869565,1.0,0.0,0.0,0.8674698795180723,0.0,0.6666666666666667,-1,0.3617021276595745,-0.0636892359721419,-0.0928364666640704,0.1627906976744186,0.1620553359683794,0.8541666666666666,0.2916666666666666,0.7770313488261447,0.653068184668671,0.2626495350371935,0.0,1.0,0.3713289797306061,0.2810863256454468
0.2303579556773924,0.1536727837037277,0.2243913433786063,0.8695652173913118,0.2753623188405797,0.8260869565217391,0.0,0.8665088757396449,0.0,0.0,0.8072289156626506,0.0,0.6666666666666667,-1,0.0,0.022287186260137,-0.0081178081999676,0.9186046511627908,0.3122529644268774,0.0,0.4583333333333333,0.3770614057803692,0.5629046232393684,0.0,0.0,,,
0.4720281163026952,0.2173465425309795,0.1012195903186518,0.8695652173913118,0.78743961352657,0.0869565217391304,0.7391304347826086,0.8665088757396449,0.0,0.0,0.9518072289156628,0.4999999999999999,0.0,1,0.0,0.022287186260137,-0.0081178081999676,0.7170542635658914,1.0,0.0416666666666666,0.5,0.5234811317503798,0.3815818457617408,0.0,0.0,,,
0.2577341889114768,0.1178583078464172,0.2131680611578285,0.8695652173913118,0.7971014492753623,0.217391304347826,0.5652173913043479,0.8665088757396449,0.0,0.0,0.746987951807229,0.4999999999999999,0.3333333333333333,1,0.0,0.022287186260137,-0.0081178081999676,0.5426356589147286,0.826086956521739,0.1666666666666666,0.9375,0.4901583438508554,0.5343233286369389,0.0,0.0,,,
0.3362067849762579,0.1935783200493599,0.1463161436710143,0.8695652173913118,0.4009661835748792,0.4347826086956522,0.3913043478260869,0.8665088757396449,0.0,0.0,0.4819277108433735,0.3154648767857286,0.3333333333333333,0,0.0,0.022287186260137,-0.0081178081999676,0.4728682170542636,0.541501976284585,0.4791666666666666,0.5833333333333333,0.4263250789402042,0.5533759967276872,0.0,0.0,,,
0.5839521064319966,0.4305141856551189,0.0544991354526003,0.8695652173913118,0.7536231884057971,0.1304347826086956,0.6086956521739131,0.8665088757396449,0.0,0.0,0.0,0.4999999999999999,0.3333333333333333,1,0.0,0.022287186260137,-0.0081178081999676,0.003875968992248,0.4189723320158102,0.6875,0.3541666666666666,0.673995507840923,0.3271340339245003,0.0,0.0,1.0,0.37132900953292847,0.28108641505241394
0.346881966160751,0.21554237277169,0.1358563397052546,0.8695652173913118,0.6763285024154589,0.1739130434782608,0.4782608695652174,0.8665088757396449,0.0,0.0,0.710843373493976,0.4999999999999999,0.3333333333333333,1,0.0,0.022287186260137,-0.0081178081999676,0.7209302325581395,0.7747035573122529,0.7916666666666666,0.375,0.4981291076749288,0.484252047554407,0.0,0.0,1.0,0.3713289797306061,0.2810862958431244
0.3709508212645113,0.2046335620890687,0.1297629344495855,0.8695652173913118,0.8019323671497585,0.6521739130434783,0.3043478260869565,0.8666272189349113,0.0,0.0,0.4698795180722891,0.3154648767857286,0.5283208335737187,-1,0.0,0.022287186260137,-0.0081178081999676,0.2364341085271318,0.6126482213438734,0.0833333333333333,0.9583333333333331,0.5959317871237018,0.6083459689099018,0.0,0.0,1.0,0.37132903933525085,0.28108644485473633
0.3995898402153651,0.1879945483852914,0.125135479996131,0.8695652173913118,0.217391304347826,0.2608695652173913,0.5217391304347826,0.8666272189349113,0.0,0.0,0.9879518072289156,0.4999999999999999,0.3333333333333333,1,0.0,0.022287186260137,-0.0081178081999676,0.313953488372093,0.7272727272727272,0.2708333333333333,0.3333333333333333,0.6085913776201293,0.4937628250763735,0.0,0.0,1.0,0.37132903933525085,0.28108644485473633
0.5667364792280696,0.4079483037750135,0.0599483992353185,0.8695652173913118,0.8550724637681159,0.0434782608695652,0.782608695652174,0.8666272189349113,0.0,0.0,0.5301204819277109,0.6309297535714573,0.0,1,0.0,0.022287186260137,-0.0081178081999676,0.6589147286821705,0.9051383399209486,0.4375,0.2916666666666666,0.6666915599656684,0.4740040778455363,0.0,0.0,1.0,0.37132903933525085,0.2810864746570587
0.4015575803519854,0.1823726619438934,0.125135479996131,0.8695652173913118,0.9758454106280192,0.3478260869565217,0.6956521739130435,0.8666272189349113,0.0,0.0,0.216867469879518,0.3154648767857286,0.0,1,0.0,0.022287186260137,-0.0081178081999676,0.7751937984496124,0.6798418972332015,0.5416666666666666,0.8541666666666666,0.5127527585282858,0.575596941207482,0.0,0.0,1.0,0.37132903933525085,0.28108644485473633
0.2363874195351941,0.1219154745029367,0.2305020846526728,0.8695652173913118,0.2898550724637681,0.6086956521739131,0.2608695652173913,0.867337278106509,0.2398124665681314,0.0,0.072289156626506,0.3154648767857286,0.3333333333333333,0,0.0212765957446808,-0.0636892359721419,0.076600850264135,0.4147286821705426,0.7233201581027667,0.3541666666666666,0.7916666666666666,0.3240504557294361,0.5158597397228786,0.0,0.2559580248098154,1.0,0.37132903933525085,0.28108641505241394
0.5004855067963411,0.3125488538119598,0.0810794394524032,0.8695652173913118,0.7536231884057971,0.0,0.4347826086956522,0.867337278106509,0.0,0.0,0.5301204819277109,0.4999999999999999,0.0,1,0.0212765957446808,0.280216452956974,0.1613195087282378,0.3062015503875969,0.7193675889328063,0.4583333333333333,0.0416666666666666,0.5657068938138949,0.5290981814419058,0.2626495350371935,0.2559580248098154,1.0,0.37132903933525085,0.28108644485473633
0.3528540043201594,0.1879945483852914,0.1418645197115972,0.8695652173913118,0.9420289855072465,0.3478260869565217,0.8260869565217391,0.867337278106509,0.2398124665681314,0.244650542118226,0.3012048192771084,0.6309297535714573,0.0,1,0.0212765957446808,-0.0636892359721419,-0.262273783592276,0.2093023255813953,0.924901185770751,0.9375,0.0,0.5508423150915529,0.3823187497666873,0.0,0.0,1.0,0.37132903933525085,0.2810864746570587
0.1998316178498979,0.0951794411021844,0.2840552008440098,0.8695652173913118,0.8550724637681159,0.3043478260869565,0.6521739130434783,0.867455621301775,0.2398124665681314,0.0,0.8313253012048193,0.6309297535714573,0.3333333333333333,1,0.0,-0.1496656582044209,0.076600850264135,0.065891472868217,0.9367588932806324,0.5,0.2708333333333333,0.6289980409799358,0.8344548464347883,0.0,0.2559580248098154,1.0,0.37132903933525085,0.28108644485473633
0.2190570897977888,0.1319718041512219,0.2436473566150278,0.8695652173913118,0.9758454106280192,0.782608695652174,0.0869565217391304,0.867455621301775,0.2398124665681314,0.0,0.5783132530120483,0.0,0.6666666666666667,-1,0.0212765957446808,-0.2356420804366999,-0.0081178081999676,0.4961240310077519,0.4703557312252964,0.2916666666666666,0.4791666666666666,0.4608990151847447,0.4324766594626439,0.0,0.0,1.0,0.37132903933525085,0.28108641505241394
0.2539384457238134,0.1339684188642493,0.2106336711056923,0.8695652173913118,0.4637681159420289,0.4782608695652174,0.5217391304347826,0.867455621301775,0.2398124665681314,0.0,0.8072289156626506,0.3154648767857286,0.0,1,0.0212765957446808,-0.0636892359721419,0.076600850264135,0.7248062015503876,0.7786561264822134,0.3333333333333333,0.5416666666666666,0.4666919046032054,0.5179846692923773,0.0,0.2559580248098154,1.0,0.37132903933525085,0.28108641505241394
0.2052673141498032,0.1517234261883286,0.2506514987534111,0.8695652173913118,0.7971014492753623,0.217391304347826,0.3043478260869565,0.867455621301775,0.0,0.0,0.2409638554216867,0.4999999999999999,0.3333333333333333,1,0.0212765957446808,0.022287186260137,0.2460381671923406,0.5542635658914729,0.450592885375494,0.5833333333333333,0.4375,0.5530155440527573,0.6821783774358676,0.0,0.2559580248098154,1.0,0.37132903933525085,0.28108644485473633
0.1738080031587563,0.1219154745029367,0.3080136296842726,0.8695652173913118,0.2753623188405797,0.6956521739130435,0.6521739130434783,0.867455621301775,0.2398124665681314,0.244650542118226,0.8674698795180723,0.0,0.0,0,0.0212765957446808,-0.0636892359721419,-0.0928364666640704,0.6782945736434108,0.2450592885375493,0.8541666666666666,0.0833333333333333,0.6083343347768111,0.5931317742753814,0.0,0.0,1.0,0.37132903933525085,0.28108644485473633
0.1702825753028309,0.1379471858571372,0.3049633598187991,0.8695652173913118,0.78743961352657,0.1739130434782608,0.1304347826086956,0.867455621301775,0.0,0.0,0.5301204819277109,0.4999999999999999,0.5283208335737187,0,0.0212765957446808,0.108263608492416,0.076600850264135,0.6124031007751938,0.0039525691699604,0.9583333333333331,0.6875,0.6046819506900951,0.6482488589728719,0.2626495350371935,0.2559580248098154,1.0,0.37132903933525085,0.28108641505241394
0.2078499094630588,0.1275621392859076,0.2979681633405467,0.8695652173913118,0.2801932367149758,0.3913043478260869,0.5652173913043479,0.8675739644970415,0.0,0.244650542118226,0.8313253012048193,0.6309297535714573,0.3333333333333333,1,0.0212765957446808,0.022287186260137,-0.0928364666640704,1.0,0.1620553359683794,0.5,0.2708333333333333,0.4150716838130781,0.6210255973655687,0.2626495350371935,0.0,1.0,0.37132903933525085,0.28108644485473633
0.3065087034064346,0.155617538245504,0.1707060782715994,0.8695652173913118,0.8019323671497585,0.7391304347826086,0.0434782608695652,0.8676923076923075,0.2398124665681314,0.0,0.036144578313253,0.3154648767857286,0.5283208335737187,-1,0.0212765957446808,-0.0636892359721419,0.076600850264135,0.7713178294573644,0.5296442687747035,0.375,0.1666666666666666,0.4923522954703871,0.4912067260143755,0.0,0.2559580248098154,1.0,0.37132903933525085,0.28108641505241394
0.1876008901584795,0.1259527530077646,0.2819073070301168,0.8695652173913118,0.78743961352657,0.782608695652174,0.3043478260869565,0.8681656804733726,0.3800937667159342,0.0,0.5783132530120483,0.3154648767857286,0.3333333333333333,0,0.0425531914893616,-0.4935713471335369,0.1613195087282378,0.0542635658914728,0.217391304347826,0.2916666666666666,0.9375,0.454009567428528,0.549280498270184,0.0,0.2559580248098154,1.0,0.37132903933525085,0.28108641505241394
0.2779780392972938,0.1652730200593355,0.1857805326151629,0.8695652173913118,0.8019323671497585,0.0434782608695652,0.1739130434782608,0.8681656804733726,0.0,0.0,0.4819277108433735,0.7324867603589634,0.5283208335737187,1,0.0425531914893616,0.280216452956974,0.4154754841205461,0.4728682170542636,0.3122529644268774,0.4791666666666666,0.4583333333333333,0.4413535617733137,0.5707359308122022,0.2626495350371935,0.4056838710822128,1.0,0.37132903933525085,0.28108641505241394
0.5212733486351065,0.293054377649909,0.0793576821662661,0.8695652173913118,0.9758454106280192,0.0869565217391304,0.6956521739130435,0.8681656804733726,0.0,0.38776193503849,0.0,0.4999999999999999,0.3333333333333333,1,0.0425531914893616,0.108263608492416,-0.262273783592276,0.003875968992248,0.1739130434782608,0.6875,0.2708333333333333,0.6820213742979637,0.6253082248663124,0.0,0.0,1.0,0.37132903933525085,0.28108644485473633
0.3446187793868908,0.1917212659012055,0.1433535259435616,0.8695652173913118,0.2753623188405797,0.4782608695652174,0.217391304347826,0.8681656804733726,0.0,0.0,0.710843373493976,0.0,0.6666666666666667,-1,0.0425531914893616,0.108263608492416,-0.0081178081999676,0.7209302325581395,0.7272727272727272,0.7916666666666666,0.3333333333333333,0.5259114661911359,0.4592485847244434,0.0,0.2559580248098154,1.0,0.37132903933525085,0.28108641505241394
0.2624277470526482,0.1379471858571372,0.2029395334605369,0.8695652173913118,0.217391304347826,0.4347826086956522,0.8260869565217391,0.8681656804733726,0.0,0.38776193503849,0.8674698795180723,0.6309297535714573,0.5283208335737187,1,0.0425531914893616,-0.0636892359721419,-0.5164297589845843,0.6782945736434108,0.924901185770751,0.8541666666666666,0.0,0.5797016697730164,0.4512038473466073,0.0,0.0,1.0,0.37132903933525085,0.28108641505241394
0.4698356215183736,0.2404480379463791,0.0979277897832237,0.8695652173913118,0.7971014492753623,0.3913043478260869,0.6086956521739131,0.8682840236686391,0.0,0.244650542118226,0.8072289156626506,0.4999999999999999,0.3333333333333333,1,0.0425531914893616,-0.0636892359721419,-0.0081178081999676,0.2364341085271318,0.7193675889328063,0.0833333333333333,0.0416666666666666,0.5901516313110171,0.6125371804618165,0.0,0.0,1.0,0.37132903933525085,0.28108641505241394
0.2169669119336663,0.1259527530077646,0.2494920436154687,0.8695652173913118,0.2801932367149758,0.7391304347826086,0.2608695652173913,0.8682840236686391,0.0,0.244650542118226,0.072289156626506,0.3154648767857286,0.5283208335737187,-1,0.0425531914893616,-0.0636892359721419,-0.0081178081999676,0.4147286821705426,0.7786561264822134,0.3541666666666666,0.5416666666666666,0.341214903209009,0.5075726447998443,0.0,0.0,1.0,0.37132903933525085,0.28108644485473633
0.4383746697484402,0.2730872623782883,0.0979277897832237,0.8695652173913118,0.4009661835748792,0.5217391304347826,0.0,0.8682840236686391,0.2398124665681314,0.0,0.5301204819277109,0.4999999999999999,0.6666666666666667,-1,0.0425531914893616,0.194240030724695,0.1613195087282378,0.4496124031007752,0.5296442687747035,0.4375,0.1666666666666666,0.6655309702463807,0.4943942058027073,0.0,0.4056838710822128,1.0,0.37132903933525085,0.28108644485473633
0.4431107687222777,0.2697118348431306,0.0979277897832237,0.8695652173913118,0.8550724637681159,0.1304347826086956,0.5652173913043479,0.8682840236686391,0.0,0.0,0.2409638554216867,0.3154648767857286,0.0,1,0.0425531914893616,0.108263608492416,0.1613195087282378,0.5542635658914729,1.0,0.5833333333333333,0.5,0.5470018117599684,0.4175867749453357,0.2626495350371935,0.4056838710822128,1.0,0.37132900953292847,0.28108641505241394
0.3800409637760473,0.2298662671273945,0.1220225832744171,0.8695652173913118,0.4637681159420289,0.3478260869565217,0.6521739130434783,0.8685207100591716,0.0,0.38776193503849,0.8433734939759037,0.0,0.3333333333333333,-1,0.0425531914893616,0.108263608492416,-0.1775551251281732,0.6124031007751938,0.7747035573122529,0.9583333333333331,0.375,0.605998051488071,0.502042232471658,0.0,0.0,1.0,0.37132903933525085,0.28108644485473633
0.4175821928318169,0.2101060285072395,0.1141401994089745,0.8695652173913118,0.2801932367149758,0.0869565217391304,0.5652173913043479,0.8689940828402367,0.0,0.0,0.8072289156626506,0.4999999999999999,0.3333333333333333,1,0.0638297872340425,0.280216452956974,-0.0081178081999676,0.7248062015503876,0.6798418972332015,0.3333333333333333,0.8541666666666666,0.4484862833254515,0.5596759509360378,0.4162896638657991,0.2559580248098154,1.0,0.37132903933525085,0.28108641505241394
0.3875712943605486,0.2351741469323915,0.1188869644777832,0.8695652173913118,0.3429951690821256,0.8260869565217391,0.5217391304347826,0.8691124260355032,0.4796249331362629,0.244650542118226,0.8072289156626506,0.3154648767857286,0.5283208335737187,-1,0.0638297872340425,-0.579547769365816,-0.1775551251281732,0.9186046511627908,0.4189723320158102,0.0,0.3541666666666666,0.3792836093852858,0.359081263605109,0.0,0.0,1.0,0.37132900953292847,0.28108638525009155
0.1932076727755705,0.1399293845654892,0.2698979949652853,0.8695652173913118,0.8019323671497585,0.3913043478260869,0.6956521739130435,0.8691124260355032,0.3800937667159342,0.38776193503849,0.9518072289156628,0.4999999999999999,0.3333333333333333,1,0.0638297872340425,-0.0636892359721419,0.076600850264135,0.7170542635658914,0.450592885375494,0.0416666666666666,0.4375,0.6182431558099986,0.6510726302390635,0.0,0.0,1.0,0.3713289797306061,0.2810862958431244
0.1496830080986548,0.1517234261883286,0.3335795816948939,0.8695652173913118,0.4637681159420289,0.0,0.6521739130434783,0.8691124260355032,0.0,0.0,0.746987951807229,0.4999999999999999,0.0,1,0.0638297872340425,0.280216452956974,-0.0081178081999676,0.5426356589147286,0.2450592885375493,0.1666666666666666,0.0833333333333333,0.5259114661911359,0.5721431147110507,0.525299070074387,0.2559580248098154,1.0,0.37132903933525085,0.28108644485473633
0.396288157498343,0.2280893448291361,0.1173105301661802,0.8695652173913118,0.2850241545893719,0.3478260869565217,0.782608695652174,0.8691124260355032,0.0,0.0,0.036144578313253,0.6309297535714573,0.3333333333333333,1,0.0638297872340425,-0.0636892359721419,-0.5164297589845843,0.7713178294573644,0.0553359683794466,0.375,0.2916666666666666,0.4765163565997006,0.448112161023334,0.2626495350371935,0.0,1.0,0.37132903933525085,0.28108644485473633
0.3793491587940186,0.2386938239375837,0.1204576348485068,0.8695652173913118,0.9758454106280192,0.217391304347826,0.4347826086956522,0.8691124260355032,0.2398124665681314,0.244650542118226,0.5301204819277109,0.3154648767857286,0.3333333333333333,0,0.0638297872340425,0.280216452956974,-0.0081178081999676,0.3062015503875969,0.6126482213438734,0.4583333333333333,0.9583333333333331,0.5674740892742332,0.6083459689099018,0.0,0.0,1.0,0.37132903933525085,0.28108644485473633
0.083420739714525,0.2595017474858638,0.4663695551770429,0.8695652173913118,0.9420289855072465,0.7391304347826086,0.0434782608695652,0.8691124260355032,0.2398124665681314,0.0,0.8313253012048193,0.0,0.8616541669070521,-1,0.0638297872340425,0.108263608492416,0.1613195087282378,1.0,0.0039525691699604,0.5,0.6875,0.4027641614035593,0.6769752634743285,0.0,0.2559580248098154,1.0,0.37132903933525085,0.28108644485473633
0.3346577417715984,0.199124490272293,0.1448373887931489,0.8695652173913118,0.7536231884057971,0.2608695652173913,0.4782608695652174,0.8691124260355032,0.0,0.244650542118226,0.1325301204819277,0.6309297535714573,0.6666666666666667,0,0.0638297872340425,0.108263608492416,-0.1775551251281732,0.7751937984496124,0.7233201581027667,0.5416666666666666,0.7916666666666666,0.4951203416395364,0.5370887400515163,0.2626495350371935,0.0,1.0,0.37132903933525085,0.28108641505241394
0.3031590469418186,0.1786033044914547,0.1665013673666011,0.8695652173913118,0.2753623188405797,0.1739130434782608,0.3043478260869565,0.8691124260355032,0.0,0.0,0.3012048192771084,0.4999999999999999,0.0,1,0.0638297872340425,0.194240030724695,0.1613195087282378,0.2093023255813953,0.541501976284585,0.9375,0.5833333333333333,0.5383111846145776,0.5636529931945551,0.0,0.4056838710822128,1.0,0.37132903933525085,0.28108644485473633
0.2363874195351941,0.1198893894325332,0.2317138706969028,0.8695652173913118,0.7971014492753623,0.6086956521739131,0.1304347826086956,0.8693491124260353,0.4796249331362629,0.0,0.9879518072289156,0.3154648767857286,0.3333333333333333,0,0.0638297872340425,-0.3216185026689789,0.4154754841205461,0.9341085271317828,0.4703557312252964,0.2708333333333333,0.4791666666666666,0.5524263988149565,0.4319727580022732,0.0,0.4056838710822128,1.0,0.37132903933525085,0.28108641505241394
0.3765696618912709,0.2009649450398827,0.1297629344495855,0.8695652173913118,0.8550724637681159,0.217391304347826,0.782608695652174,0.8694674556213018,0.2398124665681314,0.0,0.2409638554216867,0.0,0.5283208335737187,-1,0.0,0.022287186260137,-0.0081178081999676,0.2364341085271318,0.9683794466403162,0.5833333333333333,0.0416666666666666,0.7417005067034943,0.7312725135574139,0.0,0.2559580248098154,1.0,0.37132903933525085,0.28108641505241394
0.3580059131471229,0.2351741469323915,0.1297629344495855,0.8695652173913118,0.8550724637681159,0.1304347826086956,0.8260869565217391,0.8694674556213018,0.0,0.5680609671737329,0.710843373493976,0.4999999999999999,0.5283208335737187,0,0.0,-0.1496656582044209,-0.6858670759127897,0.7209302325581395,0.924901185770751,0.7916666666666666,0.0,0.7403534500922395,0.552032310423245,0.0,0.0,1.0,0.37132903933525085,0.2810864746570587
0.2815489744406604,0.1239365875804408,0.1951050694866963,0.8695652173913118,0.8550724637681159,0.0869565217391304,0.4782608695652174,0.8694674556213018,0.2398124665681314,0.0,0.8674698795180723,0.6309297535714573,0.0,1,0.0,-0.0636892359721419,0.076600850264135,0.5658914728682171,0.7747035573122529,0.8541666666666666,0.375,0.733936133216053,0.5974396081766644,0.0,0.4056838710822128,1.0,0.37132903933525085,0.28108641505241394
0.3565408369715577,0.1879945483852914,0.1388709336052376,0.8695652173913118,0.8550724637681159,0.2608695652173913,0.217391304347826,0.8695857988165678,0.0,0.0,0.746987951807229,0.6309297535714573,0.0,1,0.0212765957446808,0.452169297421532,-0.3469924420563787,0.5426356589147286,0.9367588932806324,0.1666666666666666,0.2708333333333333,0.6818510541786733,0.7703851312237624,0.6098533345119622,0.0,1.0,0.37132903933525085,0.28108644485473633
0.1726363807000494,0.1259527530077646,0.3120472543231528,0.8695652173913118,0.8550724637681159,0.6521739130434783,0.7391304347826086,0.8695857988165678,0.2398124665681314,0.0,0.5783132530120483,0.3154648767857286,0.3333333333333333,0,0.0212765957446808,-0.665524191598095,-0.0081178081999676,0.875968992248062,0.7549407114624506,0.2916666666666666,0.9583333333333331,0.5946818519494796,0.6677749832154636,0.0,0.0,1.0,0.37132903933525085,0.28108641505241394
0.2190570897977888,0.1379471858571372,0.2401019895763482,0.8695652173913118,0.4637681159420289,0.1739130434782608,0.0869565217391304,0.8695857988165678,0.0,0.0,0.4698795180722891,0.0,0.5283208335737187,-1,0.0851063829787234,0.3661928751892531,0.2460381671923406,0.7248062015503876,0.3122529644268774,0.3333333333333333,0.4583333333333333,0.4789479749202614,0.5820830772486516,0.525299070074387,0.0,1.0,0.37132903933525085,0.28108644485473633
0.147186774050745,0.145847516610311,0.3458137322620221,0.8695652173913118,0.9758454106280192,0.6956521739130435,0.3043478260869565,0.8695857988165678,0.0,0.244650542118226,0.072289156626506,0.0,0.7739760316291208,-1,0.0851063829787234,-0.0636892359721419,-0.1775551251281732,0.4147286821705426,0.2450592885375493,0.3541666666666666,0.0833333333333333,0.3569185464022684,0.579956176088485,0.2626495350371935,0.0,1.0,0.37132903933525085,0.28108641505241394
0.6945341659176363,0.5661718956410715,0.0339054034579372,0.8695652173913118,0.893719806763285,0.4782608695652174,0.7391304347826086,0.8695857988165678,0.4796249331362629,0.38776193503849,0.5301204819277109,0.4999999999999999,0.0,1,0.0851063829787234,0.022287186260137,-0.3469924420563787,0.4496124031007752,1.0,0.4375,0.5,0.6649468108147938,0.3509526652341819,0.0,0.0,1.0,0.37132903933525085,0.28108638525009155
0.3249145534971439,0.1694858331617057,0.1676266538458771,0.8695652173913118,0.2801932367149758,0.4347826086956522,0.1304347826086956,0.8695857988165678,0.3800937667159342,0.0,0.2409638554216867,0.0,0.5283208335737187,-1,0.0851063829787234,-0.1496656582044209,0.1613195087282378,0.5542635658914729,0.7193675889328063,0.5833333333333333,0.0416666666666666,0.5676495093977878,0.6057931147627744,0.0,0.4056838710822128,1.0,0.37132903933525085,0.28108641505241394
0.5576168923066026,0.3906086493094862,0.0617495669382994,0.8695652173913118,0.2753623188405797,0.0434782608695652,0.3913043478260869,0.8695857988165678,0.0,0.0,0.0,0.7324867603589634,0.3333333333333333,1,0.0851063829787234,0.62412214188609,0.076600850264135,0.003875968992248,0.7786561264822134,0.6875,0.5416666666666666,0.6728978966033472,0.5153231303845109,0.4162896638657991,0.0,1.0,0.37132903933525085,0.28108641505241394
0.4085607450934189,0.2259519651716877,0.1217100493444283,0.8695652173913118,0.78743961352657,0.6086956521739131,0.8260869565217391,0.8695857988165678,0.0,0.0,0.710843373493976,0.4999999999999999,0.5283208335737187,0,0.0851063829787234,-0.1496656582044209,-0.6858670759127897,0.7209302325581395,0.924901185770751,0.7916666666666666,0.0,0.552032163560773,0.3866559884814302,0.0,0.0,1.0,0.37132903933525085,0.28108641505241394
0.3210769960724674,0.176712136804557,0.1616857391239693,0.8695652173913118,0.9420289855072465,0.3478260869565217,0.5217391304347826,0.8695857988165678,0.0,0.244650542118226,0.8674698795180723,0.6309297535714573,0.0,1,0.0851063829787234,0.194240030724695,-0.1775551251281732,0.6782945736434108,0.7747035573122529,0.8541666666666666,0.375,0.5249447166159913,0.5179846692923773,0.2626495350371935,0.0,1.0,0.37132900953292847,0.2810863256454468
0.2840294094330847,0.128365654633316,0.1921962516342905,0.8695652173913118,0.217391304347826,0.0,0.6521739130434783,0.8697041420118343,0.0,0.244650542118226,0.746987951807229,0.6309297535714573,0.0,1,0.0851063829787234,0.7100985641183691,-0.6011484174486871,0.5426356589147286,0.9367588932806324,0.1666666666666666,0.2708333333333333,0.5062048157239976,0.6020784668454644,0.6789391989029927,0.0,1.0,0.37132903933525085,0.28108644485473633
0.2313693302272074,0.1243402157021027,0.2508830147211928,0.8695652173913118,0.7971014492753623,0.782608695652174,0.5652173913043479,0.8697041420118343,0.0,0.0,0.5783132530120483,0.3154648767857286,0.3333333333333333,0,0.0851063829787234,-0.665524191598095,-0.0081178081999676,0.0542635658914728,0.6126482213438734,0.2916666666666666,0.9583333333333331,0.458909910398767,0.6083459689099018,0.0,0.0,1.0,0.37132903933525085,0.28108644485473633
0.3315411653430685,0.180490139602538,0.1521807790272517,0.8695652173913118,0.7536231884057971,0.217391304347826,0.2608695652173913,0.8697041420118343,0.0,0.0,0.4819277108433735,0.0,0.0,0,0.0851063829787234,0.452169297421532,0.3307568256564434,0.4728682170542636,0.217391304347826,0.4791666666666666,0.9375,0.4313631396584936,0.5513440975793253,0.0,0.2559580248098154,1.0,0.37132903933525085,0.28108644485473633
0.167914547430223,0.180490139602538,0.288319036026044,0.8695652173913118,0.7536231884057971,0.5652173913043479,0.3478260869565217,0.8698224852071004,0.3800937667159342,0.0,0.036144578313253,0.4999999999999999,0.6666666666666667,-1,0.1063829787234042,-0.4075949249012579,0.1613195087282378,0.7713178294573644,0.450592885375494,0.375,0.4375,0.4972336853366139,0.672217561077143,0.0,0.2559580248098154,1.0,0.37132903933525085,0.28108641505241394
0.5400960498628904,0.3891470638934897,0.063543214086176,0.8695652173913118,0.4009661835748792,0.0869565217391304,0.7391304347826086,0.8698224852071004,0.0,0.244650542118226,0.5301204819277109,0.4999999999999999,0.0,1,0.1063829787234042,0.452169297421532,-0.4317111005204815,0.3062015503875969,0.5217391304347826,0.4583333333333333,0.3541666666666666,0.5380918728801201,0.3708094137950997,0.2626495350371935,0.0,1.0,0.37132903933525085,0.28108641505241394
0.4419320988998434,0.3093316498547911,0.0912675343887988,0.8695652173913118,0.893719806763285,0.0434782608695652,0.5217391304347826,0.8698224852071004,0.0,0.0,0.0,0.3154648767857286,0.3333333333333333,0,0.1063829787234042,0.8820514085829272,-0.1775551251281732,0.003875968992248,0.7233201581027667,0.6875,0.7916666666666666,0.6579032290852858,0.554180096674801,0.525299070074387,0.0,1.0,0.37132903933525085,0.28108644485473633
0.221136179133028,0.1748166165990063,0.2243913433786063,0.8695652173913118,0.9758454106280192,0.8260869565217391,0.1304347826086956,0.8699408284023669,0.0,0.244650542118226,0.8072289156626506,0.0,0.7739760316291208,-1,0.1063829787234042,-0.665524191598095,0.1613195087282378,0.9186046511627908,0.7272727272727272,0.0,0.3333333333333333,0.3717253649346754,0.4672193086875265,0.0,0.0,1.0,0.37132903933525085,0.28108641505241394
0.4681831633264744,0.2351741469323915,0.0995768431242991,0.8695652173913118,0.4637681159420289,0.1739130434782608,0.782608695652174,0.8699408284023669,0.0,0.0,0.9518072289156628,0.6309297535714573,0.5283208335737187,1,0.1063829787234042,0.3661928751892531,-0.6858670759127897,0.7170542635658914,0.0553359683794466,0.0416666666666666,0.2916666666666666,0.6144915910356958,0.4679905878234025,0.525299070074387,0.0,1.0,0.37132903933525085,0.2810864746570587
0.4681831633264744,0.2730872623782883,0.0912675343887988,0.8695652173913118,0.8019323671497585,0.217391304347826,0.4782608695652174,0.8699408284023669,0.0,0.489301084236452,0.4698795180722891,0.4999999999999999,0.0,1,0.1063829787234042,0.194240030724695,-0.3469924420563787,0.2364341085271318,0.541501976284585,0.0833333333333333,0.5833333333333333,0.590446754596935,0.5386755940474872,0.2626495350371935,0.0,1.0,0.37132903933525085,0.28108641505241394
0.2510673162484593,0.105565495076829,0.2243913433786063,0.8695652173913118,0.2801932367149758,0.6956521739130435,0.3913043478260869,0.8699408284023669,0.3800937667159342,0.0,0.9879518072289156,0.3154648767857286,0.3333333333333333,0,0.1063829787234042,-0.8374770360626529,0.3307568256564434,0.9341085271317828,0.217391304347826,0.2708333333333333,0.9375,0.5996945123867092,0.5221347829538847,0.0,0.0,1.0,0.37132903933525085,0.28108641505241394
0.1702825753028309,0.1594933250016728,0.2946364714655762,0.8695652173913118,0.78743961352657,0.6086956521739131,0.0,0.8699408284023669,0.4796249331362629,0.0,0.8313253012048193,0.4999999999999999,0.3333333333333333,1,0.1063829787234042,-0.4935713471335369,0.9237874349051628,1.0,0.5296442687747035,0.5,0.1666666666666666,0.380744482771586,0.5046907439524941,0.0,0.7185650207899777,1.0,0.37132903933525085,0.28108641505241394
0.3331025515539941,0.2119221332470133,0.1433535259435616,0.8695652173913118,0.2850241545893719,0.4347826086956522,0.3043478260869565,0.8699408284023669,0.2398124665681314,0.0,0.1325301204819277,0.0,0.0,0,0.1063829787234042,-0.1496656582044209,0.4154754841205461,0.7751937984496124,0.4703557312252964,0.5416666666666666,0.4791666666666666,0.5239708058702872,0.4344732856640521,0.0,0.0,1.0,0.37132903933525085,0.28108641505241394
0.3659673718385282,0.1517234261883286,0.1448373887931489,0.8695652173913118,0.8550724637681159,0.6521739130434783,0.2608695652173913,0.8699408284023669,0.0,0.0,0.8433734939759037,0.0,0.3333333333333333,-1,0.1063829787234042,0.022287186260137,0.4154754841205461,0.6124031007751938,0.6798418972332015,0.9583333333333331,0.8541666666666666,0.5582023213974847,0.5389007413854705,0.0,0.4056838710822128,1.0,0.37132903933525085,0.28108641505241394
0.1841979099883667,0.1710124381692548,0.2687894063040527,0.8695652173913118,0.6618357487922705,0.782608695652174,0.4347826086956522,0.8706508875739645,0.2398124665681314,0.0,0.8072289156626506,0.4999999999999999,0.3333333333333333,1,0.1276595744680851,-1.0094298805272108,0.4154754841205461,0.9186046511627908,0.4703557312252964,0.0,0.4791666666666666,0.3785470402270758,0.4584244450381636,0.0,0.0,1.0,0.37132903933525085,0.28108641505241394
0.2041861895454232,0.1575577115002546,0.2494920436154687,0.8695652173913118,0.2753623188405797,0.0,0.0869565217391304,0.8706508875739645,0.2398124665681314,0.0,0.746987951807229,0.3154648767857286,0.0,1,0.1276595744680851,0.8820514085829272,0.5849128010487517,0.5426356589147286,0.3122529644268774,0.1666666666666666,0.4583333333333333,0.524458663014076,0.5852898777511479,0.0,0.4056838710822128,1.0,0.3713289797306061,0.28108638525009155
0.1076996351970062,0.1786033044914547,0.4275236223609259,0.8695652173913118,0.8550724637681159,0.8260869565217391,0.1304347826086956,0.8706508875739645,0.2398124665681314,0.0,0.5783132530120483,0.3154648767857286,0.5283208335737187,-1,0.1276595744680851,-0.7515006138303739,0.3307568256564434,0.0542635658914728,0.2450592885375493,0.2916666666666666,0.0833333333333333,0.4775639902569466,0.5221347829538847,0.0,0.4056838710822128,1.0,0.37132903933525085,0.28108641505241394
0.408046262025698,0.2334086517959568,0.1141401994089745,0.8695652173913118,0.3429951690821256,0.5217391304347826,0.6521739130434783,0.8706508875739645,0.4796249331362629,0.0,0.036144578313253,0.3154648767857286,0.3333333333333333,0,0.1276595744680851,-0.4935713471335369,-0.4317111005204815,0.7713178294573644,1.0,0.375,0.5,0.4796345421698442,0.4082596376325118,0.0,0.2559580248098154,1.0,0.37132900953292847,0.28108638525009155
0.350625140944488,0.2173465425309795,0.1343410722864658,0.8695652173913118,0.4541062801932367,0.4782608695652174,0.2608695652173913,0.8706508875739645,0.0,0.0,0.710843373493976,0.4999999999999999,0.0,1,0.1276595744680851,-0.1496656582044209,0.4154754841205461,0.7209302325581395,0.7193675889328063,0.7916666666666666,0.0416666666666666,0.5306413773599852,0.554580320986602,0.0,0.5943161289177871,1.0,0.37132903933525085,0.28108638525009155
0.3688228119425819,0.1823726619438934,0.1358563397052546,0.8695652173913118,0.6183574879227053,0.3043478260869565,0.6956521739130435,0.8706508875739645,0.0,0.244650542118226,0.3012048192771084,0.7324867603589634,0.5283208335737187,1,0.1276595744680851,0.3661928751892531,-0.0928364666640704,0.2093023255813953,0.6126482213438734,0.9375,0.9583333333333331,0.555153434398026,0.5615847003052801,0.0,0.0,1.0,0.37132900953292847,0.28108638525009155
0.5650156974489909,0.354794173452176,0.0653294032202187,0.8695652173913118,0.78743961352657,0.217391304347826,0.7391304347826086,0.8707692307692305,0.0,0.0,0.5301204819277109,0.3154648767857286,0.0,1,0.1276595744680851,0.280216452956974,-0.8553043928409952,0.4496124031007752,0.9367588932806324,0.4375,0.2708333333333333,0.6829727872924332,0.6257756248253987,0.4162896638657991,0.0,1.0,0.37132903933525085,0.28108641505241394
0.3188209438358532,0.1594933250016728,0.1622550935715581,0.8695652173913118,0.4637681159420289,0.3913043478260869,0.6086956521739131,0.8707692307692305,0.0,0.5680609671737329,0.1325301204819277,0.6309297535714573,0.3333333333333333,1,0.1276595744680851,-0.1496656582044209,-0.5164297589845843,0.7751937984496124,0.541501976284585,0.5416666666666666,0.5833333333333333,0.531567278030828,0.4978139359432656,0.0,0.0,1.0,0.37132900953292847,0.2810863256454468
0.0936007255884432,0.2101060285072395,0.4642620552779415,0.8695652173913118,0.8019323671497585,0.3478260869565217,0.0434782608695652,0.8707692307692305,0.0,0.0,0.8674698795180723,0.0,0.0,0,0.1276595744680851,0.5381457196538111,0.83906877644106,0.6782945736434108,0.0039525691699604,0.8541666666666666,0.6875,0.5311051427502114,0.6769752634743285,0.525299070074387,0.0,1.0,0.37132903933525085,0.28108641505241394
0.4774562836964793,0.2491634966915041,0.0946105696869833,0.8695652173913118,0.893719806763285,0.1739130434782608,0.5652173913043479,0.8710059171597635,0.0,0.38776193503849,0.5180722891566265,0.0,0.3333333333333333,-1,0.1276595744680851,0.5381457196538111,-0.6011484174486871,0.7248062015503876,0.5217391304347826,0.3333333333333333,0.3541666666666666,0.464405284847204,0.3633902407736928,0.2626495350371935,0.0,1.0,0.37132903933525085,0.2810864746570587
0.4341831065786241,0.2474277675648399,0.10448635790819,0.8695652173913118,0.893719806763285,0.4347826086956522,0.1739130434782608,0.8714792899408286,0.2398124665681314,0.0,0.9518072289156628,0.3154648767857286,0.5283208335737187,-1,0.1489361702127659,0.280216452956974,-0.0081178081999676,0.7170542635658914,0.7786561264822134,0.0416666666666666,0.5416666666666666,0.5937938966098806,0.4088622534977479,0.0,0.2559580248098154,1.0,0.37132903933525085,0.28108644485473633
0.3786561304603679,0.1671906068761581,0.1373662810412862,0.8695652173913118,0.3429951690821256,0.6086956521739131,0.8260869565217391,0.8714792899408286,0.0,0.38776193503849,0.072289156626506,0.3154648767857286,0.3333333333333333,0,0.1489361702127659,-0.4935713471335369,-0.8553043928409952,0.8992248062015504,0.0553359683794466,0.3541666666666666,0.2916666666666666,0.3677768027091264,0.4632939762609622,0.2626495350371935,0.0,1.0,0.37132903933525085,0.28108644485473633
0.4093312055392423,0.2404480379463791,0.1109462972030086,0.8695652173913118,0.6618357487922705,0.2608695652173913,0.217391304347826,0.8714792899408286,0.0,0.244650542118226,0.5301204819277109,0.3154648767857286,0.3333333333333333,0,0.1489361702127659,0.3661928751892531,0.4154754841205461,0.4496124031007752,0.7272727272727272,0.4375,0.3333333333333333,0.6828998456075694,0.4525070498809691,0.525299070074387,0.0,1.0,0.37132900953292847,0.28108641505241394
0.4054636667124425,0.2730872623782883,0.1077284704130473,0.8695652173913118,0.4009661835748792,0.3478260869565217,0.7391304347826086,0.8714792899408286,0.2398124665681314,0.38776193503849,0.4819277108433735,0.4999999999999999,0.0,1,0.1489361702127659,0.3661928751892531,-0.262273783592276,0.4728682170542636,0.6126482213438734,0.4791666666666666,0.9583333333333331,0.4352590484250185,0.5310222011980594,0.0,0.0,1.0,0.37132903933525085,0.28108644485473633
0.3673976924792801,0.2209430686207103,0.1282259815835157,0.8695652173913118,0.8550724637681159,0.0,0.8260869565217391,0.8715976331360946,0.0,0.0,0.746987951807229,0.4999999999999999,0.0,1,0.0425531914893616,0.9680278308152062,-0.940023051305098,0.5426356589147286,0.924901185770751,0.1666666666666666,0.0,0.6843613943828453,0.5635363448466397,0.2626495350371935,0.2559580248098154,1.0,0.37132903933525085,0.28108644485473633
0.40675709171667,0.1879945483852914,0.1235818512942709,0.8695652173913118,0.8550724637681159,0.217391304347826,0.2608695652173913,0.8715976331360946,0.0,0.0,0.710843373493976,0.4999999999999999,0.0,1,0.0425531914893616,0.022287186260137,0.5001941425846489,0.7209302325581395,0.5533596837944663,0.7916666666666666,0.8541666666666666,0.7558689647011974,0.7418727449991904,0.2626495350371935,0.0,1.0,0.37132903933525085,0.28108644485473633
0.2698224460661285,0.1536727837037277,0.1937853207748719,0.8695652173913118,0.2753623188405797,0.1304347826086956,0.0434782608695652,0.8715976331360946,0.0,0.0,0.4698795180722891,0.3154648767857286,0.3333333333333333,0,0.1489361702127659,0.452169297421532,0.83906877644106,0.2364341085271318,0.0039525691699604,0.0833333333333333,0.6875,0.5924942744697883,0.6683011296628198,0.525299070074387,0.0,1.0,0.37132900953292847,0.28108641505241394
0.213810593499597,0.1259527530077646,0.2506514987534111,0.8695652173913118,0.6183574879227053,0.5652173913043479,0.3043478260869565,0.8715976331360946,0.2398124665681314,0.244650542118226,0.9879518072289156,0.4999999999999999,0.0,1,0.1489361702127659,-0.923453458294932,0.5001941425846489,0.9341085271317828,0.3122529644268774,0.2708333333333333,0.4583333333333333,0.6283441150505029,0.5899588580969641,0.0,0.0,1.0,0.37132903933525085,0.28108641505241394
0.2972273619374852,0.1935783200493599,0.1665013673666011,0.8695652173913118,0.9420289855072465,0.5217391304347826,0.6521739130434783,0.8715976331360946,0.6199062332840658,0.0,0.2409638554216867,0.4999999999999999,0.0,1,0.1489361702127659,-0.665524191598095,-0.5164297589845843,0.5542635658914729,0.7747035573122529,0.5833333333333333,0.375,0.4987226858335931,0.4959595969901058,0.0,0.0,1.0,0.37132903933525085,0.28108641505241394
0.4870414538240111,0.2730872623782883,0.0895862098635575,0.8695652173913118,0.78743961352657,0.0869565217391304,0.6956521739130435,0.8715976331360946,0.0,0.0,0.3012048192771084,0.4999999999999999,0.3333333333333333,1,0.1489361702127659,0.5381457196538111,-0.4317111005204815,0.2093023255813953,1.0,0.9375,0.5,0.5324867038211103,0.4106538017163754,0.2626495350371935,0.0,1.0,0.37132900953292847,0.28108638525009155
0.4141759263043942,0.2680189192095243,0.1112667581412729,0.8695652173913118,0.8019323671497585,0.0,0.782608695652174,0.8717159763313607,0.0,0.244650542118226,0.746987951807229,0.4999999999999999,0.0,1,0.1489361702127659,1.139980675279764,-1.1094603682333035,0.5426356589147286,0.924901185770751,0.1666666666666666,0.0,0.5022289560155613,0.3808408134261318,0.4162896638657991,0.0,1.0,0.37132900953292847,0.28108641505241394
0.3593198152103388,0.1946905459655425,0.1833497176974216,0.8695652173913118,0.217391304347826,0.3913043478260869,0.4782608695652174,0.8717159763313607,0.0,0.244650542118226,0.710843373493976,0.4999999999999999,0.0,1,0.1489361702127659,0.194240030724695,0.3307568256564434,0.7209302325581395,0.6798418972332015,0.7916666666666666,0.8541666666666666,0.5417713147010241,0.5517529820881315,0.4162896638657991,0.0,1.0,0.37132903933525085,0.28108641505241394
0.2074206570427599,0.1239365875804408,0.2609481323355571,0.8695652173913118,0.217391304347826,0.7391304347826086,0.6521739130434783,0.8723076923076922,0.3800937667159342,0.0,0.8072289156626506,0.4999999999999999,0.0,1,0.1702127659574468,-1.267359147224048,-0.7705857343768925,0.9186046511627908,0.9367588932806324,0.0,0.2708333333333333,0.3176356630674923,0.623896032976311,0.0,0.2559580248098154,1.0,0.37132903933525085,0.28108641505241394
0.3056739695007618,0.1748166165990063,0.1665013673666011,0.8695652173913118,0.9227053140096618,0.2608695652173913,0.0,0.8723076923076922,0.3800937667159342,0.0,0.9518072289156628,0.3154648767857286,0.0,1,0.1702127659574468,0.194240030724695,1.262662068761574,0.7170542635658914,0.5296442687747035,0.0416666666666666,0.1666666666666666,0.6178847438453181,0.5205937089462225,0.0,0.5119160496196309,1.0,0.3713289499282837,0.2810862362384796
0.1702825753028309,0.1198893894325332,0.3160433563286666,0.8695652173913118,0.893719806763285,0.3913043478260869,0.0869565217391304,0.8723076923076922,0.0,0.0,0.674698795180723,0.0,0.3333333333333333,-1,0.1702127659574468,0.452169297421532,0.4154754841205461,0.7248062015503876,0.2450592885375493,0.3333333333333333,0.0833333333333333,0.4733224183101276,0.5779620573025273,0.0,0.0,1.0,0.37132900953292847,0.28108638525009155
0.4442859042970619,0.2714012778268453,0.0979277897832237,0.8695652173913118,0.608695652173913,0.3478260869565217,0.6086956521739131,0.8723076923076922,0.0,0.244650542118226,0.4819277108433735,0.0,0.0,0,0.1702127659574468,0.5381457196538111,-0.6858670759127897,0.4728682170542636,0.7747035573122529,0.4791666666666666,0.375,0.4427207557953847,0.5014464025696945,0.2626495350371935,0.0,1.0,0.37132903933525085,0.28108641505241394
0.3793491587940186,0.2386938239375837,0.1204576348485068,0.8695652173913118,0.8550724637681159,0.217391304347826,0.4347826086956522,0.8724260355029587,0.3800937667159342,0.0,0.5301204819277109,0.4999999999999999,0.3333333333333333,1,0.1702127659574468,0.3661928751892531,0.3307568256564434,0.3062015503875969,0.7233201581027667,0.4583333333333333,0.7916666666666666,0.5864055839479192,0.5450541313383781,0.0,0.5119160496196309,1.0,0.37132903933525085,0.28108641505241394
0.2920706109512911,0.105565495076829,0.1951050694866963,0.8695652173913118,0.6956521739130435,0.6956521739130435,0.5652173913043479,0.8724260355029587,0.2398124665681314,0.0,0.8313253012048193,0.0,0.3333333333333333,-1,0.1702127659574468,-0.4935713471335369,-0.5164297589845843,1.0,0.9051383399209486,0.5,0.3541666666666666,0.3814688771842676,0.3633902407736928,0.0,0.0,1.0,0.37132903933525085,0.28108638525009155
0.3039991489152914,0.1575577115002546,0.1720985523201007,0.8695652173913118,0.9758454106280192,0.1304347826086956,0.3043478260869565,0.8724260355029587,0.0,0.0,0.1325301204819277,0.4999999999999999,0.3333333333333333,1,0.1702127659574468,0.108263608492416,0.5849128010487517,0.7751937984496124,0.217391304347826,0.5416666666666666,0.9375,0.531567278030828,0.5179846692923773,0.4162896638657991,0.4056838710822128,1.0,0.37132903933525085,0.28108641505241394
0.6907987213975618,0.5087589632450349,0.0396204926452791,0.8695652173913118,0.4541062801932367,0.0434782608695652,0.8260869565217391,0.8724260355029587,0.0,0.0,0.0,0.6309297535714573,0.3333333333333333,1,0.1702127659574468,0.8820514085829272,-0.8553043928409952,0.003875968992248,0.0553359683794466,0.6875,0.2916666666666666,0.654325392521953,0.4695197840190717,0.0,0.0,1.0,0.37132903933525085,0.28108644485473633
0.2859673687095901,0.0825407813376326,0.2080842400750066,0.8695652173913118,0.7536231884057971,0.4782608695652174,0.5217391304347826,0.8724260355029587,0.3800937667159342,0.0,0.8674698795180723,0.3154648767857286,0.3333333333333333,0,0.1702127659574468,0.194240030724695,-0.5164297589845843,0.6782945736434108,0.541501976284585,0.8541666666666666,0.5833333333333333,0.4938972878242786,0.575596941207482,0.0,0.2559580248098154,1.0,0.37132903933525085,0.28108644485473633
0.1132001805166424,0.21554237277169,0.3839643774022041,0.8695652173913118,0.2753623188405797,0.782608695652174,0.1739130434782608,0.8726627218934913,0.4796249331362629,0.0,0.5301204819277109,0.3154648767857286,0.7739760316291208,-1,0.1702127659574468,-0.4075949249012579,0.3307568256564434,0.6124031007751938,0.450592885375494,0.9583333333333331,0.4375,0.5679996490539141,0.6788626780195501,0.0,0.0,1.0,0.37132903933525085,0.28108644485473633
0.3936266367730807,0.1842508911861042,0.1282259815835157,0.8695652173913118,0.78743961352657,0.1304347826086956,0.4782608695652174,0.8731360946745563,0.0,0.244650542118226,0.4698795180722891,0.3154648767857286,0.3333333333333333,0,0.1914893617021276,0.5381457196538111,0.2460381671923406,0.2364341085271318,0.7233201581027667,0.0833333333333333,0.7916666666666666,0.5812915001044356,0.532447069841459,0.2626495350371935,0.0,1.0,0.37132903933525085,0.28108641505241394
0.4377786127201524,0.1594933250016728,0.1204576348485068,0.8695652173913118,0.2222222222222222,0.6521739130434783,0.5652173913043479,0.8731360946745563,0.2398124665681314,0.0,0.9879518072289156,0.3154648767857286,0.3333333333333333,0,0.1914893617021276,-0.923453458294932,-0.4317111005204815,0.9341085271317828,0.9051383399209486,0.2708333333333333,0.3541666666666666,0.5631922227980504,0.3505795369540494,0.0,0.2559580248098154,1.0,0.37132903933525085,0.28108641505241394
0.2548908336057636,0.0846607391767546,0.2292868706376983,0.8695652173913118,0.2850241545893719,0.8260869565217391,0.5217391304347826,0.8731360946745563,0.2398124665681314,0.0,0.5783132530120483,0.0,0.0,0,0.1914893617021276,-1.0094298805272108,0.1613195087282378,0.0542635658914728,0.6798418972332015,0.2916666666666666,0.8541666666666666,0.4754603081286697,0.5671510491145582,0.0,0.0,1.0,0.37132903933525085,0.28108641505241394
0.202014951745016,0.1419068240886909,0.2575432701156176,0.8695652173913118,0.8550724637681159,0.6086956521739131,0.3478260869565217,0.8731360946745563,0.0,0.244650542118226,0.036144578313253,0.4999999999999999,0.5283208335737187,0,0.1914893617021276,-0.665524191598095,0.3307568256564434,0.7713178294573644,0.7272727272727272,0.375,0.3333333333333333,0.5151265363658297,0.4818501189390212,0.0,0.0,1.0,0.37132903933525085,0.28108641505241394
0.2283273427378551,0.1438795272252668,0.2292868706376983,0.8695652173913118,0.608695652173913,0.7391304347826086,0.2608695652173913,0.8732544378698228,0.0,0.0,0.4698795180722891,0.4999999999999999,0.5283208335737187,0,0.1914893617021276,-1.0954063027594898,0.2460381671923406,0.9186046511627908,0.7193675889328063,0.0,0.0416666666666666,0.3701601411909143,0.6008167016710433,0.2626495350371935,0.2559580248098154,1.0,0.37132903933525085,0.28108641505241394
0.2797675740073554,0.1478108147170451,0.1884654030288818,0.8695652173913118,0.9758454106280192,0.0,0.4347826086956522,0.8732544378698228,0.2398124665681314,0.0,0.746987951807229,0.4999999999999999,0.0,1,0.1914893617021276,1.225957097512043,0.5001941425846489,0.5426356589147286,0.4703557312252964,0.1666666666666666,0.4791666666666666,0.5169436263424958,0.444487989562319,0.0,0.0,1.0,0.37132900953292847,0.28108641505241394
0.432977236640929,0.2914088163317201,0.0962723816929588,0.8695652173913118,0.893719806763285,0.0869565217391304,0.217391304347826,0.8732544378698228,0.0,0.0,0.5301204819277109,0.6309297535714573,0.0,1,0.1914893617021276,0.62412214188609,0.1613195087282378,0.4496124031007752,0.7786561264822134,0.4375,0.5416666666666666,0.673995507840923,0.5290981814419058,0.2626495350371935,0.5119160496196309,1.0,0.37132903933525085,0.28108644485473633
0.1533977981919649,0.1517234261883286,0.3287797790474238,0.8695652173913118,0.6183574879227053,0.6956521739130435,0.1739130434782608,0.8732544378698228,0.3800937667159342,0.0,0.8313253012048193,0.4999999999999999,0.5283208335737187,0,0.1914893617021276,-0.579547769365816,0.4154754841205461,1.0,0.3122529644268774,0.5,0.4583333333333333,0.3977548975216054,0.6003934243628375,0.0,0.2559580248098154,1.0,0.37132903933525085,0.28108641505241394
0.3807315497178286,0.1879945483852914,0.1297629344495855,0.8695652173913118,0.4009661835748792,0.3913043478260869,0.782608695652174,0.8732544378698228,0.0,0.5680609671737329,0.2409638554216867,0.4999999999999999,0.3333333333333333,1,0.1914893617021276,-0.4935713471335369,-0.6858670759127897,0.5542635658914729,0.6126482213438734,0.5833333333333333,0.9583333333333331,0.5547673038427485,0.5347882641865007,0.0,0.0,1.0,0.37132903933525085,0.28108641505241394
0.1761407923116936,0.1497694438583581,0.2893784147819794,0.8695652173913118,0.8019323671497585,0.3043478260869565,0.0434782608695652,0.8732544378698228,0.2398124665681314,0.0,0.3012048192771084,0.0,0.5283208335737187,-1,0.1914893617021276,0.5381457196538111,1.0085060933692656,0.2093023255813953,0.0039525691699604,0.9375,0.6875,0.5169436263424958,0.6624213146928903,0.0,0.2559580248098154,1.0,0.37132900953292847,0.2810863256454468
0.33232263603182,0.1898600150169447,0.1492584693370161,0.8695652173913118,0.8550724637681159,0.782608695652174,0.5652173913043479,0.8744378698224855,0.0,0.244650542118226,0.4698795180722891,0.0,0.3333333333333333,-1,0.0425531914893616,0.3661928751892531,0.3307568256564434,0.7248062015503876,0.4703557312252964,0.3333333333333333,0.4791666666666666,0.6841278017708812,0.6323293398979797,0.0,0.0,1.0,0.37132903933525085,0.28108641505241394
0.3875712943605486,0.195431196344384,0.1266835100238632,0.8695652173913118,0.8550724637681159,0.7391304347826086,0.1304347826086956,0.8744378698224855,0.3800937667159342,0.0,0.3012048192771084,0.4999999999999999,0.3333333333333333,1,0.0425531914893616,0.3661928751892531,0.2460381671923406,0.2093023255813953,0.9683794466403162,0.9375,0.0416666666666666,0.7808034746567898,0.7427791416780478,0.0,0.0,1.0,0.37132903933525085,0.28108644485473633
0.4041659588361488,0.2730872623782883,0.1077284704130473,0.8695652173913118,0.8550724637681159,0.6956521739130435,0.5217391304347826,0.8745562130177515,0.2398124665681314,0.0,0.1325301204819277,0.6309297535714573,0.3333333333333333,1,0.0638297872340425,-0.0636892359721419,-1.1094603682333035,0.7751937984496124,0.924901185770751,0.5416666666666666,0.0,0.757391682137907,0.566362051966492,0.0,0.0,1.0,0.37132903933525085,0.28108644485473633
0.3741914906995498,0.2090144403212468,0.1518894410250226,0.8695652173913118,0.2801932367149758,0.4782608695652174,0.3913043478260869,0.8745562130177515,0.2398124665681314,0.0,0.4698795180722891,0.0,0.3333333333333333,-1,0.2127659574468085,0.280216452956974,0.4154754841205461,0.7248062015503876,0.4703557312252964,0.3333333333333333,0.4791666666666666,0.4789479749202614,0.4225579891146505,0.0,0.2559580248098154,1.0,0.37132900953292847,0.28108638525009155
0.138322577294466,0.1823726619438934,0.3411494316303475,0.8695652173913118,0.9758454106280192,0.5652173913043479,0.0434782608695652,0.8745562130177515,0.0,0.0,0.036144578313253,0.3154648767857286,0.0,1,0.2127659574468085,-0.665524191598095,1.177943410297471,0.7713178294573644,0.0039525691699604,0.375,0.6875,0.5406997736816535,0.6560825359024307,0.0,0.4056838710822128,1.0,0.37132900953292847,0.28108638525009155
0.2031020742744282,0.1259527530077646,0.2632031394445624,0.8695652173913118,0.7971014492753623,0.2608695652173913,0.1739130434782608,0.8745562130177515,0.0,0.0,0.4216867469879518,0.3154648767857286,0.3333333333333333,0,0.2127659574468085,0.452169297421532,0.5001941425846489,0.3062015503875969,0.5177865612648221,0.4583333333333333,0.0833333333333333,0.5508423150915529,0.606739381782391,0.0,0.0,1.0,0.37132903933525085,0.28108641505241394
0.3039991489152914,0.0846607391767546,0.1951050694866963,0.8695652173913118,0.6183574879227053,0.5217391304347826,0.6086956521739131,0.8745562130177515,0.0,0.0,0.8674698795180723,0.0,0.5283208335737187,-1,0.2127659574468085,0.194240030724695,-0.940023051305098,0.6782945736434108,0.9367588932806324,0.8541666666666666,0.2708333333333333,0.5619166181528621,0.5914792661440071,0.0,0.0,1.0,0.37132903933525085,0.28108644485473633
0.3245961883938901,0.2053653286105685,0.190601282470993,0.8695652173913118,0.893719806763285,0.217391304347826,0.4347826086956522,0.8745562130177515,0.0,0.244650542118226,0.3012048192771084,0.4999999999999999,0.3333333333333333,1,0.2127659574468085,0.452169297421532,0.1613195087282378,0.2093023255813953,0.9683794466403162,0.9375,0.0416666666666666,0.5430457416974714,0.5929823964568144,0.2626495350371935,0.0,1.0,0.37132903933525085,0.28108641505241394
0.2303579556773924,0.0972671562017328,0.245994782499065,0.8695652173913118,0.2222222222222222,0.8260869565217391,0.3043478260869565,0.8746745562130176,0.0,0.0,0.5783132530120483,0.0,0.3333333333333333,-1,0.2127659574468085,-1.0094298805272108,-0.4317111005204815,0.0542635658914728,0.541501976284585,0.2916666666666666,0.5833333333333333,0.4718775979909122,0.5322106550745453,0.0,0.2559580248098154,1.0,0.37132903933525085,0.28108638525009155
0.2313693302272074,0.1034987357343872,0.2424688157720542,0.8695652173913118,0.4637681159420289,0.6521739130434783,0.0,0.8746745562130176,0.0,0.0,0.072289156626506,0.0,0.3333333333333333,-1,0.2127659574468085,-0.4075949249012579,1.3473807272256766,0.8992248062015504,0.5296442687747035,0.3541666666666666,0.1666666666666666,0.3843271909566732,0.5035201698030294,0.0,0.2559580248098154,1.0,0.37132900953292847,0.28108638525009155
0.4195868387400012,0.2519330769920898,0.1210842985159061,0.8695652173913118,0.4009661835748792,0.0869565217391304,0.7391304347826086,0.8746745562130176,0.0,0.244650542118226,0.1325301204819277,0.6309297535714573,0.3333333333333333,1,0.2127659574468085,0.108263608492416,-1.278897685161509,0.7751937984496124,0.924901185770751,0.5416666666666666,0.0,0.5138130654455719,0.4027088672259324,0.2626495350371935,0.0,1.0,0.37132903933525085,0.28108644485473633
0.1726363807000494,0.176712136804557,0.2819073070301168,0.8695652173913118,0.217391304347826,0.3478260869565217,0.1304347826086956,0.8746745562130176,0.0,0.0,0.710843373493976,0.7324867603589634,0.0,1,0.2127659574468085,0.280216452956974,0.83906877644106,0.7209302325581395,0.450592885375494,0.7916666666666666,0.4375,0.5127527585282858,0.6811846930369871,0.0,0.4056838710822128,1.0,0.37132900953292847,0.28108638525009155
0.353594150754604,0.1710124381692548,0.1463161436710143,0.8695652173913118,0.5507246376811594,0.782608695652174,0.6956521739130435,0.8746745562130176,0.6199062332840658,0.0,0.8433734939759037,0.0,0.3333333333333333,-1,0.2127659574468085,-0.7515006138303739,-0.6011484174486871,0.6124031007751938,0.067193675889328,0.9583333333333331,0.5,0.5626470498185621,0.4001650590782273,0.0,0.0,1.0,0.37132903933525085,0.28108641505241394
0.3580059131471229,0.1359602050001027,0.1521807790272517,0.8695652173913118,0.9420289855072465,0.3478260869565217,0.6086956521739131,0.8747928994082841,0.3800937667159342,0.0,0.9518072289156628,0.3154648767857286,0.0,1,0.2340425531914893,0.108263608492416,-0.7705857343768925,0.9689922480620154,0.9367588932806324,0.0416666666666666,0.2708333333333333,0.6165621436519138,0.6024963946695909,0.0,0.2559580248098154,1.0,0.37132903933525085,0.28108638525009155
0.466523708113604,0.3061018293792414,0.0878982789381466,0.8695652173913118,0.893719806763285,0.1739130434782608,0.5652173913043479,0.8747928994082841,0.0,0.0,0.5301204819277109,0.4999999999999999,0.3333333333333333,1,0.2340425531914893,0.452169297421532,-0.6011484174486871,0.3062015503875969,0.7747035573122529,0.4583333333333333,0.375,0.5417713147010241,0.5391255061450853,0.0,0.2559580248098154,1.0,0.37132903933525085,0.28108644485473633
0.213810593499597,0.1178583078464172,0.2552582760694727,0.8695652173913118,0.6183574879227053,0.3043478260869565,0.3913043478260869,0.8747928994082841,0.0,0.0,0.4819277108433735,0.4999999999999999,0.3333333333333333,1,0.2340425531914893,0.5381457196538111,0.5001941425846489,0.4728682170542636,0.5177865612648221,0.4791666666666666,0.0833333333333333,0.4462985904113563,0.6125371804618165,0.4162896638657991,0.0,1.0,0.37132903933525085,0.28108641505241394
0.3228405423602803,0.1748166165990063,0.1565273038101227,0.8695652173913118,0.4637681159420289,0.782608695652174,0.217391304347826,0.8749112426035501,0.3800937667159342,0.0,0.8072289156626506,0.3154648767857286,0.5283208335737187,-1,0.2340425531914893,-1.439311991688606,-0.3469924420563787,0.9186046511627908,0.541501976284585,0.0,0.5833333333333333,0.369370485722587,0.4776282498030753,0.0,0.4056838710822128,1.0,0.37132903933525085,0.28108644485473633
0.2779780392972938,0.145847516610311,0.1898015716576803,0.8695652173913118,0.7971014492753623,0.4782608695652174,0.4347826086956522,0.8749112426035501,0.3800937667159342,0.0,0.4698795180722891,0.3154648767857286,0.0,1,0.2340425531914893,0.194240030724695,0.5001941425846489,0.7248062015503876,0.217391304347826,0.3333333333333333,0.9375,0.4863099520197131,0.5393498896243076,0.0,0.4056838710822128,1.0,0.37132903933525085,0.28108644485473633
0.4747515978714407,0.3237111198484104,0.0827943234376688,0.8695652173913118,0.608695652173913,0.0434782608695652,0.8260869565217391,0.8749112426035501,0.0,0.244650542118226,0.1325301204819277,0.8154648767857287,0.3333333333333333,1,0.2340425531914893,0.280216452956974,-1.1094603682333035,0.7751937984496124,0.0553359683794466,0.5416666666666666,0.2916666666666666,0.5306413773599852,0.4968900159175116,0.4162896638657991,0.0,1.0,0.37132903933525085,0.28108644485473633
0.5020074792744051,0.3638948535166566,0.0724008035187239,0.8695652173913118,0.217391304347826,0.1304347826086956,0.0,0.8749112426035501,0.2398124665681314,0.0,0.0,0.0,0.3333333333333333,-1,0.2340425531914893,1.139980675279764,1.4320993856897792,0.003875968992248,0.5296442687747035,0.6875,0.1666666666666666,0.6613862772965649,0.4975066790973095,0.0,0.4056838710822128,1.0,0.3713289797306061,0.28108638525009155
0.5469278455326174,0.3788426896944497,0.0653294032202187,0.8695652173913118,0.2850241545893719,0.2608695652173913,0.6956521739130435,0.8749112426035501,0.0,0.0,0.710843373493976,0.4999999999999999,0.0,1,0.2340425531914893,0.62412214188609,-0.5164297589845843,0.7209302325581395,0.067193675889328,0.7916666666666666,0.5,0.5278238977330134,0.4045851249124761,0.2626495350371935,0.2559580248098154,1.0,0.37132903933525085,0.28108644485473633
0.167914547430223,0.1319718041512219,0.313049770222307,0.8695652173913118,0.9758454106280192,0.5217391304347826,0.0869565217391304,0.8749112426035501,0.2398124665681314,0.244650542118226,0.8674698795180723,0.4999999999999999,0.6666666666666667,-1,0.2340425531914893,0.022287186260137,0.5001941425846489,0.1356589147286821,0.450592885375494,0.8541666666666666,0.4375,0.5619166181528621,0.6620671670745046,0.0,0.0,1.0,0.37132903933525085,0.28108641505241394
0.2946574680039054,0.1239365875804408,0.1871250653804471,0.8695652173913118,0.78743961352657,0.7391304347826086,0.6521739130434783,0.8751479289940827,0.6732387083908185,0.244650542118226,0.5662650602409639,0.3154648767857286,0.0,1,0.2340425531914893,-0.8374770360626529,-0.5164297589845843,0.9728682170542636,0.9051383399209486,0.9583333333333331,0.3541666666666666,0.5421974977502568,0.3650752814674813,0.0,0.0,1.0,0.37132903933525085,0.28108641505241394
0.1954281173587096,0.1710124381692548,0.2541112049798425,0.8695652173913118,0.6956521739130435,0.6086956521739131,0.0434782608695652,0.8756213017751482,0.2398124665681314,0.0,0.036144578313253,0.3154648767857286,0.5283208335737187,-1,0.2553191489361702,-0.665524191598095,0.5849128010487517,0.7713178294573644,0.7786561264822134,0.375,0.5416666666666666,0.5340803882144165,0.5286127716288369,0.0,0.5119160496196309,1.0,0.3713289797306061,0.2810862958431244
0.4365837720978333,0.2881077972202446,0.0962723816929588,0.8695652173913118,0.893719806763285,0.0869565217391304,0.4347826086956522,0.8756213017751482,0.0,0.0,0.5301204819277109,0.4999999999999999,0.0,1,0.2553191489361702,0.62412214188609,0.5849128010487517,0.4496124031007752,0.4703557312252964,0.4375,0.4791666666666666,0.67616361746319,0.4485582794392526,0.2626495350371935,0.5119160496196309,1.0,0.37132903933525085,0.28108641505241394
0.2797675740073554,0.180490139602538,0.1776237457587089,0.8695652173913118,0.217391304347826,0.2608695652173913,0.217391304347826,0.8756213017751482,0.2398124665681314,0.0,0.3012048192771084,0.3154648767857286,0.0,1,0.2553191489361702,0.452169297421532,0.5001941425846489,0.2093023255813953,0.3122529644268774,0.9375,0.4583333333333333,0.517201172647523,0.5171918156420265,0.0,0.2559580248098154,1.0,0.37132903933525085,0.28108641505241394
0.2679868107638353,0.1359602050001027,0.2016436716397868,0.8695652173913118,0.5507246376811594,0.3478260869565217,0.1304347826086956,0.8757396449704142,0.0,0.38776193503849,0.9518072289156628,0.4999999999999999,0.5283208335737187,0,0.2553191489361702,0.194240030724695,1.0085060933692656,0.9689922480620154,0.0039525691699604,0.0416666666666666,0.6875,0.6011971272659993,0.6111113807374624,0.2626495350371935,0.0,1.0,0.37132900953292847,0.28108641505241394
0.5193403857989455,0.2814658002081942,0.0810794394524032,0.8695652173913118,0.9758454106280192,0.3913043478260869,0.782608695652174,0.8757396449704142,0.2398124665681314,0.489301084236452,0.4698795180722891,0.4999999999999999,0.5283208335737187,0,0.2553191489361702,0.452169297421532,-1.5330536605538176,0.5310077519379844,0.924901185770751,0.0833333333333333,0.0,0.5910350212104019,0.3929063135119077,0.0,0.0,1.0,0.37132903933525085,0.28108641505241394
0.353594150754604,0.176712136804557,0.1433535259435616,0.8695652173913118,0.8019323671497585,0.0,0.7391304347826086,0.8757396449704142,0.0,0.0,0.746987951807229,0.4999999999999999,0.0,1,0.2553191489361702,1.5698627864411592,-0.7705857343768925,0.1472868217054263,0.9723320158102766,0.1666666666666666,0.9583333333333331,0.5169436263424958,0.5645825404984028,0.525299070074387,0.2559580248098154,1.0,0.37132900953292847,0.28108641505241394
0.221136179133028,0.0993495926228316,0.2575432701156176,0.8695652173913118,0.4009661835748792,0.6521739130434783,0.1739130434782608,0.8757396449704142,0.2398124665681314,0.0,0.9879518072289156,0.0,0.3333333333333333,-1,0.2553191489361702,-0.8374770360626529,0.7543501179769573,0.9341085271317828,0.7233201581027667,0.2708333333333333,0.7916666666666666,0.5719606288584862,0.5226445100709372,0.0,0.4056838710822128,1.0,0.37132903933525085,0.28108638525009155
0.3666831846778068,0.1259527530077646,0.1521807790272517,0.8695652173913118,0.2850241545893719,0.5217391304347826,0.5652173913043479,0.8757396449704142,0.3800937667159342,0.38776193503849,0.072289156626506,0.6309297535714573,0.0,1,0.2553191489361702,-0.579547769365816,-0.0928364666640704,0.8992248062015504,0.7193675889328063,0.3541666666666666,0.8541666666666666,0.3284480957199875,0.5444083658681029,0.0,0.0,1.0,0.37132900953292847,0.28108638525009155
0.3114801115560915,0.1438795272252668,0.1707060782715994,0.8695652173913118,0.9420289855072465,0.3043478260869565,0.4782608695652174,0.8757396449704142,0.0,0.0,0.2409638554216867,0.0,0.0,0,0.2553191489361702,-0.2356420804366999,0.2460381671923406,0.5542635658914729,0.7272727272727272,0.5833333333333333,0.3333333333333333,0.5753105518483963,0.4845916472434854,0.525299070074387,0.2559580248098154,1.0,0.37132903933525085,0.28108641505241394
0.29893130992847,0.1478108147170451,0.1762490954086448,0.8695652173913118,0.3429951690821256,0.6956521739130435,0.8260869565217391,0.8759763313609468,0.2398124665681314,0.38776193503849,0.8313253012048193,0.3154648767857286,0.5283208335737187,-1,0.2553191489361702,-0.665524191598095,-1.4483350020897148,0.065891472868217,0.8814229249011857,0.5,0.2916666666666666,0.4021483416593574,0.4592485847244434,0.0,0.0,1.0,0.37132903933525085,0.28108638525009155
0.4219541137776783,0.1575577115002546,0.125135479996131,0.8695652173913118,0.8550724637681159,0.4782608695652174,0.6086956521739131,0.8764497041420118,0.0,0.38776193503849,0.4698795180722891,0.0,0.3333333333333333,-1,0.2765957446808511,0.452169297421532,-0.940023051305098,0.5310077519379844,0.9367588932806324,0.0833333333333333,0.2708333333333333,0.5704248602266979,0.5913280093591917,0.0,0.0,1.0,0.37132903933525085,0.28108641505241394
0.2842059840792585,0.1691037393641927,0.1789940112517239,0.8695652173913118,0.78743961352657,0.7391304347826086,0.8260869565217391,0.8764497041420118,0.0,0.0,0.5783132530120483,0.6309297535714573,0.3333333333333333,1,0.2765957446808511,-1.353335569456327,-1.5330536605538176,0.875968992248062,0.924901185770751,0.2916666666666666,0.0,0.474751533758242,0.4064351403956341,0.2626495350371935,0.0,1.0,0.37132903933525085,0.28108644485473633
0.4048153499052845,0.1842508911861042,0.125135479996131,0.8695652173913118,0.9420289855072465,0.5652173913043479,0.6521739130434783,0.8764497041420118,0.0,0.38776193503849,0.072289156626506,0.3154648767857286,0.3333333333333333,0,0.2765957446808511,-0.3216185026689789,-0.7705857343768925,0.8992248062015504,0.7747035573122529,0.3541666666666666,0.375,0.3441259565351047,0.5329186354995663,0.2626495350371935,0.0,1.0,0.37132903933525085,0.28108641505241394
0.1965336397294619,0.1339684188642493,0.2687894063040527,0.8695652173913118,0.893719806763285,0.782608695652174,0.3478260869565217,0.8764497041420118,0.2398124665681314,0.0,0.8433734939759037,0.0,0.3333333333333333,-1,0.2765957446808511,-0.923453458294932,0.2460381671923406,0.9728682170542636,0.7272727272727272,0.9583333333333331,0.3333333333333333,0.5089728620226559,0.4656631260753838,0.0,0.0,1.0,0.37132903933525085,0.28108641505241394
0.3565408369715577,0.1786033044914547,0.1433535259435616,0.8695652173913118,0.6618357487922705,0.1304347826086956,0.3913043478260869,0.8765680473372783,0.2398124665681314,0.0,0.5301204819277109,0.4999999999999999,0.0,1,0.2765957446808511,0.452169297421532,-0.262273783592276,0.3062015503875969,0.541501976284585,0.4583333333333333,0.5833333333333333,0.5595142945432514,0.559097913443868,0.0,0.0,1.0,0.37132903933525085,0.28108641505241394
0.5025134927992577,0.27979689757885,0.0862036894908637,0.8695652173913118,0.2222222222222222,0.2608695652173913,0.4347826086956522,0.8765680473372783,0.2398124665681314,0.0,0.4819277108433735,0.3154648767857286,0.0,1,0.2765957446808511,0.452169297421532,0.1613195087282378,0.4728682170542636,0.9683794466403162,0.4791666666666666,0.0416666666666666,0.4462985904113563,0.5357132611582005,0.0,0.0,1.0,0.37132903933525085,0.28108644485473633
0.3666831846778068,0.2101060285072395,0.1297629344495855,0.8695652173913118,0.4637681159420289,0.0869565217391304,0.0,0.8765680473372783,0.0,0.0,0.1325301204819277,0.0,0.5283208335737187,-1,0.2765957446808511,0.7100985641183691,1.6862553610820876,0.7751937984496124,0.1462450592885375,0.5416666666666666,0.1666666666666666,0.528769782034946,0.5179846692923773,0.6098533345119622,0.5943161289177871,1.0,0.37132900953292847,0.28108641505241394
0.3315411653430685,0.2369358656057587,0.1388709336052376,0.8695652173913118,0.7971014492753623,0.1739130434782608,0.0434782608695652,0.8765680473372783,0.0,0.0,0.0,0.3154648767857286,0.3333333333333333,0,0.2765957446808511,1.0540042530474851,0.7543501179769573,0.003875968992248,0.450592885375494,0.6875,0.4375,0.6664437231690747,0.6640033488461976,0.0,0.4056838710822128,1.0,0.37132900953292847,0.28108641505241394
0.4169536322791899,0.2369358656057587,0.1093403967615045,0.8695652173913118,0.8019323671497585,0.217391304347826,0.3043478260869565,0.8765680473372783,0.0,0.0,0.710843373493976,0.0,0.0,0,0.2765957446808511,0.8820514085829272,0.5001941425846489,0.7209302325581395,0.217391304347826,0.7916666666666666,0.9375,0.5278238977330134,0.4797560276400141,0.525299070074387,0.2559580248098154,1.0,0.37132903933525085,0.28108638525009155
0.3601933090798607,0.1536727837037277,0.1492584693370161,0.8695652173913118,0.2801932367149758,0.5217391304347826,0.6956521739130435,0.8765680473372783,0.4796249331362629,0.38776193503849,0.8674698795180723,0.7324867603589634,0.6666666666666667,1,0.2765957446808511,-0.3216185026689789,-0.7705857343768925,0.7170542635658914,0.067193675889328,0.8541666666666666,0.5,0.5593276694432734,0.3962551997311216,0.0,0.0,1.0,0.37132900953292847,0.28108641505241394
0.4512636688110986,0.2897599605942795,0.0929423040259591,0.8695652173913118,0.78743961352657,0.3043478260869565,0.6521739130434783,0.877396449704142,0.2398124665681314,0.0,0.9518072289156628,0.4999999999999999,0.0,1,0.2978723404255319,0.108263608492416,-0.7705857343768925,0.9689922480620154,0.7747035573122529,0.0416666666666666,0.375,0.6128859291302253,0.5305438136013156,0.0,0.0,1.0,0.3713289797306061,0.2810863256454468
0.3031590469418186,0.1633509581233636,0.1720985523201007,0.8695652173913118,0.217391304347826,0.0,0.2608695652173913,0.877396449704142,0.0,0.0,0.746987951807229,0.4999999999999999,0.0,1,0.2978723404255319,1.9137684753702755,0.83906877644106,0.1472868217054263,0.7233201581027667,0.1666666666666666,0.7916666666666666,0.5132839808471739,0.549280498270184,0.6789391989029927,0.0,1.0,0.3713289797306061,0.2810863256454468
0.4518395798927719,0.2526240192857738,0.0995768431242991,0.8695652173913118,0.6183574879227053,0.3913043478260869,0.782608695652174,0.877396449704142,0.0,0.0,0.4698795180722891,0.0,0.0,0,0.2978723404255319,0.3661928751892531,-1.1941790266974064,0.7248062015503876,0.8814229249011857,0.3333333333333333,0.2916666666666666,0.458909910398767,0.4740040778455363,0.2626495350371935,0.4056838710822128,1.0,0.37132903933525085,0.28108641505241394
0.1965336397294619,0.1575577115002546,0.258681225397805,0.8695652173913118,0.893719806763285,0.1739130434782608,0.0434782608695652,0.877396449704142,0.0,0.0,0.5301204819277109,0.0,0.0,0,0.2978723404255319,0.62412214188609,0.7543501179769573,0.3062015503875969,0.450592885375494,0.4583333333333333,0.4375,0.5801806406715955,0.674658111083718,0.2626495350371935,0.0,1.0,0.37132900953292847,0.28108644485473633
0.4022113043076551,0.1972799135420955,0.1235818512942709,0.8695652173913118,0.9806763285024154,0.3478260869565217,0.5217391304347826,0.877396449704142,0.0,0.0,0.4819277108433735,0.0,0.3333333333333333,-1,0.2978723404255319,0.5381457196538111,-0.3469924420563787,0.4728682170542636,0.9051383399209486,0.4791666666666666,0.3541666666666666,0.4399720011863326,0.3747581821409744,0.2626495350371935,0.0,1.0,0.37132903933525085,0.28108641505241394
0.2106286483837519,0.1198893894325332,0.2575432701156176,0.8695652173913118,0.8550724637681159,0.4347826086956522,0.217391304347826,0.877396449704142,0.2398124665681314,0.0,0.2409638554216867,0.0,0.0,0,0.2978723404255319,-0.4075949249012579,1.0085060933692656,0.5542635658914729,0.0039525691699604,0.5833333333333333,0.6875,0.5798615206938791,0.6600122096385015,0.0,0.0,1.0,0.3713289797306061,0.2810862958431244
0.4812117565729523,0.2119221332470133,0.1012195903186518,0.8695652173913118,0.2753623188405797,0.1304347826086956,0.6086956521739131,0.877396449704142,0.0,0.0,0.3012048192771084,0.7324867603589634,0.3333333333333333,1,0.2978723404255319,0.5381457196538111,-0.262273783592276,0.2093023255813953,0.7193675889328063,0.9375,0.8541666666666666,0.5033772370329872,0.5638394259764712,0.0,0.2559580248098154,1.0,0.37132903933525085,0.28108641505241394
0.1226441897976411,0.1786033044914547,0.3831145692757648,0.8695652173913118,0.8019323671497585,0.7391304347826086,0.4782608695652174,0.8776331360946745,0.4796249331362629,0.244650542118226,0.8313253012048193,0.0,0.0,0,0.2978723404255319,-0.8374770360626529,0.3307568256564434,0.065891472868217,0.5177865612648221,0.5,0.0833333333333333,0.3955667769440179,0.6051130410438372,0.0,0.0,1.0,0.37132900953292847,0.28108638525009155
0.2169669119336663,0.1014267769918961,0.2575432701156176,0.8695652173913118,0.2850241545893719,0.4782608695652174,0.217391304347826,0.8781065088757396,0.0,0.0,0.072289156626506,0.4999999999999999,0.3333333333333333,1,0.3191489361702128,-0.2356420804366999,0.7543501179769573,0.8992248062015504,0.217391304347826,0.3541666666666666,0.9375,0.3661635648391583,0.5667871588224187,0.2626495350371935,0.2559580248098154,1.0,0.37132903933525085,0.28108641505241394
0.2972273619374852,0.1219154745029367,0.1898015716576803,0.8695652173913118,0.2222222222222222,0.6956521739130435,0.5652173913043479,0.8781065088757396,0.2398124665681314,0.0,0.036144578313253,0.0,0.0,0,0.3191489361702128,-0.923453458294932,-0.8553043928409952,0.7713178294573644,0.9367588932806324,0.375,0.2708333333333333,0.5092464882264311,0.5949112725643151,0.0,0.2559580248098154,1.0,0.37132903933525085,0.28108641505241394
0.6093992531668498,0.4551830131097665,0.050827507393166,0.8695652173913118,0.8550724637681159,0.0869565217391304,0.8260869565217391,0.8781065088757396,0.0,0.244650542118226,0.5301204819277109,0.3154648767857286,0.3333333333333333,0,0.3191489361702128,0.7960749863506482,-1.7024909774820232,0.4496124031007752,0.924901185770751,0.4375,0.0,0.6700326586594685,0.441233281007781,0.0,0.0,1.0,0.37132903933525085,0.28108644485473633
0.4958838012396839,0.2946966576871213,0.0827943234376688,0.8695652173913118,0.78743961352657,0.1304347826086956,0.3478260869565217,0.8781065088757396,0.0,0.244650542118226,0.0,0.6309297535714573,0.3333333333333333,1,0.3191489361702128,1.0540042530474851,0.4154754841205461,0.003875968992248,0.4703557312252964,0.6875,0.4791666666666666,0.6542346871854525,0.4241743917107183,0.0,0.0,1.0,0.37132903933525085,0.28108644485473633
0.5015008115625248,0.2747698026279428,0.0862036894908637,0.8695652173913118,0.2898550724637681,0.4347826086956522,0.6521739130434783,0.8782248520710056,0.0,0.0,0.8072289156626506,0.0,0.3333333333333333,-1,0.3191489361702128,0.3661928751892531,-0.8553043928409952,0.7248062015503876,0.067193675889328,0.3333333333333333,0.5,0.4816729912230506,0.3992630413429572,0.0,0.0,1.0,0.37132903933525085,0.28108641505241394
0.2539384457238134,0.1379471858571372,0.2119027351536836,0.8695652173913118,0.6618357487922705,0.0434782608695652,0.5217391304347826,0.8782248520710056,0.2398124665681314,0.0,0.1325301204819277,0.3154648767857286,0.0,1,0.3191489361702128,0.5381457196538111,0.3307568256564434,0.7751937984496124,0.5177865612648221,0.5416666666666666,0.0833333333333333,0.4885685139039268,0.5703817832412257,0.0,0.0,1.0,0.37132903933525085,0.28108644485473633
0.4002468519711746,0.2101060285072395,0.1204576348485068,0.8695652173913118,0.6763285024154589,0.3043478260869565,0.3913043478260869,0.8782248520710056,0.2398124665681314,0.0,0.710843373493976,0.0,0.0,0,0.3191489361702128,0.7100985641183691,-0.4317111005204815,0.7209302325581395,0.2450592885375493,0.7916666666666666,0.5833333333333333,0.5417713147010241,0.5820830772486516,0.0,0.0,1.0,0.37132900953292847,0.28108641505241394
0.2127528130448853,0.0909880673450214,0.2710037301132953,0.8695652173913118,0.7971014492753623,0.6086956521739131,0.0,0.8782248520710056,0.2398124665681314,0.0,0.8674698795180723,0.4999999999999999,0.5283208335737187,0,0.3191489361702128,-0.4935713471335369,2.0251299949384984,0.7170542635658914,0.0909090909090909,0.8541666666666666,0.1666666666666666,0.5608133051490187,0.5169264714786421,0.0,0.7185650207899777,1.0,0.3713289797306061,0.2810863256454468
0.2127528130448853,0.1259527530077646,0.2552582760694727,0.8695652173913118,0.7536231884057971,0.782608695652174,0.1739130434782608,0.8782248520710056,0.3800937667159342,0.0,0.8433734939759037,0.0,0.5283208335737187,-1,0.3191489361702128,-1.0094298805272108,0.2460381671923406,0.751937984496124,0.9683794466403162,0.9583333333333331,0.0416666666666666,0.5363240835056124,0.6168494680722036,0.0,0.2559580248098154,1.0,0.37132903933525085,0.28108641505241394
0.1667251461514276,0.1359602050001027,0.3120472543231528,0.8695652173913118,0.8550724637681159,0.8260869565217391,0.3478260869565217,0.8783431952662721,0.0,0.0,0.5783132530120483,0.4999999999999999,0.0,1,0.0638297872340425,-1.181382724991769,0.5849128010487517,0.875968992248062,0.3122529644268774,0.2916666666666666,0.4583333333333333,0.5881207149539918,0.7416792037540014,0.0,0.0,1.0,0.37132900953292847,0.28108638525009155
0.2877208723979956,0.1383440074334803,0.1979943231456254,0.8695652173913118,0.4637681159420289,0.7391304347826086,0.2608695652173913,0.8784615384615382,0.0,0.244650542118226,0.5783132530120483,0.4999999999999999,0.0,1,0.3191489361702128,-1.0094298805272108,0.4154754841205461,0.875968992248062,0.3122529644268774,0.2916666666666666,0.4583333333333333,0.4736811561218739,0.5669692291027069,0.2626495350371935,0.0,1.0,0.37132900953292847,0.2810863256454468
0.3751724860066415,0.1842508911861042,0.1328204410780215,0.8695652173913118,0.9806763285024154,0.2608695652173913,0.3913043478260869,0.8789349112426037,0.0,0.244650542118226,0.9518072289156628,0.6309297535714573,0.6666666666666667,0,0.3404255319148936,0.452169297421532,0.2460381671923406,0.9689922480620154,0.7272727272727272,0.0416666666666666,0.3333333333333333,0.6199029463314074,0.4959595969901058,0.4162896638657991,0.0,1.0,0.3713289797306061,0.2810862958431244
0.3400528160443569,0.1219154745029367,0.1636751869898455,0.8695652173913118,0.6183574879227053,0.5652173913043479,0.782608695652174,0.8789349112426037,0.0,0.489301084236452,0.9879518072289156,0.6309297535714573,0.3333333333333333,1,0.3404255319148936,-0.8374770360626529,-1.1941790266974064,0.9341085271317828,0.7549407114624506,0.2708333333333333,0.9583333333333331,0.5970579385057475,0.5689556342399265,0.0,0.0,1.0,0.37132903933525085,0.28108641505241394
0.5004855067963411,0.2714012778268453,0.0878982789381466,0.8695652173913118,0.8550724637681159,0.1739130434782608,0.6086956521739131,0.8789349112426037,0.3800937667159342,0.0,0.5301204819277109,0.3154648767857286,0.0,1,0.3404255319148936,0.280216452956974,-0.5164297589845843,0.3062015503875969,0.7193675889328063,0.4583333333333333,0.8541666666666666,0.610882425628348,0.5696706307830623,0.0,0.0,1.0,0.37132903933525085,0.28108641505241394
0.275278321935605,0.1575577115002546,0.1884654030288818,0.8695652173913118,0.2222222222222222,0.4347826086956522,0.217391304347826,0.8789349112426037,0.3800937667159342,0.0,0.4819277108433735,0.0,0.6666666666666667,-1,0.3404255319148936,0.280216452956974,0.6696314595128544,0.4728682170542636,0.7233201581027667,0.4791666666666666,0.7916666666666666,0.4454132179770795,0.5879558348905431,0.0,0.0,1.0,0.37132903933525085,0.28108641505241394
0.403515489939018,0.1652730200593355,0.1297629344495855,0.8695652173913118,0.7198067632850241,0.4782608695652174,0.3478260869565217,0.8789349112426037,0.0,0.0,0.2409638554216867,0.3154648767857286,0.5283208335737187,-1,0.3404255319148936,-0.4075949249012579,-0.1775551251281732,0.2364341085271318,0.9051383399209486,0.5833333333333333,0.3541666666666666,0.5971980316145433,0.3852259861089147,0.0,0.4056838710822128,1.0,0.37132903933525085,0.28108641505241394
0.1446745383932888,0.1748166165990063,0.3335795816948939,0.8695652173913118,0.2753623188405797,0.8260869565217391,0.1304347826086956,0.8790532544378697,0.0,0.0,0.8072289156626506,0.3154648767857286,0.7739760316291208,-1,0.3404255319148936,-1.6972412583854428,1.177943410297471,0.9186046511627908,0.0039525691699604,0.0,0.6875,0.4178397289461582,0.6831646525913573,0.0,0.2559580248098154,1.0,0.37132903933525085,0.28108638525009155
0.2859673687095901,0.155617538245504,0.1817214989402346,0.8695652173913118,0.4637681159420289,0.5217391304347826,0.0434782608695652,0.8790532544378697,0.2398124665681314,0.0,0.8072289156626506,0.3154648767857286,0.5283208335737187,-1,0.3404255319148936,0.280216452956974,0.7543501179769573,0.5310077519379844,0.450592885375494,0.0833333333333333,0.4375,0.6052099729732177,0.6403404686361445,0.0,0.0,1.0,0.37132900953292847,0.28108638525009155
0.4341831065786241,0.2245239575911122,0.1093403967615045,0.8695652173913118,0.608695652173913,0.0,0.7391304347826086,0.8790532544378697,0.0,0.0,0.746987951807229,0.7324867603589634,0.3333333333333333,1,0.3404255319148936,2.085721319834833,-0.8553043928409952,0.0891472868217054,0.8814229249011857,0.1666666666666666,0.2916666666666666,0.5028043501096076,0.4765513863055743,0.0,0.4056838710822128,1.0,0.3713289797306061,0.28108638525009155
0.2106286483837519,0.1497694438583581,0.247163702588542,0.8695652173913118,0.7536231884057971,0.6521739130434783,0.0869565217391304,0.8790532544378697,0.0,0.0,0.8313253012048193,0.3154648767857286,0.3333333333333333,0,0.3404255319148936,-0.7515006138303739,0.5849128010487517,0.065891472868217,0.7786561264822134,0.5,0.5416666666666666,0.3929450097705527,0.5276365751290744,0.2626495350371935,0.2559580248098154,1.0,0.37132903933525085,0.28108638525009155
0.4460420271184804,0.2316393639710299,0.10448635790819,0.8695652173913118,0.7971014492753623,0.3043478260869565,0.6956521739130435,0.8790532544378697,0.2398124665681314,0.0,0.3012048192771084,0.0,0.0,0,0.3404255319148936,0.7100985641183691,-0.940023051305098,0.2093023255813953,0.7747035573122529,0.9375,0.375,0.5430457416974714,0.5117810809346133,0.0,0.0,1.0,0.3713289797306061,0.2810863256454468
0.2273080770903636,0.1076270810487989,0.245994782499065,0.8695652173913118,0.6183574879227053,0.6086956521739131,0.5217391304347826,0.8797633136094674,0.0,0.489301084236452,0.8313253012048193,0.3154648767857286,0.0,1,0.3617021276595745,-0.7515006138303739,-0.0081178081999676,0.065891472868217,0.4703557312252964,0.5,0.4791666666666666,0.4116712196645684,0.4164562213868374,0.0,0.0,1.0,0.37132900953292847,0.28108638525009155
0.29893130992847,0.0888843544112887,0.1977324652479581,0.8695652173913118,0.9420289855072465,0.4782608695652174,0.5652173913043479,0.8797633136094674,0.2398124665681314,0.0,0.2409638554216867,0.4999999999999999,0.5283208335737187,0,0.3617021276595745,-0.4935713471335369,-0.6858670759127897,0.2364341085271318,0.9367588932806324,0.5833333333333333,0.2708333333333333,0.5234811317503798,0.575596941207482,0.0,0.2559580248098154,1.0,0.37132900953292847,0.2810863256454468
0.2868451012613717,0.1096835194848968,0.1964207760828139,0.8695652173913118,0.2222222222222222,0.6956521739130435,0.2608695652173913,0.8797633136094674,0.2398124665681314,0.0,0.8674698795180723,0.3154648767857286,0.3333333333333333,0,0.3617021276595745,-0.579547769365816,0.4154754841205461,0.7170542635658914,0.9683794466403162,0.8541666666666666,0.0416666666666666,0.5622823412304359,0.5101137392958583,0.0,0.0,1.0,0.37132903933525085,0.28108641505241394
0.160723383825396,0.1536727837037277,0.3150478104188497,0.8695652173913118,0.9806763285024154,0.782608695652174,0.217391304347826,0.8798816568047338,0.2398124665681314,0.0,0.5783132530120483,0.0,0.3333333333333333,-1,0.3617021276595745,-1.0954063027594898,0.9237874349051628,0.875968992248062,0.7233201581027667,0.2916666666666666,0.7916666666666666,0.4751063985545383,0.5303039694264631,0.0,0.2559580248098154,1.0,0.37132900953292847,0.28108638525009155
0.2670657588227318,0.1399293845654892,0.2003438888998383,0.8695652173913118,0.8019323671497585,0.4347826086956522,0.0,0.8798816568047338,0.0,0.0,0.4698795180722891,0.0,0.0,0,0.3617021276595745,0.280216452956974,2.279285970330807,0.7248062015503876,0.0909090909090909,0.3333333333333333,0.1666666666666666,0.4907889317988612,0.5216230839676301,0.0,0.2559580248098154,1.0,0.3713289797306061,0.2810863256454468
0.3268193320732422,0.2191467687466677,0.1448373887931489,0.8695652173913118,0.7198067632850241,0.6521739130434783,0.8260869565217391,0.8798816568047338,0.0,0.244650542118226,0.036144578313253,0.6309297535714573,0.3333333333333333,1,0.3617021276595745,-0.923453458294932,-1.9566469528743315,0.7713178294573644,0.924901185770751,0.375,0.0,0.5135487892855795,0.3856566124163838,0.0,0.0,1.0,0.37132903933525085,0.28108644485473633
0.2859673687095901,0.1497694438583581,0.1844317783900017,0.8695652173913118,0.7971014492753623,0.0869565217391304,0.1739130434782608,0.8798816568047338,0.0,0.0,0.5301204819277109,0.4999999999999999,0.3333333333333333,1,0.3617021276595745,0.3661928751892531,1.4320993856897792,0.3062015503875969,0.0039525691699604,0.4583333333333333,0.6875,0.5617333744137427,0.6287741188100318,0.2626495350371935,0.4056838710822128,1.0,0.37132900953292847,0.2810863256454468
0.3572740596747743,0.1594933250016728,0.1477898256233795,0.8695652173913118,0.8550724637681159,0.3478260869565217,0.3913043478260869,0.8798816568047338,0.0,0.38776193503849,0.3012048192771084,0.0,0.5283208335737187,-1,0.3617021276595745,0.7100985641183691,0.1613195087282378,0.2093023255813953,0.5177865612648221,0.9375,0.0833333333333333,0.5697364954931898,0.5817580794398005,0.0,0.0,1.0,0.37132900953292847,0.2810863256454468
0.2242342776426714,0.1299703373928096,0.2401019895763482,0.8695652173913118,0.6618357487922705,0.7391304347826086,0.1304347826086956,0.8798816568047338,0.5568273036287807,0.0,0.8433734939759037,0.3154648767857286,0.0,1,0.3617021276595745,-1.353335569456327,0.5849128010487517,0.751937984496124,0.7786561264822134,0.9583333333333331,0.5416666666666666,0.5633734459307249,0.5642115050880623,0.0,0.0,1.0,0.3713289797306061,0.2810862958431244
0.2009248052269266,0.1198893894325332,0.2687894063040527,0.8695652173913118,0.217391304347826,0.3043478260869565,0.0434782608695652,0.8799999999999999,0.0,0.0,0.072289156626506,0.6309297535714573,0.0,1,0.3617021276595745,-0.0636892359721419,0.83906877644106,0.8992248062015504,0.450592885375494,0.3541666666666666,0.4375,0.382905801371971,0.6671117595425782,0.525299070074387,0.2559580248098154,1.0,0.37132900953292847,0.28108638525009155
0.3244369088060228,0.1823726619438934,0.1550833432309885,0.8695652173913118,0.6618357487922705,0.8260869565217391,0.6086956521739131,0.8807100591715975,0.3800937667159342,0.0,0.8072289156626506,0.0,0.3333333333333333,-1,0.3829787234042553,-2.127123369546838,-0.6858670759127897,0.2790697674418604,0.067193675889328,0.0,0.5,0.364530286259827,0.3912682252374728,0.0,0.2559580248098154,1.0,0.37132900953292847,0.2810862958431244
0.4725743288239392,0.2526240192857738,0.0946105696869833,0.8695652173913118,0.893719806763285,0.3913043478260869,0.6521739130434783,0.8807100591715975,0.0,0.0,0.4698795180722891,0.3154648767857286,0.0,1,0.3829787234042553,0.3661928751892531,-0.7705857343768925,0.5310077519379844,0.7747035573122529,0.0833333333333333,0.375,0.5825496663250884,0.5166605939600111,0.2626495350371935,0.2559580248098154,1.0,0.37132903933525085,0.28108641505241394
0.2770801983076891,0.1076270810487989,0.2042314979466188,0.8695652173913118,0.4637681159420289,0.0,0.5652173913043479,0.8807100591715975,0.0,0.0,0.746987951807229,0.6309297535714573,0.3333333333333333,1,0.3829787234042553,2.34365058653167,-0.5164297589845843,0.0891472868217054,0.2450592885375493,0.1666666666666666,0.5833333333333333,0.521005025636083,0.5994004778013775,0.0,0.0,1.0,0.3713289797306061,0.28108638525009155
0.4219541137776783,0.2064617607659762,0.1141401994089745,0.8695652173913118,0.7971014492753623,0.5217391304347826,0.782608695652174,0.8807100591715975,0.0,0.38776193503849,0.9879518072289156,0.6309297535714573,0.3333333333333333,1,0.3829787234042553,-0.665524191598095,-1.1941790266974064,0.9341085271317828,0.8814229249011857,0.2708333333333333,0.2916666666666666,0.5633734459307249,0.4476645328985695,0.0,0.0,1.0,0.37132903933525085,0.28108641505241394
0.3723631017858153,0.2280893448291361,0.125135479996131,0.8695652173913118,0.78743961352657,0.1304347826086956,0.3478260869565217,0.8807100591715975,0.2398124665681314,0.244650542118226,0.5301204819277109,0.3154648767857286,0.3333333333333333,0,0.3829787234042553,0.62412214188609,0.5001941425846489,0.4496124031007752,0.217391304347826,0.4375,0.9375,0.6622428104956299,0.5064274080622693,0.0,0.0,1.0,0.37132903933525085,0.28108641505241394
0.5159345891397072,0.2646226126821671,0.0845023887807356,0.8695652173913118,0.2850241545893719,0.4347826086956522,0.6956521739130435,0.8807100591715975,0.5568273036287807,0.0,0.4819277108433735,0.7324867603589634,0.0,1,0.3829787234042553,-0.0636892359721419,-0.6011484174486871,0.4728682170542636,0.1897233201581027,0.4791666666666666,0.8541666666666666,0.4278568705897583,0.448112161023334,0.0,0.0,1.0,0.37132903933525085,0.28108641505241394
0.2642895435258434,0.1671906068761581,0.1924615050343957,0.8695652173913118,0.8550724637681159,0.0434782608695652,0.2608695652173913,0.8807100591715975,0.2398124665681314,0.0,0.1325301204819277,0.4999999999999999,0.3333333333333333,1,0.3829787234042553,0.5381457196538111,0.4154754841205461,0.7751937984496124,0.3122529644268774,0.5416666666666666,0.4583333333333333,0.5693909568879156,0.5907212466263296,0.0,0.4056838710822128,1.0,0.3713289797306061,0.2810862958431244
0.4586852984152476,0.2747698026279428,0.0929423040259591,0.8695652173913118,0.8550724637681159,0.5652173913043479,0.1739130434782608,0.880828402366864,0.2398124665681314,0.0,0.0,0.3154648767857286,0.0,1,0.0638297872340425,1.3979099419766012,0.2460381671923406,0.003875968992248,0.7272727272727272,0.6875,0.3333333333333333,0.8213211586888829,0.677470975992027,0.0,0.0,1.0,0.37132900953292847,0.28108644485473633
0.538899666060197,0.3550991551871059,0.0831364802600756,0.8695652173913118,0.9420289855072465,0.0869565217391304,0.4782608695652174,0.8809467455621305,0.0,0.244650542118226,0.0,0.3154648767857286,0.0,1,0.3829787234042553,1.4838863642088802,0.1613195087282378,0.003875968992248,0.7272727272727272,0.6875,0.3333333333333333,0.666112545710279,0.5123322234780037,0.2626495350371935,0.0,1.0,0.37132900953292847,0.28108641505241394
0.458119367023687,0.2491634966915041,0.0979277897832237,0.8695652173913118,0.217391304347826,0.1739130434782608,0.7391304347826086,0.8809467455621305,0.0,0.0,0.710843373493976,0.3154648767857286,0.3333333333333333,0,0.3829787234042553,1.0540042530474851,-1.278897685161509,0.7209302325581395,0.7549407114624506,0.7916666666666666,0.9583333333333331,0.5472067648134644,0.5428892052562033,0.4162896638657991,0.2559580248098154,1.0,0.37132903933525085,0.28108644485473633
0.3834817885170238,0.1691037393641927,0.1343410722864658,0.8695652173913118,0.2657004830917874,0.217391304347826,0.3043478260869565,0.8810650887573965,0.0,0.0,0.9518072289156628,0.4999999999999999,0.0,1,0.3829787234042553,0.452169297421532,0.1613195087282378,0.9689922480620154,0.9051383399209486,0.0416666666666666,0.3541666666666666,0.6329044812160085,0.3752242093481677,0.0,0.5943161289177871,1.0,0.37132900953292847,0.28108641505241394
0.1619311118090769,0.1198893894325332,0.3287797790474238,0.8695652173913118,0.2222222222222222,0.3478260869565217,0.0434782608695652,0.8814201183431951,0.2398124665681314,0.0,0.072289156626506,0.0,0.5283208335737187,-1,0.4042553191489362,0.022287186260137,1.516818044153882,0.8992248062015504,0.0039525691699604,0.3541666666666666,0.6875,0.382905801371971,0.6468637776848822,0.0,0.4056838710822128,1.0,0.3713289797306061,0.2810863256454468
0.523196824498921,0.3315925499999663,0.0741506139536872,0.8695652173913118,0.4637681159420289,0.1304347826086956,0.8260869565217391,0.8814201183431951,0.2398124665681314,0.489301084236452,0.5301204819277109,0.6309297535714573,0.3333333333333333,1,0.4042553191489362,0.3661928751892531,-2.21080292826664,0.3062015503875969,0.2845849802371541,0.4583333333333333,0.0,0.5685231163543722,0.3569620103013537,0.0,0.0,1.0,0.37132900953292847,0.28108638525009155
0.2661425371459582,0.1219154745029367,0.206803828194657,0.8695652173913118,0.9806763285024154,0.5652173913043479,0.3043478260869565,0.8814201183431951,0.2398124665681314,0.0,0.2409638554216867,0.0,0.3333333333333333,-1,0.4042553191489362,-0.665524191598095,0.2460381671923406,0.2364341085271318,0.4703557312252964,0.5833333333333333,0.4791666666666666,0.5234811317503798,0.4520740740849971,0.0,0.2559580248098154,1.0,0.37132903933525085,0.28108641505241394
0.3377497295698374,0.1823726619438934,0.1492584693370161,0.8695652173913118,0.7971014492753623,0.3913043478260869,0.0,0.8814201183431951,0.0,0.0,0.3012048192771084,0.0,0.0,0,0.4042553191489362,0.5381457196538111,2.4487232872590123,0.2093023255813953,0.0909090909090909,0.9375,0.1666666666666666,0.5417713147010241,0.5271457618569251,0.0,0.2559580248098154,1.0,0.3713289797306061,0.2810863256454468
0.1292532405281928,0.1935783200493599,0.3549930957949165,0.8695652173913118,0.8019323671497585,0.782608695652174,0.0869565217391304,0.8815384615384616,0.4796249331362629,0.0,0.5783132530120483,0.4999999999999999,0.6666666666666667,-1,0.4042553191489362,-1.353335569456327,0.5849128010487517,0.875968992248062,0.450592885375494,0.2916666666666666,0.4375,0.4568902498339773,0.6650476231391942,0.0,0.0,1.0,0.3713289797306061,0.2810862958431244
0.3956244699213488,0.1879945483852914,0.1266835100238632,0.8695652173913118,0.78743961352657,0.4782608695652174,0.5217391304347826,0.8815384615384616,0.3800937667159342,0.0,0.4698795180722891,0.3154648767857286,0.3333333333333333,0,0.4042553191489362,0.108263608492416,-0.5164297589845843,0.7248062015503876,0.9367588932806324,0.3333333333333333,0.2708333333333333,0.5019403119030201,0.5444083658681029,0.0,0.2559580248098154,1.0,0.37132900953292847,0.28108641505241394
0.2423255243575443,0.1594933250016728,0.2119027351536836,0.8695652173913118,0.2657004830917874,0.6521739130434783,0.2608695652173913,0.8815384615384616,0.2398124665681314,0.0,0.036144578313253,0.7324867603589634,0.0,1,0.4042553191489362,-0.8374770360626529,1.0085060933692656,0.7713178294573644,0.7233201581027667,0.375,0.7916666666666666,0.5130186379819044,0.5471841939790099,0.0,0.0,1.0,0.37132900953292847,0.2810863256454468
0.2283273427378551,0.1339684188642493,0.2329222480557755,0.8695652173913118,0.7536231884057971,0.6956521739130435,0.1739130434782608,0.8815384615384616,0.2398124665681314,0.0,0.8674698795180723,0.4999999999999999,0.3333333333333333,1,0.4042553191489362,-0.923453458294932,0.5849128010487517,0.1821705426356589,0.7786561264822134,0.8541666666666666,0.5416666666666666,0.5672984347884489,0.5796259036543965,0.0,0.2559580248098154,1.0,0.3713289797306061,0.2810862362384796
0.2283273427378551,0.1096835194848968,0.245994782499065,0.8695652173913118,0.2753623188405797,0.7391304347826086,0.4347826086956522,0.8815384615384616,0.0,0.0,0.5301204819277109,0.3154648767857286,0.0,1,0.4042553191489362,-1.267359147224048,0.4154754841205461,0.751937984496124,0.5177865612648221,0.9583333333333331,0.0833333333333333,0.5343064886191731,0.5867079573056058,0.0,0.4056838710822128,1.0,0.37132903933525085,0.28108638525009155
0.2063454645424366,0.1117348360266863,0.2665636092632477,0.8695652173913118,0.6956521739130435,0.6086956521739131,0.217391304347826,0.8817751479289941,0.0,0.0,0.8313253012048193,0.3154648767857286,0.3333333333333333,0,0.4042553191489362,-0.579547769365816,0.5849128010487517,0.065891472868217,0.9683794466403162,0.5,0.0416666666666666,0.3493932730634794,0.6446574875734277,0.4162896638657991,0.2559580248098154,1.0,0.37132903933525085,0.28108638525009155
0.526540357202776,0.3378438374367092,0.0741506139536872,0.8695652173913118,0.4009661835748792,0.1304347826086956,0.5652173913043479,0.8822485207100592,0.0,0.38776193503849,0.5301204819277109,0.0,0.0,0,0.425531914893617,0.7100985641183691,-0.7705857343768925,0.4496124031007752,0.2450592885375493,0.4375,0.5833333333333333,0.6656142101235119,0.4899099116142451,0.2626495350371935,0.0,1.0,0.37132900953292847,0.28108641505241394
0.3196281684684151,0.180490139602538,0.1594007450778243,0.8695652173913118,0.8550724637681159,0.217391304347826,0.0869565217391304,0.8823668639053253,0.2398124665681314,0.0,0.1325301204819277,0.6309297535714573,0.0,1,0.0851063829787234,0.5381457196538111,0.076600850264135,0.7751937984496124,0.7272727272727272,0.5416666666666666,0.3333333333333333,0.7347663937750648,0.671200839186995,0.0,0.0,1.0,0.37132903933525085,0.28108641505241394
0.2159176277176983,0.1536727837037277,0.2401019895763482,0.8695652173913118,0.8550724637681159,0.8260869565217391,0.4347826086956522,0.8823668639053253,0.5568273036287807,0.0,0.8072289156626506,0.4999999999999999,0.3333333333333333,1,0.425531914893617,-2.385052636243675,0.5001941425846489,0.2790697674418604,0.217391304347826,0.0,0.9375,0.364530286259827,0.5236581090803984,0.0,0.0,1.0,0.37132900953292847,0.28108638525009155
0.384166343137456,0.21554237277169,0.125135479996131,0.8695652173913118,0.8019323671497585,0.2608695652173913,0.1739130434782608,0.8823668639053253,0.0,0.0,0.9518072289156628,0.4999999999999999,0.5283208335737187,0,0.425531914893617,0.62412214188609,0.5001941425846489,0.9689922480620154,0.3122529644268774,0.0416666666666666,0.4583333333333333,0.6013328808878,0.5283693970882668,0.0,0.2559580248098154,1.0,0.37132900953292847,0.28108638525009155
0.5055359300460547,0.2351741469323915,0.0929423040259591,0.8695652173913118,0.78743961352657,0.3478260869565217,0.6956521739130435,0.8823668639053253,0.2398124665681314,0.0,0.0602409638554216,0.4999999999999999,0.0,1,0.425531914893617,0.3661928751892531,-0.8553043928409952,0.5310077519379844,0.1897233201581027,0.0833333333333333,0.8541666666666666,0.5916206674745055,0.572841132369174,0.0,0.2559580248098154,1.0,0.37132903933525085,0.28108641505241394
0.3461290217974436,0.2046335620890687,0.1418645197115972,0.8695652173913118,0.4637681159420289,0.0,0.6521739130434783,0.8823668639053253,0.0,0.0,0.746987951807229,0.6309297535714573,0.0,1,0.425531914893617,2.515603430996228,-0.5164297589845843,0.0891472868217054,0.7747035573122529,0.1666666666666666,0.375,0.5311051427502114,0.5161272302501552,0.0,0.2559580248098154,1.0,0.3713289797306061,0.28108638525009155
0.3483835289959233,0.1339684188642493,0.1594007450778243,0.8695652173913118,0.7536231884057971,0.4782608695652174,0.6086956521739131,0.8823668639053253,0.0,0.0,0.9879518072289156,0.3154648767857286,0.3333333333333333,0,0.425531914893617,-0.4935713471335369,-0.6011484174486871,0.9341085271317828,0.067193675889328,0.2708333333333333,0.5,0.5510413724473247,0.3912682252374728,0.0,0.0,1.0,0.37132900953292847,0.28108638525009155
0.5090328964523364,0.3093316498547911,0.0810794394524032,0.8695652173913118,0.7198067632850241,0.3043478260869565,0.782608695652174,0.8823668639053253,0.0,0.5680609671737329,0.4819277108433735,0.6309297535714573,0.3333333333333333,1,0.425531914893617,0.3661928751892531,-1.4483350020897148,0.4728682170542636,0.8814229249011857,0.4791666666666666,0.2916666666666666,0.4237317543427568,0.479050564615203,0.4162896638657991,0.0,1.0,0.37132903933525085,0.28108644485473633
0.604362311398788,0.4136480024103155,0.0563232480356034,0.8695652173913118,0.9758454106280192,0.0434782608695652,0.7391304347826086,0.8823668639053253,0.0,0.0,0.0,0.3154648767857286,0.0,1,0.425531914893617,1.7418156309057171,-1.1941790266974064,0.003875968992248,0.7549407114624506,0.6875,0.9583333333333331,0.6856435698773595,0.5223898920457617,0.525299070074387,0.2559580248098154,1.0,0.37132900953292847,0.28108644485473633
0.4365837720978333,0.2101060285072395,0.1125462166234288,0.8695652173913118,0.2850241545893719,0.217391304347826,0.3913043478260869,0.8823668639053253,0.2398124665681314,0.38776193503849,0.710843373493976,0.4999999999999999,0.0,1,0.425531914893617,0.7100985641183691,-0.1775551251281732,0.7209302325581395,0.9051383399209486,0.7916666666666666,0.3541666666666666,0.5259114661911359,0.3793461769054018,0.0,0.0,1.0,0.3713289797306061,0.2810863256454468
0.3391332049367098,0.1774691250616775,0.1737635849000354,0.8695652173913118,0.6956521739130435,0.0869565217391304,0.5217391304347826,0.8824852071005918,0.0,0.244650542118226,0.1325301204819277,0.6309297535714573,0.0,1,0.425531914893617,0.7960749863506482,-0.1775551251281732,0.7751937984496124,0.7272727272727272,0.5416666666666666,0.3333333333333333,0.5639156213878544,0.5078574113623715,0.2626495350371935,0.0,1.0,0.37132903933525085,0.28108644485473633
0.2698224460661285,0.1198893894325332,0.2080842400750066,0.8695652173913118,0.4637681159420289,0.2608695652173913,0.3478260869565217,0.8830769230769233,0.0,0.0,0.9518072289156628,0.3154648767857286,0.3333333333333333,0,0.4468085106382979,0.62412214188609,0.5001941425846489,0.9689922480620154,0.5177865612648221,0.0416666666666666,0.0833333333333333,0.5910350212104019,0.5969575416918016,0.0,0.2559580248098154,1.0,0.37132903933525085,0.28108641505241394
0.2293439643729159,0.0867752542426514,0.2575432701156176,0.8695652173913118,0.2753623188405797,0.6086956521739131,0.5652173913043479,0.8830769230769233,0.0,0.0,0.8313253012048193,0.0,0.0,0,0.4468085106382979,-0.579547769365816,-0.7705857343768925,0.065891472868217,0.2450592885375493,0.5,0.5833333333333333,0.3889116485864097,0.5777945157466882,0.0,0.0,1.0,0.37132903933525085,0.28108638525009155
0.2946574680039054,0.1399293845654892,0.1817214989402346,0.8695652173913118,0.6183574879227053,0.782608695652174,0.6956521739130435,0.8831952662721894,0.0,0.244650542118226,0.8072289156626506,0.4999999999999999,0.0,1,0.4468085106382979,-2.299076214011396,-1.0247417097692009,0.2790697674418604,0.1897233201581027,0.0,0.8541666666666666,0.3310177641748282,0.5682367518279914,0.2626495350371935,0.0,1.0,0.37132903933525085,0.28108641505241394
0.2423255243575443,0.1438795272252668,0.2194393822859192,0.8695652173913118,0.8019323671497585,0.0,0.1304347826086956,0.8831952662721894,0.0,0.0,0.746987951807229,0.3154648767857286,0.5283208335737187,-1,0.4468085106382979,2.773532697693065,0.6696314595128544,0.0891472868217054,0.450592885375494,0.1666666666666666,0.4375,0.5356549861145976,0.6662556137896967,0.2626495350371935,0.0,1.0,0.3713289797306061,0.2810863256454468
0.1172755110406733,0.1359602050001027,0.4321017601978062,0.8695652173913118,0.217391304347826,0.4782608695652174,0.0434782608695652,0.8831952662721894,0.0,0.0,0.9879518072289156,0.0,0.0,0,0.4468085106382979,-0.4935713471335369,1.7709740195461905,0.9341085271317828,0.0039525691699604,0.2708333333333333,0.6875,0.5889644686763906,0.6808774360839724,0.0,0.5943161289177871,1.0,0.37132900953292847,0.2810863256454468
0.2558409126663418,0.1239365875804408,0.2144296710743796,0.8695652173913118,0.9420289855072465,0.5217391304347826,0.217391304347826,0.8831952662721894,0.3800937667159342,0.0,0.4698795180722891,0.0,0.0,0,0.4468085106382979,-0.4075949249012579,0.83906877644106,0.3178294573643411,0.7233201581027667,0.3333333333333333,0.7916666666666666,0.4917291789681626,0.5822452771975095,0.0,0.2559580248098154,1.0,0.37132900953292847,0.28108638525009155
0.3090022903165929,0.1594933250016728,0.1679075154889786,0.8695652173913118,0.7971014492753623,0.6521739130434783,0.7391304347826086,0.8831952662721894,0.2398124665681314,0.244650542118226,0.036144578313253,0.3154648767857286,0.3333333333333333,0,0.4468085106382979,-0.7515006138303739,-1.278897685161509,0.7713178294573644,0.7549407114624506,0.375,0.9583333333333331,0.5097920381528642,0.5322106550745453,0.0,0.0,1.0,0.37132900953292847,0.2810863256454468
0.3483835289959233,0.1898600150169447,0.1433535259435616,0.8695652173913118,0.2222222222222222,0.1739130434782608,0.3043478260869565,0.8831952662721894,0.0,0.0,0.4216867469879518,0.3154648767857286,0.0,1,0.4468085106382979,0.5381457196538111,0.5001941425846489,0.3062015503875969,0.4703557312252964,0.4583333333333333,0.4791666666666666,0.5619166181528621,0.4164562213868374,0.0,0.5119160496196309,1.0,0.3713289201259613,0.2810862064361572
0.4383746697484402,0.2334086517959568,0.1077284704130473,0.8695652173913118,0.9806763285024154,0.0869565217391304,0.4347826086956522,0.8831952662721894,0.0,0.489301084236452,0.1325301204819277,0.4999999999999999,0.0,1,0.4468085106382979,1.0540042530474851,-0.3469924420563787,0.7751937984496124,0.9051383399209486,0.5416666666666666,0.3541666666666666,0.5644555702460685,0.3596058137940969,0.4162896638657991,0.0,1.0,0.3713289797306061,0.2810863256454468
0.4806774587116639,0.2508955754913384,0.0946105696869833,0.8695652173913118,0.8550724637681159,0.3478260869565217,0.7391304347826086,0.8844970414201185,0.2398124665681314,0.0,0.4819277108433735,0.4999999999999999,0.3333333333333333,1,0.0851063829787234,0.452169297421532,-0.5164297589845843,0.4728682170542636,0.9367588932806324,0.4791666666666666,0.2708333333333333,0.5974961918562458,0.7802255696601479,0.0,0.0,1.0,0.37132903933525085,0.28108641505241394
0.2716495235970124,0.1117348360266863,0.2106336711056923,0.8695652173913118,0.8550724637681159,0.3913043478260869,0.217391304347826,0.8844970414201185,0.3800937667159342,0.0,0.8674698795180723,0.0,0.6666666666666667,-1,0.1063829787234042,-1.181382724991769,-0.4317111005204815,0.5658914728682171,0.7272727272727272,0.8541666666666666,0.3333333333333333,0.7080188866912145,0.6811014888913116,0.0,0.0,1.0,0.37132903933525085,0.28108641505241394
0.3848497041136549,0.2209430686207103,0.125135479996131,0.8695652173913118,0.78743961352657,0.1304347826086956,0.2608695652173913,0.8844970414201185,0.0,0.0,0.3855421686746988,0.0,0.6666666666666667,-1,0.4680851063829787,0.7960749863506482,0.5849128010487517,0.4496124031007752,0.9683794466403162,0.4375,0.0416666666666666,0.6797991684394378,0.4924909497907801,0.2626495350371935,0.0,1.0,0.37132900953292847,0.28108638525009155
0.2491414773826789,0.1096835194848968,0.228068209202461,0.8695652173913118,0.7536231884057971,0.5217391304347826,0.3913043478260869,0.8844970414201185,0.0,0.244650542118226,0.2409638554216867,0.4999999999999999,0.3333333333333333,1,0.4680851063829787,-0.7515006138303739,0.4154754841205461,0.2364341085271318,0.217391304347826,0.5833333333333333,0.9375,0.5568771244013218,0.5604427590882577,0.0,0.0,1.0,0.37132903933525085,0.28108641505241394
0.2323781014934494,0.1438795272252668,0.2292868706376983,0.8695652173913118,0.9420289855072465,0.8260869565217391,0.6086956521739131,0.8846153846153846,0.6199062332840658,0.0,0.5783132530120483,0.4999999999999999,0.7739760316291208,-1,0.4680851063829787,-1.6112648361531638,-0.7705857343768925,0.875968992248062,0.826086956521739,0.2916666666666666,0.375,0.4045945010724809,0.513972005050384,0.0,0.0,1.0,0.37132903933525085,0.28108641505241394
0.2429144161596386,0.1399293845654892,0.2370054902905238,0.8695652173913118,0.8550724637681159,0.3043478260869565,0.5652173913043479,0.8846153846153846,0.0,0.244650542118226,0.4819277108433735,0.4999999999999999,0.3333333333333333,1,0.4680851063829787,0.5381457196538111,-0.6011484174486871,0.4728682170542636,0.9367588932806324,0.4791666666666666,0.2708333333333333,0.4105179027704986,0.565873029146909,0.2626495350371935,0.0,1.0,0.37132903933525085,0.28108641505241394
0.3868926666229219,0.2577876924119062,0.1173105301661802,0.8695652173913118,0.2222222222222222,0.1739130434782608,0.0869565217391304,0.8846153846153846,0.0,0.0,0.710843373493976,0.4999999999999999,0.0,1,0.4680851063829787,0.8820514085829272,1.177943410297471,0.7209302325581395,0.7786561264822134,0.7916666666666666,0.5416666666666666,0.5533286787266263,0.5766157450132756,0.0,0.5119160496196309,1.0,0.3713289797306061,0.28108638525009155
0.3944269925731369,0.1928360007870597,0.1409686322798566,0.8695652173913118,0.2753623188405797,0.7391304347826086,0.4782608695652174,0.8846153846153846,0.4796249331362629,0.0,0.8674698795180723,0.0,0.6666666666666667,-1,0.4680851063829787,-1.439311991688606,-0.1775551251281732,0.1821705426356589,0.9881422924901184,0.8541666666666666,0.3333333333333333,0.5699089248473443,0.4990358754697679,0.0,0.2559580248098154,1.0,0.37132903933525085,0.28108641505241394
0.3630909741884424,0.176712136804557,0.1418645197115972,0.8695652173913118,0.2801932367149758,0.4347826086956522,0.782608695652174,0.8847337278106506,0.5568273036287807,0.0,0.072289156626506,0.4999999999999999,0.5283208335737187,0,0.4680851063829787,-0.4935713471335369,-2.126084269802537,0.8992248062015504,0.2845849802371541,0.3541666666666666,0.0,0.382905801371971,0.3361856134162473,0.0,0.4056838710822128,1.0,0.37132903933525085,0.28108641505241394
0.6960801538023231,0.5036828105612747,0.0396204926452791,0.8695652173913118,0.893719806763285,0.0434782608695652,0.6521739130434783,0.8847337278106506,0.0,0.0,0.0,0.3154648767857286,0.0,1,0.4680851063829787,1.827792053137996,-0.6011484174486871,0.003875968992248,0.067193675889328,0.6875,0.5,0.6506474637526913,0.3438734145946123,0.0,0.0,1.0,0.3713289797306061,0.28108641505241394
0.1667251461514276,0.1259527530077646,0.3219686622404488,0.8695652173913118,0.8019323671497585,0.6956521739130435,0.217391304347826,0.8847337278106506,0.0,0.0,0.746987951807229,0.7324867603589634,0.5283208335737187,1,0.4680851063829787,-1.267359147224048,0.5849128010487517,0.751937984496124,0.3122529644268774,0.9583333333333331,0.4583333333333333,0.5372109492888264,0.6153434854016464,0.0,0.2559580248098154,1.0,0.37132900953292847,0.2810863256454468
0.2859673687095901,0.1359602050001027,0.1911335971212903,0.8695652173913118,0.7971014492753623,0.3478260869565217,0.0,0.8848520710059171,0.0,0.244650542118226,0.0602409638554216,0.3154648767857286,0.0,1,0.4680851063829787,0.5381457196538111,2.618160604187218,0.5310077519379844,0.0909090909090909,0.0833333333333333,0.1666666666666666,0.5874652806176168,0.5216230839676301,0.0,0.0,1.0,0.3713289797306061,0.2810863256454468
0.2442850655426948,0.1259527530077646,0.22315869441857,0.8695652173913118,0.9758454106280192,0.5652173913043479,0.0869565217391304,0.8850887573964497,0.3800937667159342,0.244650542118226,0.9879518072289156,0.7324867603589634,0.7739760316291208,0,0.2978723404255319,-0.665524191598095,1.0085060933692656,0.9341085271317828,0.7786561264822134,0.2708333333333333,0.5416666666666666,0.5953650734452121,0.5664222646939963,0.0,0.0,1.0,0.3713289797306061,0.2810863256454468
0.4268915954068545,0.2316393639710299,0.1093403967615045,0.8695652173913118,0.7971014492753623,0.6956521739130435,0.7391304347826086,0.8850887573964497,0.0,0.5680609671737329,0.036144578313253,0.3154648767857286,0.5283208335737187,-1,0.4893617021276595,-0.579547769365816,-1.7024909774820232,0.8217054263565892,0.5533596837944663,0.375,0.8541666666666666,0.5320277946211984,0.58159528059882,0.2626495350371935,0.0,1.0,0.3713289797306061,0.2810863256454468
0.1965336397294619,0.1279639949492921,0.274303960438416,0.8695652173913118,0.8550724637681159,0.6521739130434783,0.8260869565217391,0.8852071005917161,0.2398124665681314,0.244650542118226,0.8313253012048193,0.0,0.0,0,0.1063829787234042,-0.665524191598095,0.5001941425846489,0.065891472868217,0.450592885375494,0.5,0.4375,0.4940939492973588,0.8318295549667696,0.0,0.0,1.0,0.37132900953292847,0.2810863256454468
0.1784597778977288,0.1842508911861042,0.274303960438416,0.8695652173913118,0.6956521739130435,0.782608695652174,0.1304347826086956,0.8852071005917161,0.0,0.0,0.8072289156626506,0.0,0.5283208335737187,-1,0.4893617021276595,-2.127123369546838,1.0085060933692656,0.2790697674418604,0.7233201581027667,0.0,0.7916666666666666,0.3524912856553257,0.5277834646779793,0.0,0.2559580248098154,1.0,0.3713289499282837,0.28108617663383484
0.4395640710272355,0.2298662671273945,0.1077284704130473,0.8695652173913118,0.8550724637681159,0.3043478260869565,0.5652173913043479,0.8853254437869822,0.0,0.0,0.0963855421686747,0.4999999999999999,0.3333333333333333,1,0.1063829787234042,0.8820514085829272,-0.6858670759127897,0.9689922480620154,0.2450592885375493,0.0416666666666666,0.5833333333333333,0.7028446760390665,0.7415460463385057,0.2626495350371935,0.2559580248098154,1.0,0.37132900953292847,0.28108638525009155
0.4736644753420285,0.2612122427336378,0.0946105696869833,0.8695652173913118,0.8550724637681159,0.6956521739130435,0.4347826086956522,0.8853254437869822,0.0,0.686820903599663,0.8433734939759037,0.8154648767857287,0.3333333333333333,1,0.1063829787234042,-1.0954063027594898,-1.7872096359461258,0.751937984496124,0.8814229249011857,0.9583333333333331,0.2916666666666666,0.6231726999498723,0.587170944712706,0.2626495350371935,0.0,1.0,0.37132903933525085,0.28108641505241394
0.3666831846778068,0.1935783200493599,0.1358563397052546,0.8695652173913118,0.7198067632850241,0.1739130434782608,0.5217391304347826,0.8853254437869822,0.2398124665681314,0.0,0.5301204819277109,0.3154648767857286,0.0,1,0.4893617021276595,0.452169297421532,0.076600850264135,0.3062015503875969,0.9881422924901184,0.4583333333333333,0.3333333333333333,0.5631922227980504,0.5061395428418296,0.0,0.4056838710822128,1.0,0.37132903933525085,0.28108641505241394
0.169100349909937,0.1671906068761581,0.3307061404271921,0.8695652173913118,0.8019323671497585,0.6521739130434783,0.2608695652173913,0.8853254437869822,0.0,0.0,0.8313253012048193,0.0,0.0,0,0.4893617021276595,-0.665524191598095,0.5001941425846489,0.065891472868217,0.450592885375494,0.5,0.4375,0.408180467317172,0.6671117595425782,0.0,0.0,1.0,0.37132900953292847,0.2810863256454468
0.2558409126663418,0.1419068240886909,0.2093608468624356,0.8695652173913118,0.9806763285024154,0.3913043478260869,0.3043478260869565,0.8853254437869822,0.3800937667159342,0.0,0.3012048192771084,0.3154648767857286,0.5283208335737187,-1,0.4893617021276595,0.3661928751892531,0.5849128010487517,0.2093023255813953,0.4703557312252964,0.9375,0.4791666666666666,0.5306413773599852,0.4130054006585888,0.0,0.4056838710822128,1.0,0.37132903933525085,0.28108641505241394
0.4101001542893024,0.1932072440503962,0.1242039772072369,0.8695652173913118,0.9420289855072465,0.217391304347826,0.5652173913043479,0.8854437869822487,0.0,0.244650542118226,0.9518072289156628,0.4999999999999999,0.3333333333333333,1,0.4893617021276595,0.9680278308152062,-0.7705857343768925,0.9689922480620154,0.2450592885375493,0.0416666666666666,0.5833333333333333,0.6103767428015099,0.4866111369565618,0.4162896638657991,0.0,1.0,0.37132903933525085,0.28108644485473633
0.1784597778977288,0.1594933250016728,0.2861924085748343,0.8695652173913118,0.2801932367149758,0.0869565217391304,0.0434782608695652,0.8854437869822487,0.0,0.0,0.1325301204819277,0.3154648767857286,0.0,1,0.4893617021276595,1.0540042530474851,1.8556926780102927,0.7751937984496124,0.0039525691699604,0.5416666666666666,0.6875,0.5619166181528621,0.6981550978962983,0.0,0.2559580248098154,1.0,0.37132900953292847,0.28108638525009155
0.32091627947372,0.1462405508176112,0.1732092908001349,0.8695652173913118,0.4637681159420289,0.6086956521739131,0.8260869565217391,0.8854437869822487,0.0,0.733951626354678,0.8433734939759037,0.8154648767857287,0.3333333333333333,1,0.4893617021276595,-0.7515006138303739,-2.126084269802537,0.751937984496124,0.8814229249011857,0.9583333333333331,0.2916666666666666,0.5292401845086319,0.4512038473466073,0.4162896638657991,0.0,1.0,0.37132903933525085,0.28108641505241394
0.2169669119336663,0.1014267769918961,0.2643262194772454,0.8695652173913118,0.7536231884057971,0.4347826086956522,0.0,0.8855621301775147,0.0,0.38776193503849,0.9879518072289156,0.3154648767857286,0.0,1,0.4893617021276595,-0.665524191598095,2.533441945723115,0.9341085271317828,0.0909090909090909,0.2708333333333333,0.1666666666666666,0.6098691075268599,0.5450541313383781,0.0,0.0,1.0,0.3713289797306061,0.2810862958431244
0.5134836279270919,0.2119221332470133,0.0946105696869833,0.8695652173913118,0.8550724637681159,0.3478260869565217,0.4782608695652174,0.8856804733727812,0.0,0.0,0.0602409638554216,0.3154648767857286,0.0,1,0.4893617021276595,0.62412214188609,-0.5164297589845843,0.5310077519379844,0.9051383399209486,0.0833333333333333,0.3541666666666666,0.5919125152502771,0.3724030946973349,0.2626495350371935,0.0,1.0,0.37132900953292847,0.2810863256454468
0.1965336397294619,0.1575577115002546,0.258681225397805,0.8695652173913118,0.7971014492753623,0.8260869565217391,0.6956521739130435,0.8859171597633133,0.2398124665681314,0.0,0.8072289156626506,0.0,0.3333333333333333,-1,0.2978723404255319,-2.299076214011396,-0.4317111005204815,0.2790697674418604,0.7549407114624506,0.0,0.9583333333333331,0.3709450822757762,0.532447069841459,0.0,0.5119160496196309,1.0,0.3713289797306061,0.2810862362384796
0.5279646134785545,0.3502058431128128,0.0724008035187239,0.8695652173913118,0.8550724637681159,0.6086956521739131,0.5652173913043479,0.8860355029585798,0.4796249331362629,0.7755238700769802,0.3012048192771084,0.4999999999999999,0.3333333333333333,1,0.1276595744680851,0.280216452956974,-2.464958903658948,0.2093023255813953,0.8814229249011857,0.9375,0.2916666666666666,0.7539780265908236,0.5803101282443424,0.0,0.0,1.0,0.37132900953292847,0.28108638525009155
0.326344004640137,0.1625808756308244,0.1636751869898455,0.8695652173913118,0.893719806763285,0.3913043478260869,0.8260869565217391,0.8861538461538463,0.0,0.812711509291959,0.3012048192771084,0.4999999999999999,0.3333333333333333,1,0.4468085106382979,0.3661928751892531,-2.5496775621230507,0.2093023255813953,0.8814229249011857,0.9375,0.2916666666666666,0.5306413773599852,0.4334787398155171,0.2626495350371935,0.0,1.0,0.3713289797306061,0.2810862958431244
0.2885946908660286,0.1219154745029367,0.1951050694866963,0.8695652173913118,0.7536231884057971,0.4347826086956522,0.217391304347826,0.8863905325443788,0.2398124665681314,0.0,0.072289156626506,0.6309297535714573,0.0,1,0.5106382978723404,-0.579547769365816,0.5001941425846489,0.8992248062015504,0.3122529644268774,0.3541666666666666,0.4583333333333333,0.3612015709523399,0.5117810809346133,0.0,0.2559580248098154,1.0,0.37132903933525085,0.28108641505241394
0.4731197811326604,0.3237111198484104,0.0862036894908637,0.8695652173913118,0.893719806763285,0.1739130434782608,0.7391304347826086,0.8863905325443788,0.0,0.244650542118226,0.5301204819277109,0.3154648767857286,0.0,1,0.5106382978723404,0.5381457196538111,-0.6858670759127897,0.6589147286821705,0.826086956521739,0.4375,0.375,0.6656142101235119,0.513972005050384,0.0,0.0,1.0,0.37132900953292847,0.28108641505241394
0.223204296969532,0.1517234261883286,0.234127235852388,0.8695652173913118,0.8019323671497585,0.3478260869565217,0.0869565217391304,0.8863905325443788,0.0,0.0,0.4819277108433735,0.3154648767857286,0.3333333333333333,0,0.5106382978723404,0.7100985641183691,1.0932247518333684,0.4728682170542636,0.7786561264822134,0.4791666666666666,0.5416666666666666,0.4427207557953847,0.547395325758764,0.525299070074387,0.2559580248098154,1.0,0.3713289797306061,0.2810863256454468
0.5377920607429708,0.2612122427336378,0.0845023887807356,0.8695652173913118,0.4637681159420289,0.3913043478260869,0.5217391304347826,0.8863905325443788,0.0,0.0,0.3012048192771084,0.4999999999999999,0.3333333333333333,1,0.5106382978723404,0.452169297421532,-0.6011484174486871,0.2093023255813953,0.541501976284585,0.9375,0.2708333333333333,0.5731428353475112,0.5014464025696945,0.4162896638657991,0.2559580248098154,1.0,0.37132903933525085,0.28108641505241394
0.1533977981919649,0.1497694438583581,0.3326239019507424,0.8695652173913118,0.2801932367149758,0.8260869565217391,0.3043478260869565,0.8865088757396449,0.8296148293891938,0.0,0.5783132530120483,0.4999999999999999,0.0,1,0.5106382978723404,-2.642981902940512,1.0085060933692656,0.875968992248062,0.9683794466403162,0.2916666666666666,0.0416666666666666,0.4608990151847447,0.5379978434837014,0.0,0.5119160496196309,1.0,0.37132900953292847,0.28108638525009155
0.4015575803519854,0.2543488432999805,0.1125462166234288,0.8695652173913118,0.6183574879227053,0.4782608695652174,0.782608695652174,0.8865088757396449,0.2398124665681314,0.38776193503849,0.4698795180722891,0.3154648767857286,0.3333333333333333,0,0.5106382978723404,0.022287186260137,-2.380240245194845,0.9844961240310076,0.2845849802371541,0.3333333333333333,0.0,0.5036627471149606,0.378592477296847,0.0,0.0,1.0,0.37132903933525085,0.28108641505241394
0.163135129409082,0.1096835194848968,0.34021046323941,0.8695652173913118,0.7971014492753623,0.5652173913043479,0.2608695652173913,0.8865088757396449,0.3800937667159342,0.0,0.2409638554216867,0.0,0.5283208335737187,-1,0.5106382978723404,-0.8374770360626529,0.6696314595128544,0.2364341085271318,0.5177865612648221,0.5833333333333333,0.0833333333333333,0.3785470402270758,0.5873333676569403,0.0,0.4056838710822128,1.0,0.37132900953292847,0.2810863256454468
0.384166343137456,0.2508955754913384,0.1188869644777832,0.8695652173913118,0.9420289855072465,0.0434782608695652,0.1304347826086956,0.8865088757396449,0.0,0.244650542118226,0.710843373493976,0.4999999999999999,0.3333333333333333,1,0.5106382978723404,1.225957097512043,1.7709740195461905,0.7209302325581395,0.0039525691699604,0.7916666666666666,0.6875,0.5563050682702224,0.613820158982741,0.4162896638657991,0.0,1.0,0.3713289797306061,0.2810863256454468
0.2393677184645963,0.1259527530077646,0.2292868706376983,0.8695652173913118,0.217391304347826,0.6086956521739131,0.6956521739130435,0.8865088757396449,0.0,0.0,0.8674698795180723,0.7324867603589634,0.3333333333333333,1,0.5106382978723404,-1.6112648361531638,-0.3469924420563787,0.5658914728682171,0.7549407114624506,0.8541666666666666,0.9583333333333331,0.578092379595817,0.5513440975793253,0.2626495350371935,0.5943161289177871,1.0,0.37132900953292847,0.2810862958431244
0.459250413755492,0.2334086517959568,0.1028560794132888,0.8695652173913118,0.2753623188405797,0.0,0.6521739130434783,0.8867455621301774,0.4796249331362629,0.0,0.746987951807229,0.3154648767857286,0.3333333333333333,0,0.5106382978723404,2.515603430996228,-0.6858670759127897,0.0891472868217054,0.067193675889328,0.1666666666666666,0.5,0.527348391425799,0.3912682252374728,0.0,0.0,1.0,0.3713289797306061,0.28108638525009155
0.2548908336057636,0.1319718041512219,0.2144296710743796,0.8695652173913118,0.8019323671497585,0.7391304347826086,0.6521739130434783,0.8872189349112425,0.0,0.38776193503849,0.8313253012048193,0.7324867603589634,0.9357849740192014,-1,0.5319148936170213,-0.665524191598095,-0.7705857343768925,0.065891472868217,0.826086956521739,0.5,0.375,0.4000327128085468,0.4947087695924463,0.0,0.0,1.0,0.37132900953292847,0.2810863256454468
0.2333842828434502,0.1259527530077646,0.234127235852388,0.8695652173913118,0.2753623188405797,0.6956521739130435,0.3913043478260869,0.8872189349112425,0.2398124665681314,0.0,0.8433734939759037,0.0,0.0,0,0.5319148936170213,-0.579547769365816,0.5001941425846489,0.751937984496124,0.217391304347826,0.9583333333333331,0.9375,0.5345322008686708,0.5710891327279104,0.0,0.5119160496196309,1.0,0.3713289797306061,0.2810862958431244
0.223204296969532,0.1419068240886909,0.2365271184506421,0.8695652173913118,0.9806763285024154,0.3043478260869565,0.0434782608695652,0.887337278106509,0.2398124665681314,0.0,0.9518072289156628,0.3154648767857286,0.3333333333333333,0,0.5319148936170213,0.8820514085829272,1.262662068761574,0.9689922480620154,0.7233201581027667,0.0416666666666666,0.7916666666666666,0.5451427136804889,0.5615847003052801,0.0,0.5119160496196309,1.0,0.3713289797306061,0.28108638525009155
0.610936146981778,0.3949779071204222,0.0563232480356034,0.8695652173913118,0.6956521739130435,0.3478260869565217,0.782608695652174,0.887337278106509,0.0,0.0,0.0602409638554216,0.3154648767857286,0.5283208335737187,-1,0.5319148936170213,0.8820514085829272,-2.464958903658948,0.5310077519379844,0.8814229249011857,0.0833333333333333,0.2916666666666666,0.5874652806176168,0.425241123036344,0.525299070074387,0.2559580248098154,1.0,0.3713289797306061,0.2810862958431244
0.163135129409082,0.1259527530077646,0.3268447403348642,0.8695652173913118,0.217391304347826,0.5652173913043479,0.1739130434782608,0.887337278106509,0.2398124665681314,0.0,0.9879518072289156,0.3154648767857286,0.3333333333333333,0,0.5319148936170213,-0.665524191598095,0.5849128010487517,0.5542635658914729,0.6640316205533596,0.2708333333333333,0.4375,0.589855844080289,0.6696474421233611,0.0,0.2559580248098154,1.0,0.37132903933525085,0.28108641505241394
0.3315411653430685,0.1748166165990063,0.1550833432309885,0.8695652173913118,0.6183574879227053,0.2608695652173913,0.0,0.887337278106509,0.2398124665681314,0.0,0.5301204819277109,0.0,0.5283208335737187,-1,0.5319148936170213,0.280216452956974,2.4487232872590123,0.3062015503875969,0.5375494071146245,0.4583333333333333,0.1666666666666666,0.5947959064536394,0.5216230839676301,0.0,0.0,1.0,0.3713289797306061,0.2810863256454468
0.4720281163026952,0.3268727481676641,0.0845023887807356,0.8695652173913118,0.2801932367149758,0.217391304347826,0.8260869565217391,0.887337278106509,0.0,0.0,0.4819277108433735,0.6309297535714573,0.5283208335737187,1,0.5319148936170213,0.7100985641183691,-2.380240245194845,0.4728682170542636,0.2845849802371541,0.4791666666666666,0.0,0.4139479394865768,0.3859429197381325,0.0,0.0,1.0,0.3713289797306061,0.2810863256454468
0.2734681227793893,0.1438795272252668,0.1951050694866963,0.8695652173913118,0.7536231884057971,0.4782608695652174,0.0869565217391304,0.887337278106509,0.4796249331362629,0.0,0.2409638554216867,0.6309297535714573,0.5283208335737187,1,0.5319148936170213,-1.0094298805272108,1.0932247518333684,0.2364341085271318,0.7786561264822134,0.5833333333333333,0.5416666666666666,0.6040189267350173,0.5632793374749119,0.0,0.0,1.0,0.3713289797306061,0.2810863256454468
0.5527539064749013,0.3393992735284252,0.0688796537401247,0.8695652173913118,0.4637681159420289,0.1304347826086956,0.6086956521739131,0.887337278106509,0.3800937667159342,0.0,0.0120481927710843,0.3154648767857286,0.5283208335737187,-1,0.5319148936170213,1.7418156309057171,-1.363616343625612,0.003875968992248,0.5533596837944663,0.6875,0.8541666666666666,0.6979146092152646,0.5879558348905431,0.0,0.4056838710822128,1.0,0.3713289797306061,0.28108638525009155
0.2824366473468936,0.0930864204947734,0.2093608468624356,0.8695652173913118,0.8550724637681159,0.4347826086956522,0.5217391304347826,0.8881656804733726,0.0,0.0,0.072289156626506,0.0,0.0,0,0.5319148936170213,-0.3216185026689789,-0.0081178081999676,0.8992248062015504,0.9881422924901184,0.3541666666666666,0.3333333333333333,0.3388387445560754,0.5026353904828766,0.2626495350371935,0.0,1.0,0.3713289797306061,0.2810862958431244
0.3114801115560915,0.1633509581233636,0.1679075154889786,0.8695652173913118,0.8550724637681159,0.0869565217391304,0.0,0.8885207100591717,0.2398124665681314,0.0,0.1325301204819277,0.3154648767857286,0.5283208335737187,-1,0.1276595744680851,1.0540042530474851,0.83906877644106,0.7751937984496124,0.9683794466403162,0.5416666666666666,0.0416666666666666,0.7350272318497038,0.7135458201196927,0.0,0.0,1.0,0.3713289797306061,0.2810863256454468
0.163135129409082,0.1419068240886909,0.3180275532411961,0.8695652173913118,0.8550724637681159,0.3043478260869565,0.0434782608695652,0.8886390532544381,0.0,0.0,0.4698795180722891,0.0,0.5283208335737187,-1,0.1276595744680851,0.022287186260137,0.5849128010487517,0.7248062015503876,0.450592885375494,0.3333333333333333,0.4375,0.6473652414493467,0.8387368811561677,0.0,0.0,1.0,0.37132900953292847,0.2810863256454468
0.4137956182487827,0.186124846865483,0.1235818512942709,0.8695652173913118,0.8550724637681159,0.1739130434782608,0.7391304347826086,0.8886390532544381,0.4796249331362629,0.244650542118226,0.0,0.0,0.5283208335737187,-1,0.1276595744680851,1.655839208673438,0.7543501179769573,0.003875968992248,0.5177865612648221,0.6875,0.0833333333333333,0.8206527326409312,0.7837671810333193,0.0,0.0,1.0,0.3713289797306061,0.2810863256454468
0.1954281173587096,0.1517234261883286,0.2654463710058682,0.8695652173913118,0.217391304347826,0.8260869565217391,0.0,0.8886390532544381,0.2398124665681314,0.0,0.8072289156626506,0.3154648767857286,0.5283208335737187,-1,0.553191489361702,-2.471029058475954,2.618160604187218,0.2790697674418604,0.5375494071146245,0.0,0.1666666666666666,0.3669726580778392,0.5347882641865007,0.0,0.2559580248098154,1.0,0.3713289797306061,0.2810862958431244
0.2614935215314646,0.0909880673450214,0.2256204654412338,0.8695652173913118,0.3429951690821256,0.782608695652174,0.3913043478260869,0.8886390532544381,0.0,0.0,0.5783132530120483,0.0,0.6666666666666667,-1,0.553191489361702,-2.385052636243675,-0.3469924420563787,0.875968992248062,0.9051383399209486,0.2916666666666666,0.3541666666666666,0.458909910398767,0.3929063135119077,0.4162896638657991,0.0,1.0,0.3713289797306061,0.2810862958431244
0.3155753151776929,0.1633509581233636,0.1665013673666011,0.8695652173913118,0.6956521739130435,0.5652173913043479,0.4782608695652174,0.8886390532544381,0.0,0.0,0.036144578313253,0.3154648767857286,0.0,1,0.553191489361702,-0.579547769365816,-0.940023051305098,0.8217054263565892,0.2450592885375493,0.375,0.5833333333333333,0.5053629088425802,0.5757672877089257,0.2626495350371935,0.2559580248098154,1.0,0.37132900953292847,0.2810863256454468
0.163135129409082,0.1279639949492921,0.3278133492408898,0.8695652173913118,0.8550724637681159,0.7391304347826086,0.4347826086956522,0.8886390532544381,0.2398124665681314,0.0,0.9036144578313252,0.4999999999999999,0.0,1,0.553191489361702,-0.8374770360626529,0.5001941425846489,0.065891472868217,0.217391304347826,0.5,0.9375,0.3493932730634794,0.5714413940251373,0.0,0.0,1.0,0.3713289797306061,0.2810862362384796
0.3141059667433397,0.1614244001319842,0.1743171647032176,0.8695652173913118,0.6618357487922705,0.1304347826086956,0.217391304347826,0.8886390532544381,0.3800937667159342,0.0,0.1325301204819277,0.3154648767857286,0.5283208335737187,-1,0.553191489361702,0.9680278308152062,0.9237874349051628,0.7751937984496124,0.9683794466403162,0.5416666666666666,0.0416666666666666,0.5013611156347739,0.5471841939790099,0.0,0.2559580248098154,1.0,0.3713289499282837,0.2810862362384796
0.2725598780610629,0.1399293845654892,0.1977324652479581,0.8695652173913118,0.6183574879227053,0.6521739130434783,0.3043478260869565,0.8886390532544381,0.0,0.0,0.8433734939759037,0.3154648767857286,0.0,1,0.553191489361702,-0.579547769365816,0.7543501179769573,0.751937984496124,0.4703557312252964,0.9583333333333331,0.4791666666666666,0.5380918728801201,0.4494460276398475,0.0,0.2559580248098154,1.0,0.37132903933525085,0.28108638525009155
0.1949850337382478,0.1359602050001027,0.2946364714655762,0.8695652173913118,0.78743961352657,0.6086956521739131,0.0869565217391304,0.8887573964497042,0.2398124665681314,0.0,0.4698795180722891,0.0,0.5283208335737187,-1,0.553191489361702,-0.1496656582044209,0.7543501179769573,0.9844961240310076,0.901185770750988,0.3333333333333333,0.4375,0.4866349888556573,0.6636534172752773,0.0,0.2559580248098154,1.0,0.37132903933525085,0.28108638525009155
0.4501093014947412,0.2595017474858638,0.0995768431242991,0.8695652173913118,0.7536231884057971,0.3478260869565217,0.5217391304347826,0.8887573964497042,0.3800937667159342,0.0,0.5301204819277109,0.6309297535714573,0.6666666666666667,0,0.553191489361702,0.108263608492416,-0.6858670759127897,0.3062015503875969,0.541501976284585,0.4583333333333333,0.2708333333333333,0.5537969868233801,0.5812690805776726,0.0,0.0,1.0,0.37132903933525085,0.28108641505241394
0.3385189298571052,0.2148195968009794,0.1720985523201007,0.8695652173913118,0.2801932367149758,0.1739130434782608,0.2608695652173913,0.8887573964497042,0.5568273036287807,0.0,0.0,0.0,0.5283208335737187,-1,0.553191489361702,1.4838863642088802,0.9237874349051628,0.003875968992248,0.5177865612648221,0.6875,0.0833333333333333,0.6979146092152646,0.6143298861980069,0.0,0.2559580248098154,1.0,0.3713289797306061,0.2810863256454468
0.1738080031587563,0.1671906068761581,0.288319036026044,0.8695652173913118,0.8019323671497585,0.6956521739130435,0.0434782608695652,0.8887573964497042,0.0,0.0,0.8674698795180723,0.3154648767857286,0.6666666666666667,-1,0.553191489361702,-1.267359147224048,1.262662068761574,0.5658914728682171,0.7233201581027667,0.8541666666666666,0.7916666666666666,0.5633734459307249,0.555773779017144,0.525299070074387,0.0,1.0,0.37132900953292847,0.28108638525009155
0.3483835289959233,0.1319718041512219,0.1594007450778243,0.8695652173913118,0.217391304347826,0.4347826086956522,0.6521739130434783,0.8888757396449702,0.0,0.0,0.072289156626506,0.3154648767857286,0.3333333333333333,0,0.5744680851063829,-0.0636892359721419,-0.6858670759127897,0.8992248062015504,0.067193675889328,0.3541666666666666,0.5,0.390539870788593,0.3680552953091218,0.2626495350371935,0.2559580248098154,1.0,0.37132903933525085,0.28108641505241394
0.2955159731019822,0.1748166165990063,0.1734865272523655,0.8695652173913118,0.8550724637681159,0.5217391304347826,0.3043478260869565,0.8888757396449702,0.0,0.244650542118226,0.036144578313253,0.4999999999999999,0.0,1,0.5744680851063829,-0.4935713471335369,0.6696314595128544,0.8217054263565892,0.4703557312252964,0.375,0.4791666666666666,0.527348391425799,0.4100593110291102,0.4162896638657991,0.0,1.0,0.37132903933525085,0.28108638525009155
0.4569850466354169,0.2814658002081942,0.0946105696869833,0.8695652173913118,0.2222222222222222,0.3913043478260869,0.217391304347826,0.8888757396449702,0.2398124665681314,0.489301084236452,0.3012048192771084,0.6309297535714573,0.0,1,0.5744680851063829,0.3661928751892531,0.83906877644106,0.2093023255813953,0.7786561264822134,0.9375,0.5416666666666666,0.5644555702460685,0.5205937089462225,0.0,0.0,1.0,0.3713289797306061,0.2810862958431244
0.3969507230332519,0.1438795272252668,0.1403703343170966,0.8695652173913118,0.7971014492753623,0.2608695652173913,0.5652173913043479,0.8889940828402367,0.0,0.38776193503849,0.0602409638554216,0.0,0.3333333333333333,-1,0.5744680851063829,1.139980675279764,-0.3469924420563787,0.5310077519379844,0.9881422924901184,0.0833333333333333,0.3333333333333333,0.6106298273317756,0.491528952750373,0.4162896638657991,0.0,1.0,0.37132900953292847,0.28108641505241394
0.3572740596747743,0.1786033044914547,0.1448373887931489,0.8695652173913118,0.7198067632850241,0.0,0.1739130434782608,0.8889940828402367,0.0,0.0,0.746987951807229,0.3154648767857286,0.3333333333333333,0,0.5744680851063829,2.773532697693065,1.0085060933692656,0.5503875968992248,0.9683794466403162,0.1666666666666666,0.0416666666666666,0.5184813906200869,0.5338567531002587,0.4162896638657991,0.4056838710822128,1.0,0.3713289797306061,0.28108638525009155
0.3196281684684151,0.1671906068761581,0.1622550935715581,0.8695652173913118,0.9806763285024154,0.6086956521739131,0.8260869565217391,0.8889940828402367,0.0,0.38776193503849,0.9879518072289156,0.3154648767857286,0.3333333333333333,0,0.5744680851063829,-0.665524191598095,-2.5496775621230507,0.5542635658914729,0.2845849802371541,0.2708333333333333,0.0,0.5874652806176168,0.3642354443211302,0.0,0.0,1.0,0.37132903933525085,0.28108641505241394
0.1049201382942584,0.199124490272293,0.4298187900708878,0.8695652173913118,0.78743961352657,0.782608695652174,0.1304347826086956,0.8889940828402367,0.2398124665681314,0.6324124771567161,0.5783132530120483,0.0,0.5283208335737187,-1,0.5744680851063829,-2.642981902940512,1.262662068761574,0.875968992248062,0.0039525691699604,0.2916666666666666,0.6875,0.451912596114429,0.6438459877651483,0.0,0.0,1.0,0.3713289797306061,0.2810862958431244
0.4262778013572661,0.2456883726928422,0.1077284704130473,0.8695652173913118,0.8019323671497585,0.0869565217391304,0.6956521739130435,0.8889940828402367,0.0,0.0,0.5301204819277109,0.3154648767857286,0.0,1,0.5744680851063829,0.9680278308152062,-0.5164297589845843,0.8953488372093024,0.7549407114624506,0.4375,0.9583333333333331,0.6870649608450619,0.529581816444302,0.4162896638657991,0.2559580248098154,1.0,0.3713289797306061,0.2810863256454468
0.4901851130908997,0.2747698026279428,0.0895862098635575,0.8695652173913118,0.7536231884057971,0.4782608695652174,0.7391304347826086,0.8889940828402367,0.2398124665681314,0.244650542118226,0.2409638554216867,0.946394630357186,0.3333333333333333,1,0.5744680851063829,-1.0094298805272108,-1.4483350020897148,0.2364341085271318,0.5533596837944663,0.5833333333333333,0.8541666666666666,0.6040189267350173,0.521109397796633,0.0,0.0,1.0,0.3713289499282837,0.2810862362384796
0.3737703112709919,0.2526240192857738,0.1204576348485068,0.8695652173913118,0.9758454106280192,0.0434782608695652,0.3478260869565217,0.8889940828402367,0.0,0.0,0.710843373493976,0.3154648767857286,0.0,1,0.5744680851063829,1.4838863642088802,0.076600850264135,0.7209302325581395,0.3122529644268774,0.7916666666666666,0.4583333333333333,0.5421974977502568,0.5922329664396988,0.2626495350371935,0.0,1.0,0.3713289797306061,0.2810863256454468
0.4518395798927719,0.3221257427164012,0.0895862098635575,0.8695652173913118,0.8550724637681159,0.0869565217391304,0.7391304347826086,0.8893491124260353,0.0,0.0,0.0963855421686747,0.6309297535714573,0.5283208335737187,1,0.1489361702127659,1.0540042530474851,-2.5496775621230507,0.9689922480620154,0.924901185770751,0.0416666666666666,0.0,0.6626800185670374,0.491494364303435,0.0,0.0,1.0,0.3713289797306061,0.2810863256454468
0.4389698216024567,0.2963356695031947,0.0962723816929588,0.8695652173913118,0.8550724637681159,0.4782608695652174,0.3913043478260869,0.8893491124260353,0.2398124665681314,0.0,0.5301204819277109,0.8154648767857287,0.6666666666666667,1,0.1489361702127659,0.022287186260137,-0.6858670759127897,0.3062015503875969,0.067193675889328,0.4583333333333333,0.5,0.6903235932910408,0.4797322995907414,0.0,0.0,1.0,0.37132903933525085,0.28108641505241394
0.3609197363880352,0.1786033044914547,0.1433535259435616,0.8695652173913118,0.8550724637681159,0.6956521739130435,0.1739130434782608,0.8893491124260353,0.0,0.244650542118226,0.710843373493976,0.3154648767857286,0.5283208335737187,-1,0.1489361702127659,1.5698627864411592,1.0085060933692656,0.7209302325581395,0.5177865612648221,0.7916666666666666,0.0833333333333333,0.6770532703918761,0.7498369376996481,0.4162896638657991,0.0,1.0,0.37132900953292847,0.28108638525009155
0.2929347952497527,0.1419068240886909,0.1844317783900017,0.8695652173913118,0.8550724637681159,0.6086956521739131,0.3478260869565217,0.8894674556213018,0.2398124665681314,0.0,0.8433734939759037,0.3154648767857286,0.5283208335737187,-1,0.1489361702127659,-0.579547769365816,-0.5164297589845843,0.751937984496124,0.2450592885375493,0.9583333333333331,0.5833333333333333,0.6043916006147734,0.7189634431992753,0.0,0.2559580248098154,1.0,0.37132900953292847,0.28108638525009155
0.4293372034712766,0.2481224982393255,0.1207710809534907,0.8695652173913118,0.217391304347826,0.1739130434782608,0.8260869565217391,0.8894674556213018,0.0,0.244650542118226,0.9518072289156628,0.6309297535714573,0.5283208335737187,1,0.5957446808510638,1.139980675279764,-2.6343962205871536,0.9689922480620154,0.2845849802371541,0.0416666666666666,0.0,0.5438885481478692,0.378592477296847,0.2626495350371935,0.0,1.0,0.3713289797306061,0.28108638525009155
0.349879360661294,0.1633509581233636,0.1521807790272517,0.8695652173913118,0.4637681159420289,0.5217391304347826,0.6086956521739131,0.8894674556213018,0.0,0.0,0.4698795180722891,0.6309297535714573,0.0,1,0.5957446808510638,-0.2356420804366999,-0.3469924420563787,0.9844961240310076,0.826086956521739,0.3333333333333333,0.375,0.5036627471149606,0.5084251118792351,0.2626495350371935,0.5119160496196309,1.0,0.37132903933525085,0.28108641505241394
0.3090022903165929,0.1158222050398993,0.1844317783900017,0.8695652173913118,0.2222222222222222,0.4782608695652174,0.5652173913043479,0.8894674556213018,0.0,0.0,0.072289156626506,0.0,0.3333333333333333,-1,0.5957446808510638,-0.0636892359721419,-0.6858670759127897,0.8992248062015504,0.541501976284585,0.3541666666666666,0.2708333333333333,0.4150716838130781,0.5940245158716013,0.0,0.0,1.0,0.37132900953292847,0.28108638525009155
0.4435812458742824,0.2467324503721977,0.1061104727645804,0.8695652173913118,0.6183574879227053,0.3043478260869565,0.6956521739130435,0.8894674556213018,0.0,0.244650542118226,0.4216867469879518,0.8154648767857287,0.6666666666666667,1,0.5957446808510638,0.194240030724695,-0.8553043928409952,0.3062015503875969,0.067193675889328,0.4583333333333333,0.5,0.5769540403146334,0.3731927920651208,0.2626495350371935,0.0,1.0,0.37132903933525085,0.28108641505241394
0.1357526833608863,0.1691037393641927,0.3648688840161233,0.8695652173913118,0.8550724637681159,0.217391304347826,0.1304347826086956,0.8894674556213018,0.5568273036287807,0.0,0.1325301204819277,0.6309297535714573,0.5283208335737187,1,0.5957446808510638,0.62412214188609,1.0085060933692656,0.7751937984496124,0.901185770750988,0.5416666666666666,0.4375,0.5047986275396894,0.6988282497852147,0.0,0.5119160496196309,1.0,0.37132900953292847,0.2810863256454468
0.3338809180870214,0.145847516610311,0.1622550935715581,0.8695652173913118,0.8019323671497585,0.0869565217391304,0.3913043478260869,0.8894674556213018,0.0,0.0,0.0,0.8154648767857287,0.0,1,0.5957446808510638,1.4838863642088802,0.5849128010487517,0.003875968992248,0.217391304347826,0.6875,0.9375,0.6721082402813334,0.5505225170928068,0.2626495350371935,0.2559580248098154,1.0,0.37132900953292847,0.28108641505241394
0.351369504740062,0.2002292565892081,0.1539246699248359,0.8695652173913118,0.6956521739130435,0.0434782608695652,0.2608695652173913,0.8894674556213018,0.2398124665681314,0.0,0.710843373493976,0.3154648767857286,0.5283208335737187,-1,0.5957446808510638,1.4838863642088802,1.0932247518333684,0.7209302325581395,0.5177865612648221,0.7916666666666666,0.0833333333333333,0.5543800359354853,0.5943207624557554,0.0,0.2559580248098154,1.0,0.37132900953292847,0.28108641505241394
0.3989317251647373,0.2847934942938674,0.1093403967615045,0.8695652173913118,0.9420289855072465,0.6521739130434783,0.782608695652174,0.8895857988165683,0.3800937667159342,0.38776193503849,0.8674698795180723,0.4999999999999999,0.3333333333333333,1,0.5957446808510638,-1.95517052508228,-2.803833537515359,0.5658914728682171,0.8814229249011857,0.8541666666666666,0.2916666666666666,0.578092379595817,0.4604752456859291,0.0,0.0,1.0,0.37132903933525085,0.28108641505241394
0.2868451012613717,0.1470260569961503,0.2108877840192373,0.8695652173913118,0.6618357487922705,0.7391304347826086,0.4347826086956522,0.8895857988165683,0.3800937667159342,0.0,0.8433734939759037,0.3154648767857286,0.5283208335737187,-1,0.5957446808510638,-0.665524191598095,-0.4317111005204815,0.751937984496124,0.2450592885375493,0.9583333333333331,0.5833333333333333,0.5263921882993055,0.6076789274182512,0.0,0.4056838710822128,1.0,0.37132900953292847,0.2810863256454468
0.2491414773826789,0.1972799135420955,0.1951050694866963,0.8695652173913118,0.8550724637681159,0.6956521739130435,0.0869565217391304,0.8897041420118343,0.3800937667159342,0.0,0.8072289156626506,0.6309297535714573,0.7739760316291208,-1,0.1702127659574468,-2.728958325172791,0.6696314595128544,0.9186046511627908,0.7786561264822134,0.0,0.5416666666666666,0.4677814995124096,0.6882198436866902,0.0,0.2559580248098154,1.0,0.3713289797306061,0.2810862958431244
0.6105524881938662,0.4178970393451093,0.0544991354526003,0.8695652173913118,0.8550724637681159,0.1304347826086956,0.782608695652174,0.8897041420118343,0.0,0.244650542118226,0.0,0.3154648767857286,0.0,1,0.1702127659574468,1.9137684753702755,-0.6011484174486871,0.003875968992248,0.7747035573122529,0.6875,0.375,0.7738782815179885,0.5714061604996041,0.4162896638657991,0.0,1.0,0.3713289499282837,0.2810862958431244
0.4501093014947412,0.2209430686207103,0.1061104727645804,0.8695652173913118,0.8550724637681159,0.6086956521739131,0.8260869565217391,0.8898224852071008,0.0,0.244650542118226,0.746987951807229,0.0,0.3333333333333333,-1,0.1702127659574468,2.773532697693065,-0.1775551251281732,0.5426356589147286,0.9051383399209486,0.1666666666666666,0.3541666666666666,0.6490783761779173,0.4962221622190836,0.0,0.0,1.0,0.3713289797306061,0.2810863256454468
0.1952066381662915,0.155617538245504,0.2641018382405841,0.8695652173913118,0.7198067632850241,0.8260869565217391,0.1739130434782608,0.8898224852071008,0.4796249331362629,0.0,0.8072289156626506,0.6309297535714573,0.7739760316291208,-1,0.6170212765957447,-2.8149347474050703,0.7543501179769573,0.2790697674418604,0.7786561264822134,0.0,0.5416666666666666,0.3653494617095114,0.5300636895672881,0.0,0.4056838710822128,1.0,0.37132900953292847,0.2810863256454468
0.3163892457310063,0.1614244001319842,0.1650906013439089,0.8695652173913118,0.78743961352657,0.2608695652173913,0.4782608695652174,0.8898224852071008,0.0,0.244650542118226,0.9518072289156628,0.3154648767857286,0.3333333333333333,0,0.6170212765957447,1.225957097512043,0.1613195087282378,0.9689922480620154,0.217391304347826,0.0416666666666666,0.9375,0.5476157149325616,0.5459102769250166,0.4162896638657991,0.0,1.0,0.3713289499282837,0.2810862958431244
0.4093312055392423,0.2101060285072395,0.1188869644777832,0.8695652173913118,0.8019323671497585,0.217391304347826,0.3043478260869565,0.8898224852071008,0.0,0.0,0.0602409638554216,0.4999999999999999,0.0,1,0.6170212765957447,1.225957097512043,0.3307568256564434,0.5310077519379844,0.3122529644268774,0.0833333333333333,0.4583333333333333,0.6078187365772012,0.5910249759073973,0.4162896638657991,0.4056838710822128,1.0,0.3713289499282837,0.2810862958431244
0.2997805137722285,0.1517234261883286,0.1762490954086448,0.8695652173913118,0.217391304347826,0.5652173913043479,0.6521739130434783,0.8898224852071008,0.0,0.0,0.9879518072289156,0.3154648767857286,0.3333333333333333,0,0.6170212765957447,-0.579547769365816,-1.871928294410229,0.5542635658914729,0.5533596837944663,0.2708333333333333,0.8541666666666666,0.5777681442508269,0.5841763194049163,0.2626495350371935,0.2559580248098154,1.0,0.3713289797306061,0.2810862958431244
0.2558409126663418,0.1178583078464172,0.2181924209812542,0.8695652173913118,0.4637681159420289,0.6956521739130435,0.7391304347826086,0.8898224852071008,0.3800937667159342,0.489301084236452,0.8313253012048193,0.3154648767857286,0.3333333333333333,0,0.6170212765957447,-1.0094298805272108,-0.7705857343768925,0.065891472868217,0.7549407114624506,0.5,0.9583333333333331,0.391614256860175,0.5198163863036833,0.0,0.0,1.0,0.37132900953292847,0.2810863256454468
0.5602442144630411,0.3935240617900939,0.0617495669382994,0.8695652173913118,0.2222222222222222,0.5217391304347826,0.782608695652174,0.8898224852071008,0.0,0.489301084236452,0.2409638554216867,0.6309297535714573,0.7739760316291208,-1,0.6170212765957447,-0.3216185026689789,-2.888552195979462,0.2364341085271318,0.8814229249011857,0.5833333333333333,0.2916666666666666,0.590446754596935,0.4652712028382122,0.525299070074387,0.0,1.0,0.37132900953292847,0.28108638525009155
0.5954486659147654,0.4274477969975985,0.0639010465665264,0.8695652173913118,0.8550724637681159,0.0434782608695652,0.6086956521739131,0.8898224852071008,0.0,0.38776193503849,0.0,0.3154648767857286,0.0,1,0.6170212765957447,1.9997448976025545,-0.6858670759127897,0.003875968992248,0.826086956521739,0.6875,0.375,0.6713138125936566,0.5032259004596258,0.525299070074387,0.0,1.0,0.3713289797306061,0.28108638525009155
0.413287966078638,0.2372877575853769,0.1322106782108127,0.8695652173913118,0.9758454106280192,0.0,0.3913043478260869,0.8899408284023669,0.2398124665681314,0.0,0.746987951807229,0.0,0.3333333333333333,-1,0.6170212765957447,2.687556275460786,-0.0928364666640704,0.5503875968992248,0.9051383399209486,0.1666666666666666,0.3541666666666666,0.5383111846145776,0.4008056121268684,0.0,0.2559580248098154,1.0,0.3713289797306061,0.28108641505241394
0.504027625090462,0.3578389206010404,0.0741506139536872,0.8695652173913118,0.4009661835748792,0.6086956521739131,0.3043478260869565,0.8900591715976329,0.4796249331362629,0.244650542118226,0.036144578313253,0.3154648767857286,0.0,1,0.6382978723404255,-0.7515006138303739,0.1613195087282378,0.8217054263565892,0.2411067193675889,0.375,0.4583333333333333,0.5053629088425802,0.480457748139794,0.0,0.0,1.0,0.37132903933525085,0.28108641505241394
0.1558549060559902,0.2173465425309795,0.2925409655160425,0.8695652173913118,0.8550724637681159,0.8260869565217391,0.1304347826086956,0.8901775147928994,0.0,0.0,0.5783132530120483,0.3154648767857286,0.5283208335737187,-1,0.1914893617021276,-2.8149347474050703,0.83906877644106,0.875968992248062,0.7786561264822134,0.2916666666666666,0.5416666666666666,0.5357409851468407,0.6944960560021791,0.2626495350371935,0.5119160496196309,1.0,0.3713289797306061,0.2810862958431244
0.5134836279270919,0.3393992735284252,0.0741506139536872,0.8695652173913118,0.8550724637681159,0.2608695652173913,0.7391304347826086,0.8901775147928994,0.2398124665681314,0.0,0.5301204819277109,0.3154648767857286,0.5283208335737187,-1,0.1914893617021276,0.9680278308152062,-1.871928294410229,0.4496124031007752,0.5533596837944663,0.4375,0.8541666666666666,0.8073852209286481,0.6643339875002667,0.0,0.0,1.0,0.3713289797306061,0.2810862958431244
0.2323781014934494,0.1034987357343872,0.2448226729920223,0.8695652173913118,0.6183574879227053,0.5217391304347826,0.2608695652173913,0.8901775147928994,0.0,0.0,0.9879518072289156,0.3154648767857286,0.0,1,0.6382978723404255,-0.579547769365816,1.177943410297471,0.5542635658914729,0.9683794466403162,0.2708333333333333,0.0416666666666666,0.5651720699068075,0.5471841939790099,0.0,0.0,1.0,0.3713289797306061,0.2810862362384796
0.4311614461159946,0.3284490226502798,0.0912675343887988,0.8695652173913118,0.4637681159420289,0.5652173913043479,0.8260869565217391,0.8901775147928994,0.2398124665681314,0.5680609671737329,0.2409638554216867,0.3154648767857286,0.3333333333333333,0,0.6382978723404255,-0.4075949249012579,-2.888552195979462,0.2364341085271318,0.2845849802371541,0.5833333333333333,0.0,0.5506429559050434,0.3691962973047642,0.0,0.0,1.0,0.37132903933525085,0.28108638525009155
0.3723631017858153,0.155617538245504,0.1433535259435616,0.8695652173913118,0.8550724637681159,0.6521739130434783,0.6086956521739131,0.8902958579881655,0.0,0.0,0.3012048192771084,0.3154648767857286,0.0,1,0.1914893617021276,0.194240030724695,-0.0081178081999676,0.2093023255813953,0.7272727272727272,0.9375,0.3333333333333333,0.7196800839131832,0.6571170330882625,0.0,0.4056838710822128,1.0,0.3713289797306061,0.2810862958431244
0.4106119498834909,0.21554237277169,0.1173105301661802,0.8695652173913118,0.7198067632850241,0.217391304347826,0.3478260869565217,0.8902958579881655,0.0,0.38776193503849,0.0602409638554216,0.6309297535714573,0.3333333333333333,1,0.6382978723404255,1.3979099419766012,0.5001941425846489,0.5310077519379844,0.4703557312252964,0.0833333333333333,0.4791666666666666,0.6078187365772012,0.4485582794392526,0.525299070074387,0.0,1.0,0.3713289797306061,0.28108638525009155
0.1898532378554118,0.1319718041512219,0.2797486197346605,0.8695652173913118,0.2753623188405797,0.0,0.0434782608695652,0.8902958579881655,0.3800937667159342,0.0,0.746987951807229,0.6309297535714573,0.7739760316291208,-1,0.6382978723404255,2.601579853228507,2.0251299949384984,0.5503875968992248,0.0039525691699604,0.1666666666666666,0.6875,0.5184813906200869,0.6761808222978172,0.0,0.5943161289177871,1.0,0.3713289797306061,0.2810862958431244
0.2850876659371844,0.1614244001319842,0.2057767437416726,0.8695652173913118,0.6956521739130435,0.782608695652174,0.1304347826086956,0.8902958579881655,0.2398124665681314,0.0,0.5783132530120483,0.3154648767857286,0.5283208335737187,-1,0.6382978723404255,-2.9009111696373493,0.9237874349051628,0.875968992248062,0.7786561264822134,0.2916666666666666,0.5416666666666666,0.4268376616388347,0.5283693970882668,0.0,0.5943161289177871,1.0,0.3713289797306061,0.2810862958431244
0.2413420673281554,0.1034987357343872,0.2365271184506421,0.8695652173913118,0.7971014492753623,0.4347826086956522,0.6956521739130435,0.8902958579881655,0.0,0.0,0.072289156626506,0.0,0.5283208335737187,-1,0.6382978723404255,0.022287186260137,-0.7705857343768925,0.8992248062015504,0.7549407114624506,0.3541666666666666,0.9583333333333331,0.3964721822750088,0.5298229724380419,0.4162896638657991,0.0,1.0,0.37132903933525085,0.28108638525009155
0.5208875180151634,0.307718322863362,0.0841613186017853,0.8695652173913118,0.78743961352657,0.1739130434782608,0.6521739130434783,0.8902958579881655,0.3800937667159342,0.0,0.7228915662650602,0.3154648767857286,0.5283208335737187,-1,0.6382978723404255,0.8820514085829272,-1.7872096359461258,0.8953488372093024,0.5533596837944663,0.4375,0.8541666666666666,0.6870649608450619,0.5195562603159485,0.0,0.2559580248098154,1.0,0.3713289797306061,0.2810862958431244
0.1643354593536958,0.1710124381692548,0.3008623466409326,0.8695652173913118,0.8550724637681159,0.7391304347826086,0.0869565217391304,0.8902958579881655,0.0,0.38776193503849,0.8313253012048193,0.0,0.5283208335737187,-1,0.6382978723404255,-1.0094298805272108,1.3473807272256766,0.065891472868217,0.7233201581027667,0.5,0.7916666666666666,0.411095825822336,0.5585173388375435,0.0,0.0,1.0,0.3713288903236389,0.2810860872268677
0.3119738014226195,0.1540621021537882,0.1836204885023658,0.8695652173913118,0.9758454106280192,0.3913043478260869,0.4782608695652174,0.890414201183432,0.0,0.244650542118226,0.3012048192771084,0.3154648767857286,0.0,1,0.6382978723404255,0.280216452956974,-0.0928364666640704,0.2093023255813953,0.9881422924901184,0.9375,0.3333333333333333,0.555153434398026,0.5067146481680034,0.2626495350371935,0.0,1.0,0.3713289797306061,0.2810863256454468
0.103522962409629,0.2298662671273945,0.4087069851143491,0.8695652173913118,0.8550724637681159,0.8260869565217391,0.217391304347826,0.890532544378698,0.0,0.0,0.674698795180723,0.3154648767857286,0.3333333333333333,0,0.6595744680851063,-2.9009111696373493,1.516818044153882,0.2790697674418604,0.5177865612648221,0.0,0.0833333333333333,0.3310177641748282,0.6115017618810275,0.0,0.5943161289177871,1.0,0.37132900953292847,0.2810863256454468
0.381420920907986,0.2526240192857738,0.1173105301661802,0.8695652173913118,0.2753623188405797,0.1304347826086956,0.6521739130434783,0.890532544378698,0.0,0.0,0.1325301204819277,0.3154648767857286,0.0,1,0.6595744680851063,1.0540042530474851,-0.6858670759127897,0.7751937984496124,0.826086956521739,0.5416666666666666,0.375,0.5608133051490187,0.4612867451208169,0.6789391989029927,0.2559580248098154,1.0,0.37132900953292847,0.28108638525009155
0.213810593499597,0.1594933250016728,0.2377220507032456,0.8695652173913118,0.78743961352657,0.782608695652174,0.7391304347826086,0.8906508875739645,0.3800937667159342,0.244650542118226,0.5783132530120483,0.0,0.3333333333333333,-1,0.6595744680851063,-2.9868875918696283,-1.1941790266974064,0.875968992248062,0.067193675889328,0.2916666666666666,0.5,0.4476155694735293,0.4094621364043034,0.0,0.0,1.0,0.3713289797306061,0.2810863256454468
0.3056739695007618,0.1379471858571372,0.1776237457587089,0.8695652173913118,0.7198067632850241,0.5217391304347826,0.4347826086956522,0.8906508875739645,0.3800937667159342,0.0,0.4698795180722891,0.3154648767857286,0.5283208335737187,-1,0.6595744680851063,-0.1496656582044209,-0.4317111005204815,0.9844961240310076,0.2450592885375493,0.3333333333333333,0.5833333333333333,0.5036627471149606,0.6079461478069856,0.0,0.0,1.0,0.37132903933525085,0.28108638525009155
0.2373833728553238,0.1339684188642493,0.2243913433786063,0.8695652173913118,0.217391304347826,0.3478260869565217,0.1739130434782608,0.8906508875739645,0.4796249331362629,0.489301084236452,0.4819277108433735,0.0,0.5283208335737187,-1,0.6595744680851063,0.3661928751892531,0.7543501179769573,0.4728682170542636,0.901185770750988,0.4791666666666666,0.4375,0.428363527466659,0.6797963811336867,0.0,0.0,1.0,0.3713289797306061,0.2810862958431244
0.415693478715797,0.2508955754913384,0.1093403967615045,0.8695652173913118,0.9758454106280192,0.0434782608695652,0.2608695652173913,0.8906508875739645,0.0,0.244650542118226,0.0120481927710843,0.3154648767857286,0.0,1,0.6595744680851063,2.171697742067112,1.0932247518333684,0.003875968992248,0.9683794466403162,0.6875,0.0416666666666666,0.6468636809157216,0.5384500628265199,0.6789391989029927,0.0,1.0,0.3713289797306061,0.2810863256454468
0.4371816477600162,0.2963356695031947,0.0962723816929588,0.8695652173913118,0.8019323671497585,0.0869565217391304,0.5652173913043479,0.8906508875739645,0.0,0.0,0.710843373493976,0.3154648767857286,0.0,1,0.6595744680851063,1.5698627864411592,-0.5164297589845843,0.7209302325581395,0.541501976284585,0.7916666666666666,0.2708333333333333,0.5451427136804889,0.5922329664396988,0.2626495350371935,0.2559580248098154,1.0,0.37132900953292847,0.28108638525009155
0.2567886940727777,0.1575577115002546,0.2029395334605369,0.8695652173913118,0.6183574879227053,0.6956521739130435,0.0,0.890769230769231,0.0,0.489301084236452,0.8433734939759037,0.3154648767857286,0.0,1,0.6595744680851063,-0.579547769365816,2.4487232872590123,0.751937984496124,0.5375494071146245,0.9583333333333331,0.1666666666666666,0.5059247786805863,0.4918503964319427,0.2626495350371935,0.0,1.0,0.3713289797306061,0.2810863256454468
0.3976121703135622,0.180490139602538,0.1282259815835157,0.8695652173913118,0.893719806763285,0.6086956521739131,0.4782608695652174,0.890887573964497,0.0,0.244650542118226,0.8674698795180723,0.0,0.0,0,0.6595744680851063,-1.6972412583854428,-0.1775551251281732,0.5658914728682171,0.9051383399209486,0.8541666666666666,0.3541666666666666,0.5787384613179356,0.3704883604490556,0.4162896638657991,0.0,1.0,0.37132900953292847,0.2810862958431244
0.3236395383975861,0.1823726619438934,0.1565273038101227,0.8695652173913118,0.8550724637681159,0.0869565217391304,0.3913043478260869,0.8910059171597635,0.3800937667159342,0.5680609671737329,0.0963855421686747,0.3154648767857286,0.3333333333333333,0,0.1914893617021276,1.0540042530474851,0.1613195087282378,0.9689922480620154,0.4703557312252964,0.0416666666666666,0.4791666666666666,0.6499720829323226,0.5583119719086145,0.0,0.0,1.0,0.3713289499282837,0.2810862362384796
0.1749761334440023,0.1575577115002546,0.2904351874374826,0.8695652173913118,0.8550724637681159,0.3478260869565217,0.1304347826086956,0.8910059171597635,0.0,0.0,0.3012048192771084,0.3154648767857286,0.0,1,0.2127659574468085,0.3661928751892531,1.6015367026179848,0.2093023255813953,0.7233201581027667,0.9375,0.7916666666666666,0.726200001447783,0.682689699163572,0.4162896638657991,0.4056838710822128,1.0,0.3713289797306061,0.2810862958431244
0.3702427679182498,0.2764489126198675,0.1173105301661802,0.8695652173913118,0.6956521739130435,0.8260869565217391,0.782608695652174,0.8910059171597635,0.0,0.489301084236452,0.8072289156626506,0.0,0.6666666666666667,-1,0.6808510638297872,-2.9009111696373493,-3.0579895129076675,0.2790697674418604,0.8814229249011857,0.0,0.2916666666666666,0.3288798766738801,0.4821959335281371,0.0,0.0,1.0,0.3713289797306061,0.2810862362384796
0.3528540043201594,0.2046335620890687,0.1388709336052376,0.8695652173913118,0.8550724637681159,0.4782608695652174,0.3043478260869565,0.8910059171597635,0.0,0.38776193503849,0.2409638554216867,0.0,0.0,0,0.6808510638297872,-0.3216185026689789,0.076600850264135,0.2364341085271318,0.3122529644268774,0.5833333333333333,0.4583333333333333,0.6042845376771158,0.6269369496770543,0.2626495350371935,0.0,1.0,0.37132903933525085,0.28108638525009155
0.3196281684684151,0.2263085805337292,0.1477898256233795,0.8695652173913118,0.8550724637681159,0.0,0.0869565217391304,0.8911242603550296,0.5568273036287807,0.0,0.746987951807229,0.6309297535714573,0.7739760316291208,-1,0.2127659574468085,2.429627008763949,1.0932247518333684,0.5426356589147286,0.7786561264822134,0.1666666666666666,0.5416666666666666,0.6200302707515444,0.702056431401975,0.0,0.7185650207899777,1.0,0.3713289499282837,0.2810862958431244
0.3744720257298201,0.1786033044914547,0.1373662810412862,0.8695652173913118,0.8550724637681159,0.6521739130434783,0.4782608695652174,0.8911242603550296,0.2398124665681314,0.0,0.036144578313253,0.0,0.6666666666666667,-1,0.2127659574468085,-0.7515006138303739,-0.1775551251281732,0.7713178294573644,0.9051383399209486,0.375,0.3541666666666666,0.5663930034526243,0.4753685299823731,0.0,0.0,1.0,0.3713289797306061,0.2810862958431244
0.4586852984152476,0.248469643941311,0.1051367408754546,0.8695652173913118,0.8019323671497585,0.2608695652173913,0.4347826086956522,0.8911242603550296,0.0,0.0,0.9518072289156628,0.3154648767857286,0.3333333333333333,0,0.6808510638297872,1.0540042530474851,0.1613195087282378,0.9689922480620154,0.4703557312252964,0.0416666666666666,0.4791666666666666,0.5299426475404159,0.3915426525909815,0.0,0.0,1.0,0.3713289797306061,0.2810863256454468
0.2273080770903636,0.0804153526335065,0.262077115555216,0.8695652173913118,0.2753623188405797,0.6086956521739131,0.217391304347826,0.8911242603550296,0.2398124665681314,0.0,0.9879518072289156,0.3154648767857286,0.3333333333333333,0,0.6808510638297872,-0.579547769365816,1.516818044153882,0.5542635658914729,0.5177865612648221,0.2708333333333333,0.0833333333333333,0.5731428353475112,0.6285458632722285,0.0,0.0,1.0,0.37132900953292847,0.28108638525009155
0.2491414773826789,0.1478108147170451,0.2131680611578285,0.8695652173913118,0.8550724637681159,0.1304347826086956,0.0869565217391304,0.8911242603550296,0.0,0.0,0.5301204819277109,0.6309297535714573,0.0,1,0.6808510638297872,0.9680278308152062,2.194567311866704,0.8953488372093024,0.0039525691699604,0.4375,0.6875,0.7004926797630089,0.6761808222978172,0.2626495350371935,0.7185650207899777,1.0,0.3713288903236389,0.2810862064361572
0.2912045168517221,0.1614244001319842,0.1803599197723839,0.8695652173913118,0.7536231884057971,0.7391304347826086,0.5217391304347826,0.8911242603550296,0.0,0.0,0.8313253012048193,0.0,0.3333333333333333,-1,0.6808510638297872,-1.0954063027594898,-1.7024909774820232,0.065891472868217,0.5533596837944663,0.5,0.8541666666666666,0.4069959793082112,0.5693136156177243,0.2626495350371935,0.0,1.0,0.37132903933525085,0.28108641505241394
0.3043346861109188,0.1633509581233636,0.191665252966159,0.8695652173913118,0.4637681159420289,0.3478260869565217,0.1739130434782608,0.8911242603550296,0.0,0.244650542118226,0.8674698795180723,0.3154648767857286,0.0,1,0.6808510638297872,0.452169297421532,1.516818044153882,0.2093023255813953,0.7233201581027667,0.9375,0.7916666666666666,0.5148648898200672,0.5454828968071053,0.525299070074387,0.0,1.0,0.3713289797306061,0.2810862958431244
0.3249145534971439,0.1602662984659824,0.1648078913186861,0.8695652173913118,0.7971014492753623,0.0,0.0434782608695652,0.8912426035502956,0.6199062332840658,0.0,0.8433734939759037,0.6309297535714573,0.7739760316291208,-1,0.6808510638297872,2.34365058653167,1.177943410297471,0.5503875968992248,0.7786561264822134,0.1666666666666666,0.5416666666666666,0.5159083662973918,0.5174566285857221,0.0,0.7678740744294463,1.0,0.3713289201259613,0.2810862958431244
0.4686245005584227,0.2474277675648402,0.0982581072680275,0.8695652173913118,0.4541062801932367,0.6956521739130435,0.3913043478260869,0.8912426035502956,0.3800937667159342,0.0,0.036144578313253,0.0,0.6666666666666667,-1,0.6808510638297872,-1.0094298805272108,0.076600850264135,0.8217054263565892,0.9051383399209486,0.375,0.3541666666666666,0.5271099918128759,0.3533526760352947,0.0,0.2559580248098154,1.0,0.3713289797306061,0.2810862362384796
0.1521634430910792,0.1633509581233636,0.3268447403348642,0.8695652173913118,0.2753623188405797,0.782608695652174,0.6521739130434783,0.8913609467455621,0.0,0.489301084236452,0.3373493975903615,0.3154648767857286,0.0,1,0.702127659574468,-2.8149347474050703,-0.262273783592276,0.875968992248062,0.9881422924901184,0.2916666666666666,0.3333333333333333,0.4792917066962743,0.5123322234780037,0.2626495350371935,0.0,1.0,0.37132900953292847,0.2810863256454468
0.3196281684684151,0.199124490272293,0.1536345126238203,0.8695652173913118,0.9758454106280192,0.0869565217391304,0.3043478260869565,0.8913609467455621,0.0,0.0,0.5301204819277109,0.3154648767857286,0.3333333333333333,0,0.702127659574468,1.225957097512043,0.076600850264135,0.8953488372093024,0.3122529644268774,0.4375,0.4583333333333333,0.6888900899865498,0.6072770819019915,0.4162896638657991,0.0,1.0,0.3713289499282837,0.2810862958431244
0.483341693449042,0.2629191929110002,0.0912675343887988,0.8695652173913118,0.6956521739130435,0.217391304347826,0.7391304347826086,0.8914792899408281,0.0,0.244650542118226,0.0602409638554216,0.4999999999999999,0.3333333333333333,1,0.702127659574468,1.5698627864411592,-1.1941790266974064,0.5310077519379844,0.067193675889328,0.0833333333333333,0.5,0.6105033459628217,0.39887457132903,0.0,0.0,1.0,0.3713289499282837,0.2810862958431244
0.2363874195351941,0.0740059571289852,0.2552582760694727,0.8695652173913118,0.2898550724637681,0.3478260869565217,0.4347826086956522,0.8914792899408281,0.0,0.0,0.072289156626506,0.4999999999999999,0.3333333333333333,1,0.702127659574468,0.3661928751892531,0.1613195087282378,0.8992248062015504,0.4703557312252964,0.3541666666666666,0.4791666666666666,0.3347804842526709,0.3873652337855611,0.4162896638657991,0.0,1.0,0.37132903933525085,0.28108641505241394
0.2605570636891124,0.1536727837037277,0.2016436716397868,0.8695652173913118,0.78743961352657,0.6956521739130435,0.2608695652173913,0.8914792899408281,0.4796249331362629,0.0,0.036144578313253,0.3154648767857286,0.3333333333333333,0,0.702127659574468,-1.267359147224048,1.0085060933692656,0.8217054263565892,0.9683794466403162,0.375,0.0416666666666666,0.5237261967778477,0.5319738170044832,0.0,0.0,1.0,0.3713289797306061,0.2810863256454468
0.4225747115646109,0.2439452965591106,0.1077284704130473,0.8695652173913118,0.8550724637681159,0.1304347826086956,0.4782608695652174,0.8914792899408281,0.0,0.0,0.1325301204819277,0.0,0.3333333333333333,-1,0.702127659574468,1.3119335197443225,-0.6011484174486871,0.7751937984496124,0.541501976284585,0.5416666666666666,0.2708333333333333,0.5434678202492913,0.5290981814419058,0.8325793277315985,0.0,1.0,0.37132900953292847,0.28108638525009155
0.4353852775229703,0.2764489126198675,0.0995768431242991,0.8695652173913118,0.7536231884057971,0.0,0.5217391304347826,0.8914792899408281,0.2398124665681314,0.0,0.0120481927710843,0.6309297535714573,0.0,1,0.702127659574468,1.9997448976025545,-0.3469924420563787,0.003875968992248,0.2450592885375493,0.6875,0.5833333333333333,0.6596562867988636,0.6078126050925123,0.0,0.0,1.0,0.3713289797306061,0.28108638525009155
0.3902741148702265,0.2543488432999805,0.1141401994089745,0.8695652173913118,0.217391304347826,0.1739130434782608,0.0434782608695652,0.8914792899408281,0.3800937667159342,0.686820903599663,0.710843373493976,0.4999999999999999,0.5283208335737187,0,0.702127659574468,1.4838863642088802,2.194567311866704,0.7209302325581395,0.5375494071146245,0.7916666666666666,0.1666666666666666,0.5512401288849231,0.5216230839676301,0.0,0.0,1.0,0.3713289797306061,0.2810863256454468
0.2313693302272074,0.1076270810487989,0.2424688157720542,0.8695652173913118,0.8019323671497585,0.5652173913043479,0.3913043478260869,0.8914792899408281,0.0,0.0,0.8674698795180723,0.0,0.0,0,0.702127659574468,-1.6112648361531638,0.5001941425846489,0.5658914728682171,0.217391304347826,0.8541666666666666,0.9375,0.5790603154957974,0.5179846692923773,0.2626495350371935,0.5943161289177871,1.0,0.3713289797306061,0.2810863256454468
0.5100263251732569,0.3409517775993802,0.0758933257466855,0.8695652173913118,0.893719806763285,0.6086956521739131,0.8260869565217391,0.8914792899408281,0.0,0.244650542118226,0.8433734939759037,0.4999999999999999,0.3333333333333333,1,0.702127659574468,-0.4935713471335369,-3.14270817137177,0.751937984496124,0.924901185770751,0.9583333333333331,0.0,0.5059247786805863,0.3546271762528377,0.4162896638657991,0.0,1.0,0.3713289797306061,0.2810863256454468
0.3543329020017287,0.1419068240886909,0.1550833432309885,0.8695652173913118,0.893719806763285,0.3478260869565217,0.4347826086956522,0.8921893491124262,0.2398124665681314,0.5680609671737329,0.4819277108433735,0.0,0.3333333333333333,-1,0.6170212765957447,0.108263608492416,-0.3469924420563787,0.4728682170542636,0.6996047430830039,0.4791666666666666,0.3333333333333333,0.4366907573390399,0.4965806028822115,0.0,0.0,1.0,0.3713289797306061,0.2810862958431244
0.3196281684684151,0.1158222050398993,0.1776237457587089,0.8695652173913118,0.6183574879227053,0.5652173913043479,0.6521739130434783,0.8926627218934908,0.0,0.0,0.4698795180722891,0.4999999999999999,0.5283208335737187,0,0.6808510638297872,-0.2356420804366999,-0.4317111005204815,0.6976744186046512,0.7549407114624506,0.3333333333333333,0.9583333333333331,0.511951878824747,0.5228986389163162,0.2626495350371935,0.5119160496196309,1.0,0.3713289797306061,0.2810862958431244
0.2833223142109514,0.1786033044914547,0.1803599197723839,0.8695652173913118,0.7971014492753623,0.3478260869565217,0.0,0.8927810650887573,0.3800937667159342,0.0,0.4819277108433735,0.4999999999999999,0.5283208335737187,0,0.5957446808510638,0.022287186260137,2.194567311866704,0.4728682170542636,0.8893280632411067,0.4791666666666666,0.1666666666666666,0.4194730082018123,0.5216230839676301,0.0,0.0,1.0,0.3713289797306061,0.2810862958431244
0.2929347952497527,0.1359602050001027,0.1857805326151629,0.8695652173913118,0.2222222222222222,0.3043478260869565,0.3913043478260869,0.8927810650887573,0.0,0.0,0.5301204819277109,0.3154648767857286,0.0,1,0.6595744680851063,0.108263608492416,0.5001941425846489,0.3062015503875969,0.217391304347826,0.4583333333333333,0.9375,0.4597091670744582,0.5352515712375019,0.0,0.0,1.0,0.37132900953292847,0.2810863256454468
0.2877208723979957,0.1898600150169447,0.1734865272523655,0.8695652173913118,0.2753623188405797,0.0869565217391304,0.1304347826086956,0.8928994082840238,0.0,0.0,0.5301204819277109,0.3154648767857286,0.0,1,0.6170212765957447,1.225957097512043,1.4320993856897792,0.8953488372093024,0.7233201581027667,0.4375,0.7916666666666666,0.7004926797630089,0.5759374151151861,0.0,0.0,1.0,0.3713289797306061,0.28108641505241394
0.3338809180870214,0.180490139602538,0.1521807790272517,0.8695652173913118,0.217391304347826,0.3043478260869565,0.6521739130434783,0.8930177514792899,0.0,0.0,0.9518072289156628,0.0,0.0,0,0.7234042553191489,1.0540042530474851,-0.4317111005204815,0.9689922480620154,0.7549407114624506,0.0416666666666666,0.9583333333333331,0.5476157149325616,0.5117810809346133,0.0,0.0,1.0,0.37132903933525085,0.28108638525009155
0.3228405423602803,0.1399293845654892,0.1693090758442397,0.8695652173913118,0.6956521739130435,0.5652173913043479,0.6956521739130435,0.8930177514792899,0.0,0.0,0.9879518072289156,0.3154648767857286,0.8616541669070521,-1,0.7234042553191489,-0.4935713471335369,-1.278897685161509,0.5542635658914729,0.826086956521739,0.2708333333333333,0.375,0.5604434670396101,0.5326830628156729,0.2626495350371935,0.0,1.0,0.3713289797306061,0.2810862958431244
0.0431101671019968,0.4178970393451093,0.6123098588455065,0.8695652173913118,0.8550724637681159,0.8260869565217391,0.0434782608695652,0.8931360946745563,0.3800937667159342,0.0,0.674698795180723,0.0,0.6666666666666667,-1,0.7234042553191489,-3.244816858566465,1.262662068761574,0.1976744186046511,0.901185770750988,0.0,0.4375,0.3677768027091264,0.7001643627698557,0.0,0.2559580248098154,1.0,0.37132900953292847,0.2810862958431244
0.3889250346376859,0.2334086517959568,0.1204576348485068,0.8695652173913118,0.2753623188405797,0.1304347826086956,0.1739130434782608,0.8931360946745563,0.0,0.244650542118226,0.0602409638554216,0.6309297535714573,0.0,1,0.7234042553191489,1.655839208673438,1.177943410297471,0.5310077519379844,0.7786561264822134,0.0833333333333333,0.5416666666666666,0.6073011084585855,0.5126069359738725,0.2626495350371935,0.0,1.0,0.3713289499282837,0.2810862958431244
0.3730673381308458,0.1972799135420955,0.1343410722864658,0.8695652173913118,0.9758454106280192,0.0869565217391304,0.6086956521739131,0.8931360946745563,0.0,0.0,0.746987951807229,0.3154648767857286,0.3333333333333333,0,0.7234042553191489,2.257674164299391,-1.6177723190179203,0.8837209302325582,0.5533596837944663,0.1666666666666666,0.8541666666666666,0.536546361417775,0.5819206781592785,0.0,0.0,1.0,0.3713289797306061,0.28108638525009155
0.6162683029839032,0.4565320767459904,0.050827507393166,0.8695652173913118,0.7198067632850241,0.2608695652173913,0.782608695652174,0.8931360946745563,0.0,0.0,0.5301204819277109,0.4999999999999999,0.3333333333333333,1,0.7234042553191489,0.194240030724695,-2.7191148790512565,0.3062015503875969,0.8814229249011857,0.4583333333333333,0.2916666666666666,0.5897077005507507,0.448112161023334,0.2626495350371935,0.4056838710822128,1.0,0.37132903933525085,0.28108638525009155
0.1749761334440023,0.1379471858571372,0.3008623466409326,0.8695652173913118,0.2222222222222222,0.4782608695652174,0.0,0.8931360946745563,0.0,0.0,0.4819277108433735,0.4999999999999999,0.5283208335737187,0,0.7234042553191489,0.022287186260137,2.194567311866704,0.4728682170542636,0.0039525691699604,0.4791666666666666,0.6875,0.4183864128475036,0.6745774807502045,0.0,0.2559580248098154,1.0,0.3713288903236389,0.2810862064361572
0.2323781014934494,0.1652730200593355,0.2219224982623933,0.8695652173913118,0.4541062801932367,0.4347826086956522,0.217391304347826,0.8931360946745563,0.2398124665681314,0.244650542118226,0.2409638554216867,0.3154648767857286,0.0,1,0.7234042553191489,-0.579547769365816,1.3473807272256766,0.2364341085271318,0.7233201581027667,0.5833333333333333,0.7916666666666666,0.5882170114711751,0.5565634770921253,0.0,0.0,1.0,0.3713289499282837,0.2810862064361572
0.4714811414469105,0.199124490272293,0.1077284704130473,0.8695652173913118,0.7536231884057971,0.3913043478260869,0.3478260869565217,0.8931360946745563,0.2398124665681314,0.0,0.3012048192771084,0.0,0.0,0,0.7234042553191489,0.452169297421532,0.4154754841205461,0.2093023255813953,0.9051383399209486,0.9375,0.3541666666666666,0.5447259863696108,0.3782897908425311,0.0,0.5119160496196309,1.0,0.3713289797306061,0.2810862958431244
0.2106286483837519,0.1219154745029367,0.262077115555216,0.8695652173913118,0.7971014492753623,0.7391304347826086,0.5217391304347826,0.8933727810650889,0.3800937667159342,0.0,0.8313253012048193,0.0,0.3333333333333333,-1,0.7234042553191489,-1.267359147224048,-0.262273783592276,0.6550387596899224,0.6996047430830039,0.5,0.3333333333333333,0.433811577272897,0.5278813004999254,0.0,0.0,1.0,0.3713289797306061,0.2810862958431244
0.2084929078362609,0.0740059571289852,0.2904351874374826,0.8695652173913118,0.8550724637681159,0.3913043478260869,0.6086956521739131,0.8934911242603549,0.0,0.0,0.072289156626506,0.0,0.5283208335737187,-1,0.2340425531914893,0.452169297421532,-0.5164297589845843,0.8992248062015504,0.2450592885375493,0.3541666666666666,0.5833333333333333,0.4826398363417283,0.7111838913090269,0.0,0.2559580248098154,1.0,0.3713289797306061,0.2810862958431244
0.2850876659371844,0.1359602050001027,0.1937853207748719,0.8695652173913118,0.8550724637681159,0.5217391304347826,0.2608695652173913,0.8934911242603549,0.0,0.0,0.036144578313253,0.0,0.3333333333333333,-1,0.2340425531914893,-0.923453458294932,0.4154754841205461,0.7713178294573644,0.217391304347826,0.375,0.9375,0.5782886110021683,0.7197798823213983,0.2626495350371935,0.0,1.0,0.37132903933525085,0.2810863256454468
0.4048153499052845,0.2263085805337292,0.1188869644777832,0.8695652173913118,0.7971014492753623,0.1304347826086956,0.0869565217391304,0.8934911242603549,0.0,0.0,0.5301204819277109,0.0,0.6666666666666667,-1,0.7446808510638298,1.5698627864411592,1.8556926780102927,0.8953488372093024,0.5177865612648221,0.4375,0.0833333333333333,0.6959473298426138,0.6109809972393923,0.4162896638657991,0.4056838710822128,1.0,0.3713289797306061,0.2810863256454468
0.2472061281629526,0.1497694438583581,0.2169418295075544,0.8695652173913118,0.217391304347826,0.6086956521739131,0.2608695652173913,0.8934911242603549,0.0,0.0,0.8674698795180723,0.0,0.6666666666666667,-1,0.7446808510638298,-1.6112648361531638,0.2460381671923406,0.5658914728682171,0.3122529644268774,0.8541666666666666,0.4583333333333333,0.5787384613179356,0.5908731984451865,0.0,0.4056838710822128,1.0,0.37132903933525085,0.28108638525009155
0.3521124574185896,0.1319718041512219,0.1579664269913185,0.8695652173913118,0.893719806763285,0.6521739130434783,0.5217391304347826,0.8934911242603549,0.0,0.244650542118226,0.8433734939759037,0.4999999999999999,0.7739760316291208,-1,0.7446808510638298,-0.4075949249012579,-0.8553043928409952,0.751937984496124,0.541501976284585,0.9583333333333331,0.2708333333333333,0.5297089099651902,0.5656894426671375,0.0,0.0,1.0,0.37132903933525085,0.28108641505241394
0.3299735335706777,0.1748166165990063,0.1594007450778243,0.8695652173913118,0.8550724637681159,0.4782608695652174,0.1304347826086956,0.893609467455621,0.0,0.0,0.4698795180722891,0.3154648767857286,0.3333333333333333,0,0.2340425531914893,-0.1496656582044209,1.0085060933692656,0.7248062015503876,0.9683794466403162,0.3333333333333333,0.0416666666666666,0.6094428038784028,0.6793162859194741,0.2626495350371935,0.0,1.0,0.3713289797306061,0.28108638525009155
0.3673976924792801,0.2298662671273945,0.1282259815835157,0.8695652173913118,0.8550724637681159,0.0869565217391304,0.3043478260869565,0.893609467455621,0.3800937667159342,0.0,0.710843373493976,0.3154648767857286,0.5283208335737187,-1,0.2340425531914893,1.3119335197443225,-0.0081178081999676,0.7209302325581395,0.4703557312252964,0.7916666666666666,0.4791666666666666,0.6752613978805913,0.5505398906207521,0.0,0.0,1.0,0.3713289797306061,0.2810862958431244
0.0978839094297586,0.2386938239375837,0.4343726617038169,0.8695652173913118,0.8550724637681159,0.782608695652174,0.0434782608695652,0.893609467455621,0.2398124665681314,0.0,0.5783132530120483,0.3154648767857286,0.3333333333333333,0,0.7446808510638298,-2.8149347474050703,2.194567311866704,0.3953488372093023,0.8893280632411067,0.2916666666666666,0.1666666666666666,0.4636341546538416,0.5361733451982291,0.0,0.0,1.0,0.3713289797306061,0.2810862958431244
0.1693370804641318,0.1299703373928096,0.320986769543652,0.8695652173913118,0.3913043478260869,0.4782608695652174,0.3913043478260869,0.893609467455621,0.2398124665681314,0.0,0.072289156626506,0.0,0.5283208335737187,-1,0.7446808510638298,0.280216452956974,-0.3469924420563787,0.8992248062015504,0.2450592885375493,0.3541666666666666,0.5833333333333333,0.3512244616487827,0.5865511415874216,0.0,0.4056838710822128,1.0,0.37132903933525085,0.28108641505241394
0.2772599311338402,0.1571700423164592,0.1990401614414308,0.8695652173913118,0.2753623188405797,0.6956521739130435,0.3478260869565217,0.893609467455621,0.2398124665681314,0.0,0.036144578313253,0.0,0.3333333333333333,-1,0.7446808510638298,-1.0094298805272108,0.5001941425846489,0.8217054263565892,0.217391304347826,0.375,0.9375,0.5294747561163842,0.5352515712375019,0.0,0.2559580248098154,1.0,0.37132900953292847,0.2810863256454468
0.4631835678338585,0.3409517775993802,0.0845023887807356,0.8695652173913118,0.6956521739130435,0.1739130434782608,0.7391304347826086,0.893609467455621,0.3800937667159342,0.489301084236452,0.1325301204819277,0.4999999999999999,0.3333333333333333,1,0.7446808510638298,0.9680278308152062,-1.363616343625612,0.7751937984496124,0.6600790513833992,0.5416666666666666,0.5,0.5278238977330134,0.4175867749453357,0.0,0.0,1.0,0.3713289797306061,0.2810863256454468
0.7565811073423715,0.709817093792579,0.0242079743291084,0.8695652173913118,0.9758454106280192,0.0,0.8260869565217391,0.893609467455621,0.0,0.489301084236452,0.0,0.7324867603589634,0.0,1,0.7446808510638298,2.257674164299391,-3.481582805228181,0.003875968992248,0.2055335968379446,0.6875,0.0,0.6767765667452028,0.3518809068576407,0.0,0.0,1.0,0.3713289797306061,0.2810862958431244
0.3574205397439635,0.1587196253996665,0.1611156290630898,0.8695652173913118,0.6183574879227053,0.5652173913043479,0.3043478260869565,0.8937278106508875,0.0,0.0,0.4698795180722891,0.3154648767857286,0.3333333333333333,0,0.7446808510638298,-0.1496656582044209,1.0085060933692656,0.6976744186046512,0.9683794466403162,0.3333333333333333,0.0416666666666666,0.4948156431549726,0.555773779017144,0.0,0.0,1.0,0.37132900953292847,0.28108638525009155
0.3821090816125512,0.2216604930264989,0.1424607416918619,0.8695652173913118,0.3478260869565217,0.217391304347826,0.4347826086956522,0.8937278106508875,0.4796249331362629,0.0,0.710843373493976,0.3154648767857286,0.5283208335737187,-1,0.7446808510638298,1.225957097512043,0.076600850264135,0.7209302325581395,0.4703557312252964,0.7916666666666666,0.4791666666666666,0.5430457416974714,0.420921589294962,0.0,0.2559580248098154,1.0,0.37132900953292847,0.28108638525009155
0.2652171354868147,0.0804153526335065,0.228068209202461,0.8695652173913118,0.2898550724637681,0.5217391304347826,0.3478260869565217,0.893846153846154,0.0,0.0,0.9879518072289156,0.3154648767857286,0.5283208335737187,-1,0.7659574468085106,-0.665524191598095,-0.1775551251281732,0.5542635658914729,0.2450592885375493,0.2708333333333333,0.5833333333333333,0.4945102368919729,0.5723179647552674,0.2626495350371935,0.5119160496196309,1.0,0.37132900953292847,0.2810863256454468
0.1226441897976411,0.2351741469323915,0.355900335557304,0.8695652173913118,0.6956521739130435,0.8260869565217391,0.6956521739130435,0.8939644970414204,0.5568273036287807,0.38776193503849,0.8072289156626506,0.6309297535714573,0.5283208335737187,1,0.7659574468085106,-3.8466518141924175,-1.1094603682333035,0.1976744186046511,0.826086956521739,0.0,0.375,0.336215167783209,0.5268996705767497,0.0,0.0,1.0,0.3713289499282837,0.2810862362384796
0.3307581332732818,0.180490139602538,0.1550833432309885,0.8695652173913118,0.78743961352657,0.3043478260869565,0.6086956521739131,0.8939644970414204,0.0,0.244650542118226,0.9518072289156628,0.6309297535714573,0.0,1,0.7659574468085106,1.0540042530474851,-1.871928294410229,0.9689922480620154,0.5533596837944663,0.0416666666666666,0.8541666666666666,0.6296632971160554,0.5221347829538847,0.0,0.0,1.0,0.3713289797306061,0.28108638525009155
0.4541347982864525,0.2173465425309795,0.1077284704130473,0.8695652173913118,0.893719806763285,0.0434782608695652,0.4347826086956522,0.8939644970414204,0.0,0.0,0.4698795180722891,0.4999999999999999,0.3333333333333333,1,0.7659574468085106,2.171697742067112,0.5849128010487517,0.5310077519379844,0.217391304347826,0.0833333333333333,0.9375,0.6007890233553741,0.5463362806154879,0.525299070074387,0.4056838710822128,1.0,0.3713289797306061,0.28108638525009155
0.3415807221533218,0.1898600150169447,0.1477898256233795,0.8695652173913118,0.9758454106280192,0.1739130434782608,0.5652173913043479,0.8939644970414204,0.0,0.0,0.746987951807229,0.0,0.0,0,0.7659574468085106,2.257674164299391,-0.1775551251281732,0.8837209302325582,0.6996047430830039,0.1666666666666666,0.3333333333333333,0.555153434398026,0.491528952750373,0.0,0.0,1.0,0.3713289797306061,0.28108638525009155
0.6233906807315017,0.3935240617900939,0.0563232480356034,0.8695652173913118,0.8550724637681159,0.0869565217391304,0.4782608695652174,0.8939644970414204,0.2398124665681314,0.38776193503849,0.5301204819277109,0.4999999999999999,0.3333333333333333,1,0.7659574468085106,1.3119335197443225,0.076600850264135,0.8953488372093024,0.9051383399209486,0.4375,0.3541666666666666,0.683191369859175,0.3505795369540494,0.0,0.0,1.0,0.3713289797306061,0.2810863256454468
0.5671654966989947,0.3758747471465506,0.063543214086176,0.8695652173913118,0.217391304347826,0.3913043478260869,0.7391304347826086,0.8939644970414204,0.0,0.5680609671737329,0.4819277108433735,0.3154648767857286,0.0,1,0.7659574468085106,0.194240030724695,-1.4483350020897148,0.4728682170542636,0.6600790513833992,0.4791666666666666,0.5,0.4178397289461582,0.4058213390557073,0.4162896638657991,0.0,1.0,0.3713289797306061,0.28108638525009155
0.3565408369715577,0.2191467687466677,0.1343410722864658,0.8695652173913118,0.7971014492753623,0.1304347826086956,0.6521739130434783,0.8939644970414204,0.0,0.244650542118226,0.1325301204819277,0.3154648767857286,0.0,1,0.7659574468085106,1.0540042530474851,-0.6011484174486871,0.7751937984496124,0.7549407114624506,0.5416666666666666,0.9583333333333331,0.5409147816693607,0.534090246589769,0.2626495350371935,0.0,1.0,0.3713289499282837,0.2810862958431244
0.6615868035341248,0.5397951586480216,0.0396204926452791,0.8695652173913118,0.2753623188405797,0.0,0.2608695652173913,0.8939644970414204,0.0,0.0,0.0,0.3154648767857286,0.0,1,0.7659574468085106,2.601579853228507,0.5001941425846489,0.003875968992248,0.3122529644268774,0.6875,0.4583333333333333,0.6705145555292671,0.4886002572651802,0.2626495350371935,0.5119160496196309,1.0,0.3713289499282837,0.2810862958431244
0.7444966734695978,0.6856804751603869,0.0242079743291084,0.8695652173913118,0.3913043478260869,0.217391304347826,0.782608695652174,0.8939644970414204,0.5568273036287807,0.0,0.710843373493976,0.3154648767857286,0.0,1,0.7659574468085106,1.139980675279764,-2.803833537515359,0.7209302325581395,0.3992094861660079,0.7916666666666666,0.2916666666666666,0.5686971433332926,0.4407617155177901,0.0,0.0,1.0,0.37132900953292847,0.28108641505241394
0.3673976924792801,0.2864523129125704,0.1157282894535847,0.8695652173913118,0.3381642512077294,0.7391304347826086,0.8260869565217391,0.894319526627219,0.6199062332840658,0.0,0.8313253012048193,0.3154648767857286,0.0,1,0.7872340425531914,-1.5252884139208849,-3.7357387806204896,0.6550387596899224,0.2055335968379446,0.5,0.0,0.3983915925714087,0.3471731542485845,0.0,0.2559580248098154,1.0,0.37132900953292847,0.28108641505241394
0.1667251461514276,0.1517234261883286,0.3069992776950909,0.8695652173913118,0.5652173913043478,0.782608695652174,0.5217391304347826,0.8944378698224851,0.2398124665681314,0.244650542118226,0.5783132530120483,0.0,0.5283208335737187,-1,0.7872340425531914,-2.9009111696373493,-0.7705857343768925,0.3953488372093023,0.541501976284585,0.2916666666666666,0.2708333333333333,0.4139479394865768,0.5707359308122022,0.0,0.0,1.0,0.3713289797306061,0.2810862958431244
0.160723383825396,0.0804153526335065,0.3621979249379373,0.8695652173913118,0.217391304347826,0.5652173913043479,0.0,0.8944378698224851,0.0,0.0,0.4698795180722891,0.3154648767857286,0.3333333333333333,0,0.7872340425531914,-0.1496656582044209,2.618160604187218,0.6976744186046512,0.0039525691699604,0.3333333333333333,0.6875,0.4935897383584879,0.6645265165290783,0.0,0.4056838710822128,1.0,0.3713288903236389,0.28108614683151245
0.2743742675080546,0.1279639949492921,0.2016436716397868,0.8695652173913118,0.748792270531401,0.4782608695652174,0.3043478260869565,0.8944378698224851,0.4796249331362629,0.0,0.072289156626506,0.6309297535714573,0.0,1,0.7872340425531914,0.022287186260137,1.262662068761574,0.8992248062015504,0.9683794466403162,0.3541666666666666,0.0416666666666666,0.3833338340522654,0.540020765260737,0.0,0.2559580248098154,1.0,0.3713289797306061,0.2810862362384796
0.213810593499597,0.195431196344384,0.2268460807314433,0.8695652173913118,0.7971014492753623,0.6521739130434783,0.0869565217391304,0.8944378698224851,0.4796249331362629,0.0,0.036144578313253,0.7324867603589634,0.3333333333333333,1,0.7872340425531914,-1.181382724991769,2.194567311866704,0.8217054263565892,0.5177865612648221,0.375,0.0833333333333333,0.5247019144239518,0.5901116877426118,0.0,0.5943161289177871,1.0,0.3713289499282837,0.2810862362384796
0.2652171354868147,0.2491634966915041,0.1707060782715994,0.8695652173913118,0.8019323671497585,0.2608695652173913,0.0434782608695652,0.8944378698224851,0.2398124665681314,0.0,0.5301204819277109,0.4999999999999999,0.6666666666666667,-1,0.7872340425531914,0.452169297421532,1.0932247518333684,0.3062015503875969,0.7786561264822134,0.4583333333333333,0.5416666666666666,0.5894109117825008,0.5393498896243076,0.0,0.4056838710822128,1.0,0.3713289797306061,0.2810862362384796
0.2946574680039054,0.1786033044914547,0.1720985523201007,0.8695652173913118,0.4637681159420289,0.3478260869565217,0.1739130434782608,0.8944378698224851,0.0,0.0,0.2409638554216867,0.6309297535714573,0.3333333333333333,1,0.7872340425531914,-0.0636892359721419,2.194567311866704,0.2364341085271318,0.8893280632411067,0.5833333333333333,0.1666666666666666,0.5340803882144165,0.5137001159109118,0.6098533345119622,0.0,1.0,0.3713288903236389,0.28108617663383484
0.3483835289959233,0.1633509581233636,0.150722109144145,0.8695652173913118,0.6183574879227053,0.6956521739130435,0.3913043478260869,0.8944378698224851,0.3800937667159342,0.0,0.8674698795180723,0.3154648767857286,0.5283208335737187,-1,0.7872340425531914,-2.127123369546838,0.2460381671923406,0.5658914728682171,0.4703557312252964,0.8541666666666666,0.4791666666666666,0.578415817313273,0.4304494324605421,0.0,0.5119160496196309,1.0,0.3713289797306061,0.2810862958431244
0.1570777071121351,0.1633509581233636,0.3190162254102184,0.8695652173913118,0.2898550724637681,0.4347826086956522,0.1304347826086956,0.8944378698224851,0.2398124665681314,0.0,0.3012048192771084,0.3154648767857286,0.0,1,0.7872340425531914,0.5381457196538111,1.3473807272256766,0.2093023255813953,0.901185770750988,0.9375,0.4375,0.5220010709179053,0.6967984289717213,0.0,0.2559580248098154,1.0,0.3713289499282837,0.2810862362384796
0.2788738280771332,0.1691037393641927,0.1844317783900017,0.8695652173913118,0.9758454106280192,0.6086956521739131,0.217391304347826,0.8944378698224851,0.3800937667159342,0.0,0.8433734939759037,0.4999999999999999,0.3333333333333333,1,0.7872340425531914,-0.665524191598095,1.177943410297471,0.751937984496124,0.7233201581027667,0.9583333333333331,0.7916666666666666,0.5415577040034076,0.5806142572531197,0.0,0.2559580248098154,1.0,0.3713289797306061,0.2810862958431244
0.3220399140521013,0.1076270810487989,0.1776237457587089,0.9130434782608745,0.038647342995169,0.3913043478260869,0.4347826086956522,0.909585798816568,0.0,0.0,0.5060240963855422,0.3154648767857286,0.3333333333333333,0,0.0,0.022287186260137,-0.0081178081999676,0.1511627906976744,0.8221343873517786,0.3125,0.6458333333333333,0.3183381250984356,0.3546271762528377,0.0,0.0,,,
0.3543329020017287,0.1823726619438934,0.1403703343170966,0.9130434782608745,0.1594202898550724,0.1739130434782608,0.6521739130434783,0.909585798816568,0.0,0.0,0.2409638554216867,0.4999999999999999,0.3333333333333333,1,0.0,0.022287186260137,-0.0081178081999676,0.2364341085271318,0.826086956521739,0.5833333333333333,0.375,0.6258906916388132,0.542013215098595,0.0,0.0,,,
0.4953691492674276,0.2386938239375837,0.0929423040259591,0.9130434782608745,0.0917874396135265,0.0,0.8260869565217391,0.9097041420118344,0.0,0.0,0.9518072289156628,0.7324867603589634,0.0,1,0.0,0.022287186260137,-0.0081178081999676,0.1627906976744186,0.5217391304347826,0.0416666666666666,0.3541666666666666,0.5549605108717017,0.3873652337855611,0.0,0.0,,,
0.0921625316054402,0.2386938239375837,0.4448143044979348,0.9130434782608745,0.0144927536231884,0.6086956521739131,0.0869565217391304,0.9097041420118344,0.0,0.0,0.8313253012048193,0.3154648767857286,0.5283208335737187,-1,0.0,0.022287186260137,-0.0081178081999676,0.4224806201550387,0.901185770750988,0.0625,0.4375,0.3628764627832797,0.7040935841786131,0.0,0.0,,,
0.243306519664636,0.1034987357343872,0.2329222480557755,0.9130434782608745,0.178743961352657,0.5217391304347826,0.4782608695652174,0.9097041420118344,0.0,0.0,0.9879518072289156,0.0,0.0,0,0.0,0.022287186260137,-0.0081178081999676,0.8992248062015504,0.3478260869565217,0.2708333333333333,0.0833333333333333,0.5803399106684559,0.6222291912030122,0.0,0.0,1.0,0.37132903933525085,0.28108641505241394
0.2894665653536619,0.1319718041512219,0.1871250653804471,0.9130434782608745,0.1304347826086956,0.0434782608695652,0.5652173913043479,0.9097041420118344,0.0,0.0,0.4698795180722891,0.6309297535714573,0.5283208335737187,1,0.0,0.022287186260137,-0.0081178081999676,0.3178294573643411,0.075098814229249,0.3333333333333333,0.1666666666666666,0.510335333735261,0.559483552304765,0.0,0.0,1.0,0.37132903933525085,0.28108641505241394
0.1357526833608863,0.1710124381692548,0.3540839359469439,0.9130434782608745,0.0241545893719806,0.782608695652174,0.2608695652173913,0.9097041420118344,0.0,0.0,0.5903614457831325,0.0,0.3333333333333333,-1,0.0,0.022287186260137,-0.0081178081999676,0.5465116279069767,0.0039525691699604,0.3958333333333333,0.6875,0.4125866439632628,0.732443128438206,0.0,0.0,1.0,0.37132903933525085,0.28108641505241394
0.3882487490159351,0.2009649450398827,0.1266835100238632,0.9130434782608745,0.1207729468599033,0.3478260869565217,0.3043478260869565,0.9097041420118344,0.0,0.0,0.5301204819277109,0.4999999999999999,0.5283208335737187,0,0.0,0.022287186260137,-0.0081178081999676,0.3062015503875969,0.7233201581027667,0.4583333333333333,0.7916666666666666,0.6284545538441415,0.5352515712375019,0.0,0.0,1.0,0.37132903933525085,0.28108641505241394
0.3659673718385282,0.1652730200593355,0.1418645197115972,0.9130434782608745,0.0,0.7391304347826086,0.1304347826086956,0.9097041420118344,0.0,0.0,0.963855421686747,0.3154648767857286,0.5283208335737187,-1,0.0,0.022287186260137,-0.0081178081999676,0.872093023255814,0.4703557312252964,0.9375,0.4791666666666666,0.5764631472784394,0.4324766594626439,0.0,0.0,1.0,0.37132903933525085,0.28108644485473633
0.2806592863842163,0.1517234261883286,0.1830787761130242,0.9130434782608745,0.072463768115942,0.217391304347826,0.6956521739130435,0.9097041420118344,0.0,0.0,0.8433734939759037,0.4999999999999999,0.3333333333333333,1,0.0,0.022287186260137,-0.0081178081999676,0.751937984496124,0.7707509881422925,0.9583333333333331,0.5416666666666666,0.5166855745490109,0.583214322131296,0.0,0.0,1.0,0.37132903933525085,0.28108641505241394
0.2180133943192885,0.1517234261883286,0.2377220507032456,0.9130434782608745,0.0241545893719806,0.2608695652173913,0.8260869565217391,0.9100591715976328,0.2398124665681314,0.0,0.1325301204819277,0.4999999999999999,0.0,1,0.0,-0.0636892359721419,0.3307568256564434,0.7674418604651163,0.1620553359683794,0.5416666666666666,0.0416666666666666,0.7249480257663843,0.6874415962811551,0.0,0.2559580248098154,1.0,0.37132903933525085,0.28108641505241394
0.327610265581966,0.1935783200493599,0.150722109144145,0.9130434782608745,0.0241545893719806,0.0869565217391304,0.0,0.9100591715976328,0.0,0.0,0.710843373493976,0.4999999999999999,0.3333333333333333,1,0.0,0.022287186260137,0.076600850264135,0.7209302325581395,0.7470355731225296,0.7916666666666666,0.9583333333333331,0.6929024372475883,0.6225941507904442,0.0,0.2559580248098154,1.0,0.37132903933525085,0.28108644485473633
0.2833223142109514,0.186124846865483,0.1748700320482838,0.9130434782608745,0.0966183574879227,0.3478260869565217,0.6086956521739131,0.9100591715976328,0.2398124665681314,0.0,0.036144578313253,0.4999999999999999,0.3333333333333333,1,0.0212765957446808,-0.0636892359721419,-0.0081178081999676,0.8217054263565892,0.3122529644268774,0.375,0.4583333333333333,0.5409147816693607,0.6309231245899201,0.0,0.0,1.0,0.37132903933525085,0.28108641505241394
0.5536425858138632,0.3409517775993802,0.0688796537401247,0.9130434782608745,0.1352657004830917,0.5652173913043479,0.5217391304347826,0.9101775147928994,0.0,0.0,0.0602409638554216,0.3154648767857286,0.3333333333333333,0,0.0212765957446808,0.022287186260137,-0.0081178081999676,0.3488372093023256,0.150197628458498,0.0833333333333333,0.3125,0.6001060224902524,0.3347193797919658,0.0,0.0,1.0,0.37132903933525085,0.28108644485473633
0.4365837720978333,0.1935783200493599,0.1141401994089745,0.9130434782608745,0.0048309178743961,0.0,0.782608695652174,0.9101775147928994,0.0,0.244650542118226,0.5301204819277109,0.4999999999999999,0.3333333333333333,1,0.0212765957446808,0.108263608492416,-0.0928364666640704,0.8953488372093024,0.8735177865612648,0.4375,0.9375,0.6747739434044961,0.5696706307830623,0.2626495350371935,0.0,1.0,0.37132903933525085,0.28108641505241394
0.3392866233847654,0.1633509581233636,0.1536345126238203,0.9130434782608745,0.0338164251207729,0.217391304347826,0.1739130434782608,0.9101775147928994,0.0,0.0,0.4819277108433735,0.3154648767857286,0.3333333333333333,0,0.0212765957446808,0.108263608492416,0.076600850264135,0.4728682170542636,0.3201581027667984,0.4791666666666666,0.3333333333333333,0.4484862833254515,0.502042232471658,0.2626495350371935,0.2559580248098154,1.0,0.37132903933525085,0.28108641505241394
0.2618674790221985,0.1521136669754292,0.2196883407790196,0.9130434782608745,0.1256038647342995,0.3043478260869565,0.2608695652173913,0.9101775147928994,0.0,0.244650542118226,0.1325301204819277,0.4999999999999999,0.0,1,0.0212765957446808,0.108263608492416,0.1613195087282378,0.7674418604651163,0.1620553359683794,0.5416666666666666,0.0416666666666666,0.5679996490539141,0.5499029654549656,0.2626495350371935,0.0,1.0,0.37132903933525085,0.28108644485473633
0.1714612451252653,0.0930864204947734,0.3307061404271921,0.9130434782608745,0.0289855072463768,0.0869565217391304,0.6956521739130435,0.9101775147928994,0.0,0.0,0.216867469879518,0.4999999999999999,0.0,1,0.0212765957446808,0.022287186260137,-0.0081178081999676,0.8178294573643411,0.9051383399209486,0.6458333333333333,0.2708333333333333,0.3732721738757911,0.5822452771975095,0.0,0.0,1.0,0.37132903933525085,0.28108641505241394
0.4365837720978333,0.213734242153549,0.1109462972030086,0.9130434782608745,0.1062801932367149,0.4782608695652174,0.0434782608695652,0.9101775147928994,0.0,0.0,0.0120481927710843,0.0,0.3333333333333333,-1,0.0212765957446808,0.108263608492416,0.076600850264135,0.003875968992248,0.2450592885375493,0.6875,0.5833333333333333,0.7321088280623893,0.6293430403382756,0.2626495350371935,0.2559580248098154,1.0,0.37132903933525085,0.28108644485473633
0.3119738014226194,0.1497694438583581,0.1781723765712392,0.9130434782608745,0.1400966183574879,0.1304347826086956,0.4347826086956522,0.9101775147928994,0.0,0.244650542118226,0.710843373493976,0.4999999999999999,0.3333333333333333,1,0.0212765957446808,0.108263608492416,-0.0081178081999676,0.7209302325581395,0.7549407114624506,0.7916666666666666,0.9583333333333331,0.5010705578589014,0.5413523942565437,0.2626495350371935,0.0,1.0,0.37132903933525085,0.28108641505241394
0.384166343137456,0.213734242153549,0.1235818512942709,0.9130434782608745,0.1159420289855072,0.3913043478260869,0.8260869565217391,0.910295857988166,0.2398124665681314,0.244650542118226,0.746987951807229,0.3154648767857286,0.0,1,0.0212765957446808,-0.0636892359721419,-0.0928364666640704,0.0736434108527131,0.4268774703557312,0.1666666666666666,0.0625,0.5728061453696229,0.3866559884814302,0.0,0.0,1.0,0.37132903933525085,0.28108641505241394
0.3252326601871359,0.1823726619438934,0.1536345126238203,0.9130434782608745,0.1739130434782608,0.3913043478260869,0.6086956521739131,0.910414201183432,0.2398124665681314,0.38776193503849,0.5301204819277109,0.4999999999999999,0.3333333333333333,1,0.0425531914893616,-0.0636892359721419,-0.0928364666640704,0.3062015503875969,0.7549407114624506,0.4583333333333333,0.9583333333333331,0.6223539936766611,0.5187727988630417,0.0,0.0,1.0,0.37132903933525085,0.28108641505241394
0.4317676448765387,0.195431196344384,0.1141401994089745,0.9130434782608745,0.038647342995169,0.1739130434782608,0.782608695652174,0.910414201183432,0.0,0.244650542118226,0.1325301204819277,0.3154648767857286,0.0,1,0.0425531914893616,0.280216452956974,-0.3469924420563787,0.7674418604651163,0.5217391304347826,0.5416666666666666,0.3541666666666666,0.578092379595817,0.4369274186946001,0.4162896638657991,0.0,1.0,0.37132903933525085,0.28108644485473633
0.2725598780610629,0.1575577115002546,0.1898015716576803,0.9130434782608745,0.144927536231884,0.0,0.7391304347826086,0.910414201183432,0.0,0.244650542118226,0.710843373493976,0.3154648767857286,0.0,1,0.0425531914893616,0.194240030724695,-0.1775551251281732,0.7209302325581395,0.9051383399209486,0.7916666666666666,0.2708333333333333,0.5626470498185621,0.5844954366700656,0.4162896638657991,0.0,1.0,0.37132903933525085,0.28108644485473633
0.3204337338508198,0.1729167237939524,0.1579664269913185,0.9130434782608745,0.0676328502415458,0.1304347826086956,0.217391304347826,0.9105325443786983,0.3800937667159342,0.0,0.9518072289156628,0.3154648767857286,0.0,1,0.0425531914893616,0.022287186260137,0.1613195087282378,0.1627906976744186,0.2450592885375493,0.0416666666666666,0.5833333333333333,0.5549605108717017,0.6262413790068642,0.0,0.4056838710822128,1.0,0.37132903933525085,0.28108644485473633
0.2074206570427599,0.105565495076829,0.2687894063040527,0.9130434782608745,0.0241545893719806,0.8260869565217391,0.5652173913043479,0.9105325443786983,0.3800937667159342,0.38776193503849,0.2289156626506024,0.0,0.6666666666666667,-1,0.0425531914893616,-0.1496656582044209,-0.1775551251281732,0.4224806201550387,0.6284584980237153,0.0625,0.9375,0.4122441063383233,0.5782965051184144,0.0,0.0,1.0,0.37132903933525085,0.28108644485473633
0.3587364024929171,0.1748166165990063,0.1418645197115972,0.9130434782608745,0.1497584541062802,0.2608695652173913,0.4782608695652174,0.9105325443786983,0.0,0.0,0.0602409638554216,0.6309297535714573,0.0,1,0.0425531914893616,0.022287186260137,0.076600850264135,0.3488372093023256,0.3201581027667984,0.0833333333333333,0.3333333333333333,0.6231609594943579,0.488270807510142,0.0,0.0,1.0,0.37132903933525085,0.28108644485473633
0.4643001139467939,0.2421985235485197,0.0979277897832237,0.9130434782608745,0.0193236714975845,0.0869565217391304,0.5217391304347826,0.9105325443786983,0.0,0.0,0.746987951807229,0.8154648767857287,0.3333333333333333,1,0.0425531914893616,0.022287186260137,0.1613195087282378,0.0736434108527131,0.8221343873517786,0.1666666666666666,0.6458333333333333,0.5254289799618335,0.3731927920651208,0.2626495350371935,0.2559580248098154,1.0,0.37132903933525085,0.28108641505241394
0.163135129409082,0.1575577115002546,0.310035176322324,0.9130434782608745,0.1545893719806763,0.6956521739130435,0.3478260869565217,0.9105325443786983,0.2398124665681314,0.0,0.5903614457831325,0.4999999999999999,0.5283208335737187,0,0.0425531914893616,-0.0636892359721419,-0.0081178081999676,0.5465116279069767,0.826086956521739,0.3958333333333333,0.375,0.4131555642988302,0.544192408218553,0.0,0.2559580248098154,1.0,0.37132903933525085,0.28108641505241394
0.3131233316596761,0.1438795272252668,0.1720985523201007,0.9130434782608745,0.1594202898550724,0.4347826086956522,0.0434782608695652,0.9105325443786983,0.2398124665681314,0.0,0.0,0.0,0.0,0,0.0425531914893616,0.022287186260137,0.1613195087282378,0.003875968992248,0.901185770750988,0.6875,0.4375,0.7316060458507165,0.6292294516224579,0.0,0.4056838710822128,1.0,0.37132903933525085,0.28108644485473633
0.1738080031587563,0.0761479691706217,0.3345331400616202,0.9130434782608745,0.1642512077294685,0.8260869565217391,0.0434782608695652,0.9112426035502956,0.3800937667159342,0.0,0.072289156626506,0.0,0.6666666666666667,-1,0.0638297872340425,-0.4075949249012579,0.2460381671923406,0.5348837209302325,0.3478260869565217,0.3541666666666666,0.0833333333333333,0.4362152512037991,0.6064697098292664,0.0,0.2559580248098154,1.0,0.37132903933525085,0.28108641505241394
0.4383746697484402,0.2173465425309795,0.1077284704130473,0.9130434782608745,0.0434782608695652,0.6956521739130435,0.3913043478260869,0.9112426035502956,0.4796249331362629,0.0,0.8433734939759037,0.0,0.7739760316291208,-1,0.0638297872340425,-0.1496656582044209,-0.0081178081999676,0.751937984496124,0.150197628458498,0.9583333333333331,0.3125,0.5389669333777456,0.3230567774647142,0.0,0.0,1.0,0.37132903933525085,0.28108641505241394
0.2877208723979957,0.1339684188642493,0.1857805326151629,0.9130434782608745,0.1497584541062802,0.6086956521739131,0.6521739130434783,0.911360946745562,0.3800937667159342,0.0,0.9879518072289156,0.6309297535714573,0.0,1,0.0638297872340425,-0.2356420804366999,-0.0081178081999676,0.8992248062015504,0.3122529644268774,0.2708333333333333,0.4583333333333333,0.5259114661911359,0.5726669729768947,0.0,0.2559580248098154,1.0,0.37132903933525085,0.28108641505241394
0.4817453270032994,0.2831313279057526,0.0862036894908637,0.9130434782608745,0.0772946859903381,0.2608695652173913,0.7391304347826086,0.911360946745562,0.2398124665681314,0.0,0.4698795180722891,0.6309297535714573,0.3333333333333333,1,0.0638297872340425,-0.1496656582044209,-0.0928364666640704,0.3178294573643411,0.533596837944664,0.3333333333333333,0.3958333333333333,0.5411294386235777,0.433777889527138,0.0,0.0,1.0,0.37132903933525085,0.28108641505241394
0.3786561304603679,0.2508955754913384,0.1173105301661802,0.9130434782608745,0.0241545893719806,0.1739130434782608,0.3478260869565217,0.911360946745562,0.0,0.0,0.036144578313253,0.3154648767857286,0.0,1,0.0638297872340425,0.022287186260137,0.3307568256564434,0.8217054263565892,0.7707509881422925,0.375,0.5416666666666666,0.5434678202492913,0.5393498896243076,0.0,0.5119160496196309,1.0,0.37132903933525085,0.28108641505241394
0.4383746697484402,0.2881077972202446,0.0946105696869833,0.9130434782608745,0.1545893719806763,0.3043478260869565,0.0,0.911360946745562,0.0,0.0,0.5301204819277109,0.0,0.5283208335737187,-1,0.0638297872340425,0.194240030724695,0.3307568256564434,0.8953488372093024,0.075098814229249,0.4375,0.1666666666666666,0.6800976416283715,0.5531742056377495,0.0,0.4056838710822128,1.0,0.37132903933525085,0.28108644485473633
0.2788738280771332,0.1438795272252668,0.1871250653804471,0.9130434782608745,0.0483091787439613,0.4347826086956522,0.0869565217391304,0.911360946745562,0.0,0.0,0.4819277108433735,0.3154648767857286,0.3333333333333333,0,0.0638297872340425,0.108263608492416,0.2460381671923406,0.4728682170542636,0.7233201581027667,0.4791666666666666,0.7916666666666666,0.408180467317172,0.5667871588224187,0.0,0.5119160496196309,1.0,0.37132903933525085,0.28108644485473633
0.2041861895454232,0.1014267769918961,0.2732066983659234,0.9130434782608745,0.0,0.5217391304347826,0.1304347826086956,0.911360946745562,0.2398124665681314,0.0,0.216867469879518,0.3154648767857286,0.3333333333333333,0,0.0638297872340425,-0.1496656582044209,0.076600850264135,0.8178294573643411,0.1620553359683794,0.6458333333333333,0.0416666666666666,0.3661635648391583,0.57091264966122,0.0,0.2559580248098154,1.0,0.37132903933525085,0.28108644485473633
0.4963977782583404,0.2560700626636729,0.0862036894908637,0.9130434782608745,0.0579710144927536,0.217391304347826,0.782608695652174,0.9114792899408286,0.2398124665681314,0.489301084236452,0.2409638554216867,0.3154648767857286,0.3333333333333333,0,0.0638297872340425,0.108263608492416,-0.4317111005204815,0.2364341085271318,0.4268774703557312,0.5833333333333333,0.0625,0.6087197108392177,0.39887457132903,0.0,0.0,1.0,0.37132903933525085,0.28108641505241394
0.2413420673281554,0.0909880673450214,0.238913668299019,0.9130434782608745,0.1739130434782608,0.5652173913043479,0.4782608695652174,0.9115976331360948,0.0,0.0,0.963855421686747,0.0,0.0,0,0.0638297872340425,0.108263608492416,-0.0081178081999676,0.5271317829457365,0.0039525691699604,0.9375,0.6875,0.5297089099651902,0.7416940203012368,0.2626495350371935,0.0,1.0,0.37132903933525085,0.28108641505241394
0.1509251879675984,0.155617538245504,0.3278133492408898,0.9130434782608745,0.1545893719806763,0.6521739130434783,0.1304347826086956,0.9120710059171596,0.2398124665681314,0.0,0.3855421686746988,0.4999999999999999,0.5283208335737187,0,0.0851063829787234,-0.2356420804366999,0.5001941425846489,0.3062015503875969,0.3478260869565217,0.4583333333333333,0.0833333333333333,0.5613661189753452,0.6269369496770543,0.0,0.4056838710822128,1.0,0.37132903933525085,0.28108641505241394
0.202014951745016,0.1299703373928096,0.2609481323355571,0.9130434782608745,0.1400966183574879,0.217391304347826,0.3913043478260869,0.9120710059171596,0.0,0.244650542118226,0.710843373493976,0.3154648767857286,0.3333333333333333,0,0.0851063829787234,0.280216452956974,-0.0081178081999676,0.7209302325581395,0.901185770750988,0.7916666666666666,0.4375,0.5516367426352238,0.6919374178107558,0.0,0.0,1.0,0.37132903933525085,0.28108641505241394
0.4163240619903013,0.2456883726928422,0.1077284704130473,0.9130434782608745,0.0048309178743961,0.0,0.6956521739130435,0.9121893491124258,0.0,0.5680609671737329,0.9518072289156628,0.3154648767857286,0.0,1,0.0851063829787234,0.108263608492416,-0.5164297589845843,0.1627906976744186,0.7470355731225296,0.0416666666666666,0.9583333333333331,0.5782541979126379,0.502042232471658,0.0,0.0,1.0,0.37132903933525085,0.2810864746570587
0.275278321935605,0.2009649450398827,0.1748700320482838,0.9130434782608745,0.144927536231884,0.0869565217391304,0.0434782608695652,0.9121893491124258,0.0,0.0,0.746987951807229,0.3154648767857286,0.5283208335737187,-1,0.0851063829787234,0.5381457196538111,0.076600850264135,0.0736434108527131,0.826086956521739,0.1666666666666666,0.375,0.5642758335643014,0.5467609167159535,0.525299070074387,0.2559580248098154,1.0,0.37132903933525085,0.28108641505241394
0.3131233316596761,0.1198893894325332,0.1776237457587089,0.9130434782608745,0.0676328502415458,0.6086956521739131,0.5217391304347826,0.9121893491124258,0.0,0.0,0.9879518072289156,0.0,0.0,0,0.0851063829787234,0.022287186260137,0.076600850264135,0.8992248062015504,0.4703557312252964,0.2708333333333333,0.4791666666666666,0.5306413773599852,0.440288462850136,0.2626495350371935,0.0,1.0,0.37132903933525085,0.28108641505241394
0.1076996351970062,0.1438795272252668,0.4564448725764429,0.9130434782608745,0.0289855072463768,0.8260869565217391,0.2608695652173913,0.9121893491124258,0.4796249331362629,0.0,0.072289156626506,0.0,0.5283208335737187,-1,0.0851063829787234,-0.665524191598095,-0.0081178081999676,0.7829457364341085,0.0039525691699604,0.3541666666666666,0.6875,0.4489194873797846,0.7421787187712752,0.0,0.0,1.0,0.37132903933525085,0.28108641505241394
0.1533977981919649,0.1158222050398993,0.3485881953045064,0.9130434782608745,0.1497584541062802,0.7391304347826086,0.4782608695652174,0.9121893491124258,0.2398124665681314,0.0,0.5903614457831325,0.3154648767857286,0.6666666666666667,-1,0.0851063829787234,-0.2356420804366999,0.076600850264135,0.5465116279069767,0.5138339920948616,0.3958333333333333,0.9375,0.3447005118849919,0.5463362806154879,0.0,0.0,1.0,0.37132903933525085,0.28108641505241394
0.4643001139467939,0.2577876924119062,0.0962723816929588,0.9130434782608745,0.1497584541062802,0.1304347826086956,0.6521739130434783,0.9128994082840238,0.0,0.0,0.5301204819277109,0.4999999999999999,0.0,1,0.1063829787234042,0.022287186260137,-0.0081178081999676,0.8953488372093024,0.9051383399209486,0.4375,0.2708333333333333,0.6908276865069289,0.5221347829538847,0.0,0.0,1.0,0.37132903933525085,0.28108641505241394
0.1887286820750466,0.1299703373928096,0.2808293193431717,0.9130434782608745,0.1594202898550724,0.8260869565217391,0.217391304347826,0.91301775147929,0.0,0.0,0.2289156626506024,0.0,0.3333333333333333,-1,0.1063829787234042,-0.4075949249012579,-0.0081178081999676,0.4224806201550387,0.3201581027667984,0.0625,0.3333333333333333,0.3709450822757762,0.5354826176332763,0.0,0.2559580248098154,1.0,0.37132903933525085,0.28108641505241394
0.3558062399044571,0.2404480379463791,0.1282259815835157,0.9130434782608745,0.0821256038647342,0.0434782608695652,0.3913043478260869,0.91301775147929,0.0,0.0,0.036144578313253,0.3154648767857286,0.0,1,0.1063829787234042,0.194240030724695,0.2460381671923406,0.8217054263565892,0.7233201581027667,0.375,0.7916666666666666,0.5434678202492913,0.5919320014769502,0.4162896638657991,0.0,1.0,0.37132903933525085,0.28108644485473633
0.3283996060714674,0.1823726619438934,0.1536345126238203,0.9130434782608745,0.1739130434782608,0.5217391304347826,0.2608695652173913,0.91301775147929,0.0,0.244650542118226,0.4819277108433735,0.3154648767857286,0.3333333333333333,0,0.1063829787234042,0.108263608492416,0.4154754841205461,0.4728682170542636,0.075098814229249,0.4791666666666666,0.1666666666666666,0.4467390508236077,0.5505225170928068,0.0,0.0,1.0,0.37132903933525085,0.28108644485473633
0.3995898402153651,0.2351741469323915,0.1141401994089745,0.9130434782608745,0.0241545893719806,0.4347826086956522,0.0,0.91301775147929,0.0,0.0,0.0120481927710843,0.0,0.5283208335737187,-1,0.1063829787234042,0.194240030724695,0.1613195087282378,0.003875968992248,0.1620553359683794,0.6875,0.0416666666666666,0.7370336505578121,0.5687762795842601,0.2626495350371935,0.2559580248098154,1.0,0.37132903933525085,0.28108644485473633
0.394959656495508,0.2227354592427541,0.1188869644777832,0.9130434782608745,0.1545893719806763,0.6086956521739131,0.782608695652174,0.91301775147929,0.6199062332840658,0.38776193503849,0.8433734939759037,0.4999999999999999,0.3333333333333333,1,0.1063829787234042,-0.579547769365816,-0.4317111005204815,0.7441860465116279,0.533596837944664,0.9583333333333331,0.3958333333333333,0.5419845789092297,0.4257712799309356,0.0,0.0,1.0,0.37132903933525085,0.28108641505241394
0.4118885224146686,0.2227354592427541,0.1125462166234288,0.9130434782608745,0.0048309178743961,0.3043478260869565,0.6956521739130435,0.9132544378698224,0.0,0.0,0.963855421686747,0.4999999999999999,0.3333333333333333,1,0.1063829787234042,0.280216452956974,-0.262273783592276,0.5271317829457365,0.3122529644268774,0.9375,0.4583333333333333,0.5297089099651902,0.5979689265392645,0.2626495350371935,0.0,1.0,0.37132903933525085,0.28108641505241394
0.1570777071121351,0.1014267769918961,0.349509048535628,0.9130434782608745,0.0096618357487922,0.782608695652174,0.0869565217391304,0.9153846153846152,0.5568273036287807,0.0,0.072289156626506,0.0,0.3333333333333333,-1,0.1276595744680851,-0.8374770360626529,0.076600850264135,0.7286821705426356,0.2450592885375493,0.3541666666666666,0.5833333333333333,0.4458566494581162,0.6244862796074446,0.0,0.0,1.0,0.37132903933525085,0.28108641505241394
0.2903365044912297,0.1319718041512219,0.1871250653804471,0.9130434782608745,0.1014492753623188,0.8260869565217391,0.7391304347826086,0.9153846153846152,0.4796249331362629,0.244650542118226,0.5903614457831325,0.0,0.5283208335737187,-1,0.1276595744680851,-0.4935713471335369,-0.5164297589845843,0.872093023255814,0.4268774703557312,0.3958333333333333,0.0625,0.411095825822336,0.3582023640367695,0.0,0.0,1.0,0.37132903933525085,0.28108644485473633
0.4512636688110986,0.2979714260801525,0.0912675343887988,0.9130434782608745,0.1304347826086956,0.6521739130434783,0.5217391304347826,0.9153846153846152,0.2398124665681314,0.0,0.5301204819277109,0.3154648767857286,0.3333333333333333,0,0.1276595744680851,-0.3216185026689789,-0.1775551251281732,0.3062015503875969,0.8221343873517786,0.4583333333333333,0.6458333333333333,0.59176667234124,0.3691962973047642,0.0,0.0,1.0,0.37132903933525085,0.28108644485473633
0.1726363807000494,0.1379471858571372,0.3008623466409326,0.9130434782608745,0.1497584541062802,0.5652173913043479,0.3043478260869565,0.9153846153846152,0.2398124665681314,0.244650542118226,0.5783132530120483,0.0,0.5283208335737187,-1,0.1276595744680851,0.280216452956974,0.1613195087282378,0.7674418604651163,0.7233201581027667,0.5416666666666666,0.7916666666666666,0.536546361417775,0.5966671485013586,0.0,0.0,1.0,0.37132903933525085,0.28108644485473633
0.3673976924792801,0.2280893448291361,0.125135479996131,0.9130434782608745,0.0289855072463768,0.2608695652173913,0.0434782608695652,0.9155029585798816,0.0,0.0,0.0602409638554216,0.3154648767857286,0.3333333333333333,0,0.1276595744680851,0.5381457196538111,0.2460381671923406,0.3488372093023256,0.826086956521739,0.0833333333333333,0.375,0.616803608134912,0.5467609167159535,0.0,0.5119160496196309,1.0,0.37132903933525085,0.28108644485473633
0.2903365044912297,0.1536727837037277,0.1789940112517239,0.9130434782608745,0.0048309178743961,0.6956521739130435,0.1304347826086956,0.9155029585798816,0.2398124665681314,0.0,0.9879518072289156,0.0,0.3333333333333333,-1,0.1276595744680851,-0.1496656582044209,0.4154754841205461,0.8992248062015504,0.075098814229249,0.2708333333333333,0.1666666666666666,0.5992817102558747,0.5535774804435099,0.0,0.0,1.0,0.37132903933525085,0.28108644485473633
0.1118322649200114,0.1633509581233636,0.4282900415969118,0.9130434782608745,0.144927536231884,0.4782608695652174,0.3478260869565217,0.9155029585798816,0.0,0.244650542118226,0.5060240963855422,0.3154648767857286,0.5283208335737187,-1,0.1276595744680851,0.3661928751892531,-0.0081178081999676,0.1511627906976744,0.1106719367588932,0.3125,0.6875,0.3222493703992417,0.6788626780195501,0.2626495350371935,0.0,1.0,0.37132903933525085,0.28108644485473633
0.343861470126015,0.1671906068761581,0.1492584693370161,0.9130434782608745,0.0966183574879227,0.4347826086956522,0.217391304347826,0.9155029585798816,0.0,0.0,0.7951807228915663,0.3154648767857286,0.0,1,0.1276595744680851,0.108263608492416,0.3307568256564434,0.4728682170542636,0.1620553359683794,0.4791666666666666,0.0416666666666666,0.4678204722446031,0.5598680701212062,0.0,0.4056838710822128,1.0,0.37132903933525085,0.28108641505241394
0.3565408369715577,0.1419068240886909,0.150722109144145,0.9130434782608745,0.1062801932367149,0.1739130434782608,0.3913043478260869,0.9155029585798816,0.0,0.0,0.963855421686747,0.4999999999999999,0.0,1,0.1276595744680851,0.3661928751892531,0.076600850264135,0.5271317829457365,0.3201581027667984,0.9375,0.3333333333333333,0.5512401288849231,0.5567601671429712,0.4162896638657991,0.4056838710822128,1.0,0.37132903933525085,0.28108641505241394
0.0878160091909683,0.2491634966915041,0.4492127511271676,0.9130434782608745,0.0241545893719806,0.6086956521739131,0.0,0.9155029585798816,0.0,0.0,0.5301204819277109,0.3154648767857286,0.9357849740192014,-1,0.1276595744680851,-0.4935713471335369,0.1613195087282378,0.996124031007752,0.901185770750988,0.9583333333333331,0.4375,0.5602581571271541,0.7022744623282844,0.2626495350371935,0.2559580248098154,1.0,0.37132903933525085,0.28108641505241394
0.2770801983076891,0.0930864204947734,0.2093608468624356,0.9130434782608745,0.0241545893719806,0.1739130434782608,0.782608695652174,0.9158579881656808,0.0,0.0,0.2048192771084337,0.3154648767857286,0.0,1,0.0,-0.1496656582044209,-0.3469924420563787,0.4224806201550387,0.91699604743083,0.6458333333333333,0.0625,0.4926499879214816,0.5468164173164587,0.0,0.2559580248098154,1.0,0.37132903933525085,0.28108641505241394
0.3147596906990093,0.0972671562017328,0.1844317783900017,0.9130434782608745,0.1739130434782608,0.7391304347826086,0.6521739130434783,0.9159763313609468,0.6199062332840658,0.5680609671737329,0.072289156626506,0.0,0.0,0,0.0212765957446808,-0.923453458294932,-0.6858670759127897,0.7286821705426356,0.8735177865612648,0.3541666666666666,0.3958333333333333,0.4178397289461582,0.4438434231113866,0.0,0.0,1.0,0.37132903933525085,0.28108641505241394
0.3537420124505868,0.1717746808574132,0.1504297798590828,0.9130434782608745,0.1545893719806763,0.4347826086956522,0.782608695652174,0.9159763313609468,0.0,0.244650542118226,0.216867469879518,0.3154648767857286,0.0,1,0.0851063829787234,-0.0636892359721419,-0.4317111005204815,0.8178294573643411,0.4268774703557312,0.6458333333333333,0.0625,0.3661635648391583,0.3582023640367695,0.2626495350371935,0.0,1.0,0.37132903933525085,0.28108644485473633
0.3114801115560915,0.1198893894325332,0.1776237457587089,0.9130434782608745,0.0289855072463768,0.3478260869565217,0.7391304347826086,0.9163313609467454,0.2398124665681314,0.0,0.5060240963855422,0.4999999999999999,0.8616541669070521,-1,0.1063829787234042,0.280216452956974,-0.940023051305098,0.1511627906976744,0.7312252964426877,0.3125,0.3541666666666666,0.347909734471542,0.432978648580359,0.0,0.0,1.0,0.37132903933525085,0.28108644485473633
0.2343878875418478,0.1117348360266863,0.2365271184506421,0.9130434782608745,0.0241545893719806,0.0434782608695652,0.3043478260869565,0.916568047337278,0.3800937667159342,0.38776193503849,0.2289156626506024,0.4999999999999999,0.5283208335737187,0,0.0212765957446808,-0.4935713471335369,-0.262273783592276,0.9108527131782944,0.7549407114624506,0.0625,0.2708333333333333,0.5294389873803966,0.7661326525465852,0.0,0.0,1.0,0.37132903933525085,0.2810864746570587
0.349879360661294,0.1359602050001027,0.1550833432309885,0.9130434782608745,0.0241545893719806,0.0,0.3913043478260869,0.916568047337278,0.0,0.0,0.2048192771084337,0.3154648767857286,0.3333333333333333,0,0.0212765957446808,0.022287186260137,-0.6858670759127897,0.4224806201550387,0.8735177865612648,0.6458333333333333,0.3958333333333333,0.4871903895265301,0.5354868162592694,0.4162896638657991,0.0,1.0,0.37132903933525085,0.28108644485473633
0.1851082644524171,0.1279639949492921,0.3000374248937794,0.9130434782608745,0.1400966183574879,0.7391304347826086,0.6521739130434783,0.9166863905325444,0.0,0.0,0.2289156626506024,0.4999999999999999,0.5283208335737187,0,0.1489361702127659,-0.4935713471335369,-0.262273783592276,0.4224806201550387,0.9051383399209486,0.0625,0.2708333333333333,0.3740388072132354,0.5888840775996733,0.0,0.0,1.0,0.37132906913757324,0.28108644485473633
0.3354330287119781,0.1652730200593355,0.1536345126238203,0.9130434782608745,0.072463768115942,0.0869565217391304,0.6956521739130435,0.9166863905325444,0.0,0.0,0.746987951807229,0.3154648767857286,0.0,1,0.1489361702127659,0.5381457196538111,-0.3469924420563787,0.0736434108527131,0.3122529644268774,0.1666666666666666,0.4583333333333333,0.5461787896231156,0.5608245026028145,0.2626495350371935,0.0,1.0,0.37132903933525085,0.28108641505241394
0.2932799361091828,0.1430910128847429,0.2044894252241491,0.9130434782608745,0.1690821256038647,0.4782608695652174,0.8260869565217391,0.9166863905325444,0.0,0.0,0.216867469879518,0.3154648767857286,0.3333333333333333,0,0.1489361702127659,0.022287186260137,-0.6858670759127897,0.8178294573643411,0.8735177865612648,0.6458333333333333,0.3958333333333333,0.3450821586184598,0.4438434231113866,0.0,0.0,1.0,0.37132903933525085,0.2810864746570587
0.268905703143893,0.1319718041512219,0.1990401614414308,0.9130434782608745,0.144927536231884,0.3913043478260869,0.1739130434782608,0.9166863905325444,0.0,0.0,0.710843373493976,0.3154648767857286,0.5283208335737187,-1,0.1489361702127659,0.3661928751892531,0.5001941425846489,0.7209302325581395,0.3478260869565217,0.7916666666666666,0.0833333333333333,0.5868607859069643,0.594172722099451,0.2626495350371935,0.0,1.0,0.37132903933525085,0.28108644485473633
0.4927857027300406,0.2316393639710299,0.0946105696869833,0.9130434782608745,0.0241545893719806,0.3478260869565217,0.782608695652174,0.9168047337278108,0.2398124665681314,0.0,0.4698795180722891,0.4999999999999999,0.3333333333333333,1,0.0212765957446808,-0.0636892359721419,-0.6858670759127897,0.3178294573643411,0.7312252964426877,0.3333333333333333,0.3541666666666666,0.6842622361762449,0.5030553162718743,0.0,0.2559580248098154,1.0,0.37132906913757324,0.2810864746570587
0.5075380157312082,0.3284490226502798,0.0758933257466855,0.9130434782608745,0.0917874396135265,0.1304347826086956,0.5217391304347826,0.916923076923077,0.2398124665681314,0.38776193503849,0.9518072289156628,0.6309297535714573,0.3333333333333333,1,0.1489361702127659,0.280216452956974,-0.0081178081999676,0.1627906976744186,0.150197628458498,0.0416666666666666,0.3125,0.5313364134376886,0.3467891949595931,0.0,0.0,1.0,0.37132903933525085,0.28108644485473633
0.3928246431360025,0.2223772930419507,0.1409686322798566,0.9130434782608745,0.1256038647342995,0.3478260869565217,0.782608695652174,0.916923076923077,0.0,0.244650542118226,0.4698795180722891,0.4999999999999999,0.3333333333333333,1,0.1489361702127659,0.022287186260137,-0.7705857343768925,0.3178294573643411,0.7312252964426877,0.3333333333333333,0.3541666666666666,0.5389669333777456,0.4187077474344203,0.2626495350371935,0.0,1.0,0.37132903933525085,0.2810864746570587
0.343861470126015,0.2191467687466677,0.1373662810412862,0.9130434782608745,0.0676328502415458,0.0434782608695652,0.4347826086956522,0.916923076923077,0.0,0.0,0.036144578313253,0.3154648767857286,0.0,1,0.1489361702127659,0.280216452956974,0.1613195087282378,0.8217054263565892,0.4703557312252964,0.375,0.4791666666666666,0.5383111846145776,0.4554988346746929,0.0,0.2559580248098154,1.0,0.37132903933525085,0.28108641505241394
0.4687347572536368,0.27979689757885,0.0912675343887988,0.9130434782608745,0.1159420289855072,0.0,0.5652173913043479,0.916923076923077,0.0,0.38776193503849,0.5301204819277109,0.4999999999999999,0.3333333333333333,1,0.1489361702127659,0.62412214188609,0.076600850264135,0.8953488372093024,0.7707509881422925,0.4375,0.5416666666666666,0.6671035859428047,0.5428892052562033,0.4162896638657991,0.0,1.0,0.37132903933525085,0.28108644485473633
0.2698224460661285,0.105565495076829,0.2106336711056923,0.9130434782608745,0.0241545893719806,0.217391304347826,0.2608695652173913,0.916923076923077,0.0,0.0,0.5060240963855422,0.0,0.0,0,0.1489361702127659,0.194240030724695,0.5001941425846489,0.2364341085271318,0.5138339920948616,0.5833333333333333,0.9375,0.5615498749261973,0.5613950600774837,0.2626495350371935,0.5119160496196309,1.0,0.37132903933525085,0.28108641505241394
0.5336104362638433,0.3378438374367092,0.0706438363749528,0.9130434782608745,0.1497584541062802,0.3043478260869565,0.6086956521739131,0.916923076923077,0.0,0.244650542118226,0.0,0.4999999999999999,0.0,1,0.1489361702127659,0.108263608492416,-0.940023051305098,0.003875968992248,0.9960474308300394,0.6875,0.9583333333333331,0.6684134586132939,0.5273913961429866,0.2626495350371935,0.0,1.0,0.37132906913757324,0.28108644485473633
0.4552773863277066,0.2629191929110002,0.0962723816929588,0.9130434782608745,0.0628019323671497,0.3043478260869565,0.5217391304347826,0.9170414201183434,0.2398124665681314,0.0,0.710843373493976,0.4999999999999999,0.3333333333333333,1,0.1702127659574468,0.280216452956974,-0.0081178081999676,0.7209302325581395,0.8221343873517786,0.7916666666666666,0.6458333333333333,0.5822362517145947,0.3608217347701434,0.0,0.0,1.0,0.37132903933525085,0.28108641505241394
0.2273080770903636,0.1299703373928096,0.2353288530493636,0.9130434782608745,0.0048309178743961,0.1304347826086956,0.0434782608695652,0.9171597633136096,0.0,0.0,0.9518072289156628,0.3154648767857286,0.3333333333333333,0,0.1702127659574468,0.452169297421532,0.6696314595128544,0.1627906976744186,0.901185770750988,0.0416666666666666,0.4375,0.4853299922070957,0.6608201296974625,0.2626495350371935,0.5119160496196309,1.0,0.37132903933525085,0.28108641505241394
0.1726363807000494,0.1117348360266863,0.3180275532411961,0.9130434782608745,0.1497584541062802,0.6956521739130435,0.2608695652173913,0.9171597633136096,0.0,0.0,0.9879518072289156,0.4999999999999999,0.5283208335737187,0,0.1702127659574468,-0.2356420804366999,0.5001941425846489,0.8992248062015504,0.5138339920948616,0.2708333333333333,0.9375,0.6131342339695685,0.559483552304765,0.0,0.0,1.0,0.37132903933525085,0.28108641505241394
0.1533977981919649,0.1438795272252668,0.3326239019507424,0.9130434782608745,0.072463768115942,0.4782608695652174,0.0869565217391304,0.9171597633136096,0.4796249331362629,0.0,0.5060240963855422,0.4999999999999999,0.5283208335737187,0,0.1702127659574468,-0.1496656582044209,0.3307568256564434,0.1511627906976744,0.826086956521739,0.3125,0.375,0.336215167783209,0.5361733451982291,0.0,0.2559580248098154,1.0,0.37132903933525085,0.28108641505241394
0.1943194676220643,0.0804153526335065,0.3018912761575711,0.9130434782608745,0.0869565217391304,0.6086956521739131,0.4347826086956522,0.9171597633136096,0.3800937667159342,0.244650542118226,0.072289156626506,0.8154648767857287,0.0,1,0.1702127659574468,-0.8374770360626529,0.076600850264135,0.7286821705426356,0.4703557312252964,0.3541666666666666,0.4791666666666666,0.4323479929503702,0.4431029090340479,0.0,0.0,1.0,0.37132903933525085,0.28108641505241394
0.2393677184645963,0.0740059571289852,0.2494920436154687,0.9130434782608745,0.0289855072463768,0.8260869565217391,0.3478260869565217,0.9171597633136096,0.0,0.0,0.5903614457831325,0.4999999999999999,0.3333333333333333,1,0.1702127659574468,-0.665524191598095,0.1613195087282378,0.872093023255814,0.2450592885375493,0.3958333333333333,0.5833333333333333,0.4306693264438483,0.5784634124475352,0.0,0.0,1.0,0.37132903933525085,0.28108638525009155
0.3543329020017287,0.1879945483852914,0.1403703343170966,0.9130434782608745,0.0821256038647342,0.782608695652174,0.5652173913043479,0.9171597633136096,0.2398124665681314,0.0,0.5301204819277109,0.3154648767857286,0.5283208335737187,-1,0.1702127659574468,-0.4075949249012579,-0.5164297589845843,0.3062015503875969,0.4268774703557312,0.4583333333333333,0.0625,0.5313364134376886,0.3908555137120515,0.0,0.0,1.0,0.37132903933525085,0.28108641505241394
0.1546282777602536,0.1379471858571372,0.3316660913692776,0.9130434782608745,0.1400966183574879,0.7391304347826086,0.0,0.9171597633136096,0.4796249331362629,0.0,0.3855421686746988,0.3154648767857286,0.5283208335737187,-1,0.1702127659574468,0.022287186260137,0.5849128010487517,0.7674418604651163,0.075098814229249,0.5416666666666666,0.1666666666666666,0.5343064886191731,0.547395325758764,0.0,0.4056838710822128,1.0,0.37132903933525085,0.28108641505241394
0.2095622329759399,0.1219154745029367,0.258681225397805,0.9130434782608745,0.144927536231884,0.6521739130434783,0.3913043478260869,0.9171597633136096,0.3800937667159342,0.0,0.8433734939759037,0.0,0.0,0,0.1702127659574468,-1.0954063027594898,0.076600850264135,0.996124031007752,0.3201581027667984,0.9583333333333331,0.3333333333333333,0.4792917066962743,0.5208518046818447,0.0,0.4056838710822128,1.0,0.37132903933525085,0.28108641505241394
0.2242342776426714,0.1219154745029367,0.2412870327218522,0.9130434782608745,0.1594202898550724,0.217391304347826,0.1739130434782608,0.917396449704142,0.0,0.0,0.0602409638554216,0.0,0.7739760316291208,-1,0.1702127659574468,0.62412214188609,0.2460381671923406,0.3488372093023256,0.0039525691699604,0.0833333333333333,0.6875,0.599005787026395,0.7016186649460872,0.2626495350371935,0.4056838710822128,1.0,0.37132903933525085,0.28108644485473633
0.4163240619903013,0.2421985235485197,0.1093403967615045,0.9130434782608745,0.0241545893719806,0.1739130434782608,0.6521739130434783,0.917514792899408,0.0,0.0,0.2289156626506024,0.3154648767857286,0.5283208335737187,-1,0.0425531914893616,-0.4075949249012579,-0.1775551251281732,0.9108527131782944,0.150197628458498,0.0625,0.3125,0.5025690081997736,0.3668432340277123,0.2626495350371935,0.0,1.0,0.37132903933525085,0.28108644485473633
0.3338809180870214,0.1594933250016728,0.1565273038101227,0.9130434782608745,0.0241545893719806,0.7391304347826086,0.2608695652173913,0.917514792899408,0.0,0.0,0.746987951807229,0.3154648767857286,0.3333333333333333,0,0.0425531914893616,0.7100985641183691,0.4154754841205461,0.0736434108527131,0.1620553359683794,0.1666666666666666,0.0416666666666666,0.625409140249553,0.6446108118812515,0.525299070074387,0.0,1.0,0.37132903933525085,0.28108641505241394
0.3875712943605486,0.2173465425309795,0.1220225832744171,0.9130434782608745,0.0241545893719806,0.0434782608695652,0.6086956521739131,0.9176331360946746,0.0,0.38776193503849,0.4698795180722891,0.4999999999999999,0.0,1,0.0425531914893616,0.108263608492416,-0.5164297589845843,0.3178294573643411,0.541501976284585,0.3333333333333333,0.4583333333333333,0.6455423066125603,0.6991243534435665,0.0,0.0,1.0,0.37132903933525085,0.28108641505241394
0.2127528130448853,0.0867752542426514,0.2732066983659234,0.9130434782608745,0.0241545893719806,0.5652173913043479,0.6956521739130435,0.9176331360946746,0.0,0.244650542118226,0.5903614457831325,0.7324867603589634,0.5283208335737187,1,0.0425531914893616,-0.579547769365816,0.2460381671923406,0.872093023255814,0.3478260869565217,0.3958333333333333,0.0833333333333333,0.5073316160959087,0.7264639716773005,0.2626495350371935,0.0,1.0,0.37132903933525085,0.28108641505241394
0.3521124574185896,0.1842508911861042,0.1433535259435616,0.9130434782608745,0.0241545893719806,0.4347826086956522,0.3043478260869565,0.9176331360946746,0.3800937667159342,0.5680609671737329,0.4819277108433735,0.3154648767857286,0.0,1,0.0425531914893616,-0.3216185026689789,-0.0928364666640704,0.4728682170542636,0.7707509881422925,0.4791666666666666,0.5416666666666666,0.5451829971561659,0.711177005904924,0.0,0.0,1.0,0.37132903933525085,0.28108641505241394
0.2929347952497527,0.1259527530077646,0.1871250653804471,0.9130434782608745,0.0241545893719806,0.3478260869565217,0.0869565217391304,0.9176331360946746,0.2398124665681314,0.0,0.2409638554216867,0.3154648767857286,0.0,1,0.0425531914893616,0.108263608492416,-0.262273783592276,0.8178294573643411,0.7549407114624506,0.5833333333333333,0.2708333333333333,0.7025391630199407,0.7397320716320539,0.0,0.0,1.0,0.37132903933525085,0.28108641505241394
0.3131233316596761,0.1198893894325332,0.1789940112517239,0.9130434782608745,0.0241545893719806,0.0,0.5217391304347826,0.9176331360946746,0.2398124665681314,0.0,0.2048192771084337,0.4999999999999999,0.0,1,0.0425531914893616,-0.0636892359721419,-1.1094603682333035,0.4224806201550387,0.7470355731225296,0.6458333333333333,0.9583333333333331,0.4693158237970014,0.6014886247332247,0.0,0.0,1.0,0.37132903933525085,0.2810864746570587
0.5198245210310544,0.2526240192857738,0.0862036894908637,0.9130434782608745,0.0241545893719806,0.782608695652174,0.217391304347826,0.9176331360946746,0.0,0.0,0.3012048192771084,0.0,0.3333333333333333,-1,0.0425531914893616,0.5381457196538111,-0.4317111005204815,0.5271317829457365,0.7312252964426877,0.9375,0.3541666666666666,0.7179840367752577,0.4948162676737919,0.0,0.2559580248098154,1.0,0.37132903933525085,0.28108644485473633
0.4262778013572661,0.2847934942938674,0.0979277897832237,0.9130434782608745,0.0241545893719806,0.3913043478260869,0.8260869565217391,0.9177514792899406,0.0,0.0,0.5301204819277109,0.4999999999999999,0.3333333333333333,1,0.0425531914893616,0.7100985641183691,0.3307568256564434,0.8953488372093024,0.826086956521739,0.4375,0.375,0.792165238458131,0.5962783231017961,0.0,0.0,1.0,0.37132903933525085,0.28108644485473633
0.3956244699213488,0.2351741469323915,0.1157282894535847,0.9130434782608745,0.0241545893719806,0.4782608695652174,0.1304347826086956,0.9177514792899406,0.0,0.0,0.0,0.4999999999999999,0.3333333333333333,1,0.0425531914893616,0.62412214188609,0.3307568256564434,0.003875968992248,0.7233201581027667,0.6875,0.7916666666666666,0.7806453786680361,0.7002911750029084,0.525299070074387,0.2559580248098154,1.0,0.37132903933525085,0.28108644485473633
0.179614145214086,0.1497694438583581,0.2829825963720953,0.9130434782608745,0.0241545893719806,0.217391304347826,0.0434782608695652,0.9178698224852072,0.0,0.0,0.5060240963855422,0.4999999999999999,0.3333333333333333,1,0.0638297872340425,-0.0636892359721419,0.6696314595128544,0.1511627906976744,0.075098814229249,0.3125,0.1666666666666666,0.3729567068743711,0.6446298489487872,0.2626495350371935,0.0,1.0,0.37132903933525085,0.28108641505241394
0.3236395383975861,0.1379471858571372,0.1665013673666011,0.9130434782608745,0.0241545893719806,0.6956521739130435,0.6086956521739131,0.9178698224852072,0.0,0.244650542118226,0.072289156626506,0.0,0.0,0,0.0638297872340425,-0.3216185026689789,-0.5164297589845843,0.7286821705426356,0.91699604743083,0.3541666666666666,0.0625,0.496716689342028,0.5276373962005645,0.4162896638657991,0.0,1.0,0.37132903933525085,0.28108641505241394
0.1965336397294619,0.1014267769918961,0.2861924085748343,0.9130434782608745,0.0241545893719806,0.5652173913043479,0.5217391304347826,0.9178698224852072,0.6199062332840658,0.0,0.1325301204819277,0.0,0.3333333333333333,-1,0.0638297872340425,-0.1496656582044209,0.1613195087282378,0.7674418604651163,0.8221343873517786,0.5416666666666666,0.5833333333333333,0.7139641808797184,0.7181583965605427,0.0,0.2559580248098154,1.0,0.37132903933525085,0.28108641505241394
0.4150618791906119,0.2730872623782883,0.10448635790819,0.9130434782608745,0.0241545893719806,0.3043478260869565,0.6521739130434783,0.9179881656804736,0.0,0.244650542118226,0.0963855421686747,0.3154648767857286,0.3333333333333333,0,0.0638297872340425,0.452169297421532,-0.3469924420563787,0.1627906976744186,0.7549407114624506,0.0416666666666666,0.2708333333333333,0.6640569617046685,0.7489989551534346,0.0,0.0,1.0,0.37132903933525085,0.28108641505241394
0.4002468519711746,0.2064617607659762,0.1204576348485068,0.9130434782608745,0.0241545893719806,0.4782608695652174,0.0,0.9179881656804736,0.3800937667159342,0.0,0.8072289156626506,0.3154648767857286,0.3333333333333333,0,0.0638297872340425,0.108263608492416,-0.262273783592276,0.3488372093023256,0.4703557312252964,0.0833333333333333,0.4791666666666666,0.7463081515612335,0.5650053020093726,0.0,0.2559580248098154,1.0,0.37132903933525085,0.28108641505241394
0.3114801115560915,0.1594933250016728,0.1665013673666011,0.9130434782608745,0.0241545893719806,0.1739130434782608,0.3478260869565217,0.9179881656804736,0.2398124665681314,0.0,0.036144578313253,0.7324867603589634,0.3333333333333333,1,0.0638297872340425,0.280216452956974,0.2460381671923406,0.8217054263565892,0.3201581027667984,0.375,0.3333333333333333,0.5936873267797733,0.6659120906280658,0.0,0.2559580248098154,1.0,0.37132903933525085,0.28108644485473633
0.0993012976674987,0.2404480379463791,0.4150712180775207,0.9130434782608745,0.0241545893719806,0.8260869565217391,0.0869565217391304,0.9179881656804736,0.4796249331362629,0.0,0.5301204819277109,0.0,0.3333333333333333,-1,0.0638297872340425,-0.665524191598095,0.7543501179769573,0.5542635658914729,0.901185770750988,0.4583333333333333,0.4375,0.704815224925573,0.8066361130994701,0.0,0.2559580248098154,1.0,0.37132903933525085,0.28108641505241394
0.5684497384398387,0.3684077588671151,0.0617495669382994,0.9130434782608745,0.0241545893719806,0.2608695652173913,0.4347826086956522,0.9179881656804736,0.0,0.0,0.0,0.6309297535714573,0.3333333333333333,1,0.0638297872340425,0.7100985641183691,0.076600850264135,0.003875968992248,0.4268774703557312,0.6875,0.6458333333333333,0.7884092511315155,0.4847950628585458,0.6098533345119622,0.2559580248098154,1.0,0.37132903933525085,0.28108644485473633
0.4886164355306788,0.2979714260801525,0.0827943234376688,0.9130434782608745,0.0241545893719806,0.1304347826086956,0.782608695652174,0.9179881656804736,0.2398124665681314,0.0,0.710843373493976,0.4999999999999999,0.3333333333333333,1,0.0638297872340425,0.280216452956974,-0.4317111005204815,0.7209302325581395,0.8735177865612648,0.7916666666666666,0.3958333333333333,0.6964688863153834,0.5268547328255455,0.0,0.4056838710822128,1.0,0.37132903933525085,0.28108644485473633
0.1655321241630036,0.1319718041512219,0.3170366003961764,0.9130434782608745,0.0241545893719806,0.7391304347826086,0.3913043478260869,0.9179881656804736,0.2398124665681314,0.244650542118226,0.8433734939759037,0.7324867603589634,0.3333333333333333,1,0.0638297872340425,-1.267359147224048,0.4154754841205461,0.7441860465116279,0.5138339920948616,0.9583333333333331,0.9375,0.6065561372971342,0.7414169687474914,0.0,0.0,1.0,0.37132903933525085,0.28108641505241394
0.3252326601871359,0.186124846865483,0.1521807790272517,0.9130434782608745,0.0241545893719806,0.0869565217391304,0.2608695652173913,0.9183431952662722,0.2398124665681314,0.0,0.746987951807229,0.4999999999999999,0.3333333333333333,1,0.0851063829787234,0.62412214188609,0.3307568256564434,0.0736434108527131,0.7233201581027667,0.1666666666666666,0.7916666666666666,0.6475648967040122,0.7089653447914783,0.0,0.2559580248098154,1.0,0.37132903933525085,0.28108641505241394
0.3065087034064346,0.1279639949492921,0.1789940112517239,0.9130434782608745,0.0241545893719806,0.1739130434782608,0.217391304347826,0.9183431952662722,0.2398124665681314,0.0,0.4698795180722891,0.4999999999999999,0.0,1,0.0851063829787234,0.022287186260137,0.4154754841205461,0.3178294573643411,0.1620553359683794,0.3333333333333333,0.0416666666666666,0.6644732269341176,0.6755482623603333,0.0,0.0,1.0,0.37132903933525085,0.28108641505241394
0.350625140944488,0.199124490272293,0.1388709336052376,0.9130434782608745,0.0241545893719806,0.8260869565217391,0.6086956521739131,0.9184615384615382,0.5568273036287807,0.244650542118226,0.5301204819277109,0.0,0.3333333333333333,-1,0.0851063829787234,-0.7515006138303739,-0.5164297589845843,0.5542635658914729,0.8735177865612648,0.4583333333333333,0.3958333333333333,0.7129885942851308,0.536977298997044,0.0,0.0,1.0,0.37132903933525085,0.28108641505241394
0.2877208723979957,0.1379471858571372,0.1857805326151629,0.9130434782608745,0.0289855072463768,0.6956521739130435,0.782608695652174,0.9184615384615382,0.0,0.686820903599663,0.2289156626506024,0.3154648767857286,0.3333333333333333,0,0.2340425531914893,-0.4935713471335369,-0.262273783592276,0.0348837209302325,0.7707509881422925,0.0625,0.5416666666666666,0.4087687335358281,0.5513440975793253,0.0,0.0,1.0,0.37132903933525085,0.28108641505241394
0.3603387023000602,0.2316393639710299,0.1588275924006429,0.9130434782608745,0.0821256038647342,0.0869565217391304,0.3913043478260869,0.9184615384615382,0.0,0.244650542118226,0.746987951807229,0.4999999999999999,0.3333333333333333,1,0.2340425531914893,0.7100985641183691,0.2460381671923406,0.0736434108527131,0.7233201581027667,0.1666666666666666,0.7916666666666666,0.538530131133776,0.5992580178568943,0.2626495350371935,0.0,1.0,0.37132900953292847,0.28108641505241394
0.3369790165966648,0.145847516610311,0.1594007450778243,0.9130434782608745,0.0772946859903381,0.7391304347826086,0.5652173913043479,0.9184615384615382,0.0,0.0,0.9879518072289156,0.3154648767857286,0.3333333333333333,0,0.2340425531914893,-0.3216185026689789,-0.3469924420563787,0.8992248062015504,0.7312252964426877,0.2708333333333333,0.3541666666666666,0.6049462269032089,0.4490028982956497,0.0,0.0,1.0,0.37132903933525085,0.28108641505241394
0.3886546604147832,0.2191467687466677,0.1260649672707449,0.9130434782608745,0.0483091787439613,0.217391304347826,0.3043478260869565,0.9184615384615382,0.0,0.244650542118226,0.4698795180722891,0.4999999999999999,0.0,1,0.2340425531914893,0.194240030724695,0.2460381671923406,0.3178294573643411,0.4743083003952569,0.3333333333333333,0.0416666666666666,0.5447259863696108,0.5226445100709372,0.2626495350371935,0.0,1.0,0.37132903933525085,0.28108644485473633
0.4389698216024567,0.27979689757885,0.0962723816929588,0.9130434782608745,0.0966183574879227,0.0434782608695652,0.6521739130434783,0.9184615384615382,0.0,0.0,0.036144578313253,0.4999999999999999,0.3333333333333333,1,0.2340425531914893,0.5381457196538111,-1.0247417097692009,0.8217054263565892,0.7470355731225296,0.375,0.9583333333333331,0.5692178464434707,0.5338567531002587,0.2626495350371935,0.2559580248098154,1.0,0.37132903933525085,0.28108644485473633
0.1807651223131798,0.1259527530077646,0.2935899962396064,0.9130434782608745,0.0,0.4347826086956522,0.1304347826086956,0.9184615384615382,0.0,0.0,0.4819277108433735,0.6309297535714573,0.0,1,0.2340425531914893,-0.2356420804366999,0.83906877644106,0.4728682170542636,0.0039525691699604,0.4791666666666666,0.6875,0.4597091670744582,0.6470625366317961,0.0,0.6616418958920284,1.0,0.37132903933525085,0.28108641505241394
0.3147596906990093,0.1178583078464172,0.1776237457587089,0.9130434782608745,0.1159420289855072,0.1739130434782608,0.2608695652173913,0.9184615384615382,0.0,0.0,0.5060240963855422,0.3154648767857286,0.5283208335737187,-1,0.2340425531914893,0.280216452956974,0.076600850264135,0.2364341085271318,0.3478260869565217,0.5833333333333333,0.0833333333333333,0.5901516313110171,0.5908731984451865,0.4162896638657991,0.0,1.0,0.37132903933525085,0.28108644485473633
0.1118322649200114,0.1691037393641927,0.423670880232538,0.9130434782608745,0.1304347826086956,0.5217391304347826,0.0,0.9184615384615382,0.2398124665681314,0.0,0.216867469879518,0.4999999999999999,0.3333333333333333,1,0.2340425531914893,-0.0636892359721419,0.83906877644106,0.8178294573643411,0.901185770750988,0.6458333333333333,0.4375,0.3891844230863206,0.6994979932958814,0.0,0.4056838710822128,1.0,0.37132903933525085,0.28108641505241394
0.416576011481816,0.2327013927007399,0.1135033158707873,0.9130434782608745,0.072463768115942,0.8260869565217391,0.6086956521739131,0.9185798816568048,0.6199062332840658,0.0,0.5301204819277109,0.0,0.3333333333333333,-1,0.2340425531914893,-0.8374770360626529,-0.4317111005204815,0.5968992248062015,0.8735177865612648,0.4583333333333333,0.3958333333333333,0.4990184729977773,0.4239600092213786,0.0,0.2559580248098154,1.0,0.37132903933525085,0.28108641505241394
0.4703848961991107,0.2996039403228205,0.0862036894908637,0.9130434782608745,0.038647342995169,0.3478260869565217,0.4782608695652174,0.9185798816568048,0.3800937667159342,0.0,0.963855421686747,0.4999999999999999,0.3333333333333333,1,0.2340425531914893,0.194240030724695,-0.0081178081999676,0.5271317829457365,0.150197628458498,0.9375,0.3125,0.5336270175829472,0.2885597316556572,0.0,0.4056838710822128,1.0,0.37132903933525085,0.28108641505241394
0.2200980131734808,0.1178583078464172,0.2483294505707566,0.9130434782608745,0.0676328502415458,0.5652173913043479,0.4347826086956522,0.9186982248520708,0.0,0.38776193503849,0.072289156626506,0.3154648767857286,0.3333333333333333,0,0.2553191489361702,-0.3216185026689789,0.1613195087282378,0.7286821705426356,0.7233201581027667,0.3541666666666666,0.7916666666666666,0.4390428290839723,0.5943207624557554,0.0,0.0,1.0,0.37132903933525085,0.28108641505241394
0.1876008901584795,0.1259527530077646,0.2840552008440098,0.9130434782608745,0.1497584541062802,0.6521739130434783,0.0869565217391304,0.9186982248520708,0.2398124665681314,0.0,0.8433734939759037,0.3154648767857286,0.3333333333333333,0,0.2553191489361702,-1.0954063027594898,0.7543501179769573,0.7441860465116279,0.075098814229249,0.9583333333333331,0.1666666666666666,0.5224962780896409,0.547816580993896,0.0,0.4056838710822128,1.0,0.37132903933525085,0.28108638525009155
0.3090022903165929,0.1823726619438934,0.1608302900503926,0.9130434782608745,0.0917874396135265,0.3478260869565217,0.6956521739130435,0.9188165680473372,0.0,0.0,0.0602409638554216,0.3154648767857286,0.3333333333333333,0,0.2553191489361702,0.194240030724695,-0.5164297589845843,0.3488372093023256,0.0355731225296442,0.0833333333333333,0.0625,0.5347575262933479,0.4257712799309356,0.2626495350371935,0.0,1.0,0.37132903933525085,0.28108644485473633
0.2169669119336663,0.0993495926228316,0.2598161741896152,0.9130434782608745,0.1690821256038647,0.4782608695652174,0.217391304347826,0.9188165680473372,0.2398124665681314,0.244650542118226,0.5060240963855422,0.3154648767857286,0.3333333333333333,0,0.2553191489361702,-0.0636892359721419,0.1613195087282378,0.1511627906976744,0.2450592885375493,0.3125,0.5833333333333333,0.3677768027091264,0.5501098052669191,0.0,0.0,1.0,0.37132903933525085,0.28108641505241394
0.2670657588227318,0.1399293845654892,0.1990401614414308,0.9130434782608745,0.0289855072463768,0.6086956521739131,0.1739130434782608,0.9188165680473372,0.0,0.38776193503849,0.5903614457831325,0.0,0.3333333333333333,-1,0.2553191489361702,-0.3216185026689789,0.076600850264135,0.872093023255814,0.4743083003952569,0.3958333333333333,0.0416666666666666,0.4306693264438483,0.5305438136013156,0.4162896638657991,0.0,1.0,0.37132903933525085,0.28108641505241394
0.4200864021225624,0.2730872623782883,0.10448635790819,0.9130434782608745,0.0241545893719806,0.0,0.3043478260869565,0.9188165680473372,0.2398124665681314,0.0,0.5301204819277109,0.4999999999999999,0.3333333333333333,1,0.2553191489361702,0.7960749863506482,0.3307568256564434,0.8953488372093024,0.3201581027667984,0.4375,0.3333333333333333,0.677081973114616,0.5352515712375019,0.0,0.4056838710822128,1.0,0.37132903933525085,0.28108641505241394
0.4501093014947412,0.2334086517959568,0.1028560794132888,0.9130434782608745,0.1594202898550724,0.3913043478260869,0.5217391304347826,0.9188165680473372,0.0,0.0,0.4819277108433735,0.4999999999999999,0.3333333333333333,1,0.2553191489361702,0.022287186260137,-0.0081178081999676,0.4728682170542636,0.8221343873517786,0.4791666666666666,0.6458333333333333,0.4440738789699956,0.4076542637928475,0.2626495350371935,0.2559580248098154,1.0,0.37132903933525085,0.28108644485473633
0.350625140944488,0.1729167237939524,0.1463161436710143,0.9130434782608745,0.1400966183574879,0.7391304347826086,0.8260869565217391,0.9188165680473372,0.0,0.686820903599663,0.4096385542168675,0.3154648767857286,0.0,1,0.2553191489361702,-0.2356420804366999,-0.940023051305098,0.7674418604651163,0.5968379446640316,0.5416666666666666,0.4583333333333333,0.5690445077716704,0.5259107012990474,0.0,0.0,1.0,0.37132903933525085,0.28108644485473633
0.327610265581966,0.1786033044914547,0.1536345126238203,0.9130434782608745,0.1256038647342995,0.2608695652173913,0.1304347826086956,0.9188165680473372,0.0,0.0,0.963855421686747,0.6309297535714573,0.3333333333333333,1,0.2553191489361702,0.280216452956974,0.5849128010487517,0.5271317829457365,0.826086956521739,0.9375,0.375,0.5336270175829472,0.5726669729768947,0.2626495350371935,0.4056838710822128,1.0,0.37132903933525085,0.28108641505241394
0.4389698216024567,0.2946966576871213,0.0946105696869833,0.9130434782608745,0.0048309178743961,0.0434782608695652,0.782608695652174,0.9190532544378698,0.2398124665681314,0.0,0.0,0.4999999999999999,0.0,1,0.2553191489361702,0.62412214188609,-0.3469924420563787,0.003875968992248,0.9051383399209486,0.6875,0.2708333333333333,0.6828998456075694,0.5989726368494941,0.0,0.0,1.0,0.37132903933525085,0.28108641505241394
0.246234857726407,0.105565495076829,0.2305020846526728,0.9130434782608745,0.0241545893719806,0.6086956521739131,0.3478260869565217,0.9191715976331364,0.0,0.0,0.072289156626506,0.3154648767857286,0.5283208335737187,-1,0.1063829787234042,-0.3216185026689789,0.7543501179769573,0.7286821705426356,0.075098814229249,0.3541666666666666,0.1666666666666666,0.4923740240462899,0.6362491434447424,0.0,0.0,1.0,0.37132903933525085,0.28108641505241394
0.4725743288239392,0.3268727481676641,0.0827943234376688,0.9130434782608745,0.0241545893719806,0.4347826086956522,0.4782608695652174,0.9192899408284024,0.2398124665681314,0.244650542118226,0.036144578313253,0.4999999999999999,0.0,1,0.1063829787234042,0.452169297421532,-0.0928364666640704,0.8217054263565892,0.4268774703557312,0.375,0.6458333333333333,0.5934858517792729,0.4756337757787741,0.0,0.0,1.0,0.37132903933525085,0.28108644485473633
0.1738080031587563,0.1478108147170451,0.2935899962396064,0.9130434782608745,0.0241545893719806,0.0434782608695652,0.3043478260869565,0.9192899408284024,0.0,0.0,0.1325301204819277,0.4999999999999999,0.5283208335737187,0,0.1063829787234042,-0.1496656582044209,0.7543501179769573,0.7674418604651163,0.0039525691699604,0.5416666666666666,0.6875,0.6992091089979839,0.7747672988997898,0.2626495350371935,0.2559580248098154,1.0,0.37132903933525085,0.28108641505241394
0.2679868107638353,0.1279639949492921,0.2029395334605369,0.9130434782608745,0.0,0.2608695652173913,0.1739130434782608,0.9192899408284024,0.0,0.0,0.9518072289156628,0.3154648767857286,0.5283208335737187,-1,0.2765957446808511,0.194240030724695,0.4154754841205461,0.4767441860465116,0.5138339920948616,0.0416666666666666,0.9375,0.5374317341501589,0.5307832236689844,0.2626495350371935,0.4056838710822128,1.0,0.37132903933525085,0.28108641505241394
0.2116921698520294,0.1239365875804408,0.2541112049798425,0.9130434782608745,0.1497584541062802,0.3913043478260869,0.0,0.9192899408284024,0.0,0.0,0.0602409638554216,0.4999999999999999,0.7739760316291208,-1,0.2765957446808511,0.194240030724695,0.83906877644106,0.3488372093023256,0.901185770750988,0.0833333333333333,0.4375,0.575970414539333,0.6325953851921755,0.0,0.2559580248098154,1.0,0.37132903933525085,0.28108638525009155
0.2539384457238134,0.1034987357343872,0.2219224982623933,0.9130434782608745,0.0966183574879227,0.4782608695652174,0.3478260869565217,0.9192899408284024,0.0,0.244650542118226,0.5060240963855422,0.3154648767857286,0.0,1,0.2765957446808511,-0.0636892359721419,0.2460381671923406,0.1511627906976744,0.3201581027667984,0.3125,0.3333333333333333,0.3418022930276536,0.5393498896243076,0.0,0.0,1.0,0.37132903933525085,0.28108641505241394
0.2785157582298824,0.145847516610311,0.2073164510094519,0.9130434782608745,0.1400966183574879,0.6086956521739131,0.0434782608695652,0.9192899408284024,0.2398124665681314,0.0,0.072289156626506,0.3154648767857286,0.5283208335737187,-1,0.2765957446808511,-0.4075949249012579,0.83906877644106,0.7286821705426356,0.075098814229249,0.3541666666666666,0.1666666666666666,0.4390428290839723,0.5463362806154879,0.0,0.2559580248098154,1.0,0.37132903933525085,0.28108638525009155
0.3695334330267711,0.1898600150169447,0.1328204410780215,0.9130434782608745,0.0483091787439613,0.3043478260869565,0.782608695652174,0.9192899408284024,0.0,0.0,0.710843373493976,0.6309297535714573,0.3333333333333333,1,0.2765957446808511,0.194240030724695,-0.5164297589845843,0.7209302325581395,0.0355731225296442,0.7916666666666666,0.0625,0.5787384613179356,0.4289083590513678,0.0,0.0,1.0,0.37132903933525085,0.28108641505241394
0.2670657588227318,0.145847516610311,0.1964207760828139,0.9130434782608745,0.1304347826086956,0.5652173913043479,0.4347826086956522,0.9192899408284024,0.0,0.0,0.8433734939759037,0.4999999999999999,0.0,1,0.2765957446808511,-1.0954063027594898,0.076600850264135,0.7441860465116279,0.4703557312252964,0.9583333333333331,0.4791666666666666,0.5282976905008874,0.4349677683904327,0.0,0.4056838710822128,1.0,0.37132903933525085,0.28108638525009155
0.3848497041136549,0.1671906068761581,0.1343410722864658,0.9130434782608745,0.0821256038647342,0.6956521739130435,0.6521739130434783,0.9194082840236688,0.2398124665681314,0.244650542118226,0.9879518072289156,0.6309297535714573,0.5283208335737187,1,0.2765957446808511,-0.4935713471335369,-0.4317111005204815,0.7558139534883721,0.8735177865612648,0.2708333333333333,0.3958333333333333,0.6022792516555635,0.440288462850136,0.0,0.0,1.0,0.37132903933525085,0.28108641505241394
0.4063695122350533,0.2075567352225424,0.1220225832744171,0.9130434782608745,0.1690821256038647,0.1304347826086956,0.5217391304347826,0.9194082840236688,0.0,0.38776193503849,0.036144578313253,0.4999999999999999,0.0,1,0.2765957446808511,0.62412214188609,-0.262273783592276,0.8217054263565892,0.8221343873517786,0.375,0.6458333333333333,0.5692178464434707,0.4045851249124761,0.2626495350371935,0.0,1.0,0.37132903933525085,0.28108641505241394
0.2200980131734808,0.1076270810487989,0.2518078328777867,0.9130434782608745,0.0676328502415458,0.8260869565217391,0.217391304347826,0.9194082840236688,0.7194373997043944,0.0,0.5301204819277109,0.3154648767857286,0.3333333333333333,0,0.2765957446808511,-1.0094298805272108,0.1613195087282378,0.5542635658914729,0.2450592885375493,0.4583333333333333,0.5833333333333333,0.6002429068033013,0.5370887400515163,0.0,0.0,1.0,0.37132903933525085,0.28108641505241394
0.1846533515510157,0.1363579848512386,0.3053713160392232,0.9130434782608745,0.1256038647342995,0.7391304347826086,0.0869565217391304,0.9194082840236688,0.0,0.0,0.4096385542168675,0.4999999999999999,0.5283208335737187,0,0.2765957446808511,-0.1496656582044209,0.7543501179769573,0.7674418604651163,0.0039525691699604,0.5416666666666666,0.6875,0.5850304449639838,0.6771335807383834,0.0,0.0,1.0,0.37132903933525085,0.28108641505241394
0.33232263603182,0.1786033044914547,0.150722109144145,0.9130434782608745,0.0966183574879227,0.782608695652174,0.217391304347826,0.9196449704142008,0.2398124665681314,0.244650542118226,0.2289156626506024,0.3154648767857286,0.5283208335737187,-1,0.2978723404255319,-0.665524191598095,0.076600850264135,0.0348837209302325,0.4743083003952569,0.0625,0.0416666666666666,0.411095825822336,0.4947087695924463,0.0,0.0,1.0,0.37132903933525085,0.28108644485473633
0.3702427679182498,0.2119221332470133,0.1282259815835157,0.9130434782608745,0.0,0.2608695652173913,0.6956521739130435,0.9196449704142008,0.3800937667159342,0.0,0.4698795180722891,0.6309297535714573,0.0,1,0.2978723404255319,0.194240030724695,-0.4317111005204815,0.3178294573643411,0.758893280632411,0.3333333333333333,0.2708333333333333,0.5751450674148602,0.6205410764943851,0.0,0.2559580248098154,1.0,0.37132903933525085,0.28108641505241394
0.2937970781510823,0.1379471858571372,0.1830787761130242,0.9130434782608745,0.0338164251207729,0.6086956521739131,0.4782608695652174,0.9196449704142008,0.3800937667159342,0.0,0.5903614457831325,0.4999999999999999,0.3333333333333333,1,0.2978723404255319,-0.4935713471335369,-0.0081178081999676,0.872093023255814,0.150197628458498,0.3958333333333333,0.3125,0.4226799303889954,0.3551696536775759,0.0,0.2559580248098154,1.0,0.37132903933525085,0.28108641505241394
0.566306991600918,0.3378438374367092,0.0653294032202187,0.9130434782608745,0.1594202898550724,0.0,0.6521739130434783,0.9196449704142008,0.0,0.38776193503849,0.5301204819277109,0.3154648767857286,0.3333333333333333,0,0.2978723404255319,1.0540042530474851,-0.5164297589845843,0.8953488372093024,0.7312252964426877,0.4375,0.3541666666666666,0.6659466436294725,0.4567605993141765,0.4162896638657991,0.0,1.0,0.37132903933525085,0.28108641505241394
0.4054636667124425,0.213734242153549,0.1173105301661802,0.9130434782608745,0.0483091787439613,0.3043478260869565,0.8260869565217391,0.9196449704142008,0.2398124665681314,0.0,0.4819277108433735,0.3154648767857286,0.0,1,0.2978723404255319,-0.0636892359721419,-1.0247417097692009,0.4728682170542636,0.541501976284585,0.4791666666666666,0.4583333333333333,0.4449682858800503,0.5730150627550141,0.0,0.0,1.0,0.37132903933525085,0.2810864746570587
0.4359849829507083,0.2173465425309795,0.1093403967615045,0.9130434782608745,0.0821256038647342,0.3478260869565217,0.5652173913043479,0.9196449704142008,0.0,0.0,0.2409638554216867,0.3154648767857286,0.5283208335737187,-1,0.2978723404255319,0.194240030724695,-0.940023051305098,0.2364341085271318,0.7470355731225296,0.5833333333333333,0.9583333333333331,0.4945102368919729,0.5089903863191501,0.0,0.2559580248098154,1.0,0.37132906913757324,0.2810864746570587
0.2242342776426714,0.1359602050001027,0.2365271184506421,0.9130434782608745,0.1304347826086956,0.5217391304347826,0.7391304347826086,0.9196449704142008,0.4796249331362629,0.0,0.216867469879518,0.6309297535714573,0.0,1,0.2978723404255319,-0.4075949249012579,-0.1775551251281732,0.8178294573643411,0.7707509881422925,0.6458333333333333,0.5416666666666666,0.4002833845200348,0.5937276043115414,0.0,0.0,1.0,0.37132906913757324,0.28108644485473633
0.3834817885170238,0.3028592930422629,0.1077284704130473,0.9130434782608745,0.0917874396135265,0.0869565217391304,0.1739130434782608,0.9196449704142008,0.0,0.0,0.0,0.4999999999999999,0.0,1,0.2978723404255319,0.7960749863506482,0.7543501179769573,0.003875968992248,0.826086956521739,0.6875,0.375,0.7061148972359568,0.5726669729768947,0.0,0.4056838710822128,1.0,0.37132903933525085,0.28108641505241394
0.3369790165966648,0.1614244001319842,0.1521807790272517,0.9130434782608745,0.038647342995169,0.1304347826086956,0.3913043478260869,0.9196449704142008,0.0,0.0,0.963855421686747,0.4999999999999999,0.0,1,0.2978723404255319,0.5381457196538111,0.3307568256564434,0.5271317829457365,0.7233201581027667,0.9375,0.7916666666666666,0.5151265363658297,0.5630921130463238,0.525299070074387,0.2559580248098154,1.0,0.37132903933525085,0.28108644485473633
0.3212376467902542,0.186124846865483,0.1536345126238203,0.9130434782608745,0.144927536231884,0.0434782608695652,0.4347826086956522,0.9197633136094674,0.0,0.244650542118226,0.746987951807229,0.6309297535714573,0.0,1,0.2978723404255319,0.9680278308152062,-0.0081178081999676,0.0736434108527131,0.3478260869565217,0.1666666666666666,0.0833333333333333,0.5514385853127812,0.582730687069956,0.4162896638657991,0.0,1.0,0.37132903933525085,0.28108644485473633
0.2586774081887978,0.1691037393641927,0.1990401614414308,0.9130434782608745,0.0241545893719806,0.5217391304347826,0.3913043478260869,0.92,0.0,0.244650542118226,0.0963855421686747,0.3154648767857286,0.6666666666666667,-1,0.1276595744680851,0.194240030724695,0.5849128010487517,0.1627906976744186,0.826086956521739,0.0416666666666666,0.375,0.6243008387024653,0.5960318167553533,0.2626495350371935,0.0,1.0,0.37132903933525085,0.28108641505241394
0.2761802956836926,0.1339684188642493,0.1977324652479581,0.9130434782608745,0.0241545893719806,0.782608695652174,0.7391304347826086,0.92,0.0,0.244650542118226,0.8433734939759037,0.4999999999999999,0.0,1,0.1276595744680851,-0.8374770360626529,-0.6858670759127897,0.7441860465116279,0.7549407114624506,0.9583333333333331,0.2708333333333333,0.5805397337174634,0.716828539074031,0.4162896638657991,0.0,1.0,0.37132903933525085,0.28108638525009155
0.2313693302272074,0.1438795272252668,0.228068209202461,0.9130434782608745,0.0289855072463768,0.7391304347826086,0.217391304347826,0.92,0.2398124665681314,0.0,0.4096385542168675,0.0,0.5283208335737187,-1,0.3191489361702128,-0.4075949249012579,0.4154754841205461,0.7674418604651163,0.3201581027667984,0.5416666666666666,0.3333333333333333,0.5930734708656107,0.5645825404984028,0.0,0.2559580248098154,1.0,0.37132903933525085,0.28108641505241394
0.5860007646284581,0.4093769306133064,0.0581396476459637,0.9130434782608745,0.0241545893719806,0.3478260869565217,0.6956521739130435,0.9201183431952664,0.0,0.38776193503849,0.0,0.6309297535714573,0.3333333333333333,1,0.1276595744680851,0.9680278308152062,-0.7705857343768925,0.003875968992248,0.91699604743083,0.6875,0.0625,0.7717568221180156,0.5154141692477847,0.2626495350371935,0.0,1.0,0.37132900953292847,0.28108641505241394
0.2725598780610629,0.126757839255418,0.2083398651154692,0.9130434782608745,0.0676328502415458,0.3043478260869565,0.1304347826086956,0.9201183431952664,0.2398124665681314,0.0,0.9518072289156628,0.3154648767857286,0.6666666666666667,-1,0.3191489361702128,0.022287186260137,0.7543501179769573,0.4767441860465116,0.826086956521739,0.0416666666666666,0.375,0.4840119126738675,0.5587111469826882,0.0,0.2559580248098154,1.0,0.37132903933525085,0.28108641505241394
0.2955159731019822,0.1602662984659824,0.2201858253370183,0.9130434782608745,0.144927536231884,0.5217391304347826,0.6956521739130435,0.9201183431952664,0.0,0.38776193503849,0.8433734939759037,0.4999999999999999,0.0,1,0.3191489361702128,-0.665524191598095,-0.8553043928409952,0.7441860465116279,0.758893280632411,0.9583333333333331,0.2708333333333333,0.5417713147010241,0.6143298861980069,0.525299070074387,0.0,1.0,0.37132903933525085,0.28108644485473633
0.2491414773826789,0.1219154745029367,0.22315869441857,0.9130434782608745,0.1256038647342995,0.3913043478260869,0.1739130434782608,0.9202366863905324,0.3800937667159342,0.0,0.0602409638554216,0.4999999999999999,0.3333333333333333,1,0.3191489361702128,-0.2356420804366999,0.6696314595128544,0.3488372093023256,0.5138339920948616,0.0833333333333333,0.9375,0.6151039692908282,0.5386755940474872,0.0,0.5943161289177871,1.0,0.37132903933525085,0.28108641505241394
0.3291873599458501,0.1633509581233636,0.1594007450778243,0.9130434782608745,0.0048309178743961,0.4782608695652174,0.8260869565217391,0.9202366863905324,0.2398124665681314,0.244650542118226,0.5060240963855422,0.3154648767857286,0.3333333333333333,0,0.3191489361702128,-0.0636892359721419,-1.1094603682333035,0.1511627906976744,0.541501976284585,0.3125,0.4583333333333333,0.325606416799189,0.6159730632154947,0.0,0.0,1.0,0.37132903933525085,0.28108641505241394
0.1920927149238303,0.1076270810487989,0.2925409655160425,0.9130434782608745,0.1497584541062802,0.6086956521739131,0.0,0.9202366863905324,0.0,0.0,0.5903614457831325,0.0,0.3333333333333333,-1,0.3191489361702128,-0.4075949249012579,1.177943410297471,0.872093023255814,0.075098814229249,0.3958333333333333,0.1666666666666666,0.4194730082018123,0.5696706307830623,0.2626495350371935,0.5119160496196309,1.0,0.37132900953292847,0.28108638525009155
0.4564166528874116,0.2577876924119062,0.0979277897832237,0.9130434782608745,0.0579710144927536,0.0869565217391304,0.2608695652173913,0.9202366863905324,0.0,0.0,0.5301204819277109,0.3154648767857286,0.5283208335737187,-1,0.3191489361702128,1.0540042530474851,-0.0081178081999676,0.8953488372093024,0.4703557312252964,0.4375,0.4791666666666666,0.6679237843718033,0.4691391391577433,0.0,0.2559580248098154,1.0,0.37132903933525085,0.28108644485473633
0.5652742968780724,0.403934914586934,0.0649727590587443,0.9130434782608745,0.1690821256038647,0.0434782608695652,0.782608695652174,0.9202366863905324,0.0,0.489301084236452,0.0,0.6309297535714573,0.3333333333333333,1,0.3191489361702128,1.139980675279764,-0.940023051305098,0.003875968992248,0.924901185770751,0.6875,0.0625,0.7061148972359568,0.3852259861089147,0.4162896638657991,0.0,1.0,0.37132903933525085,0.28108644485473633
0.2997805137722285,0.1710124381692548,0.1707060782715994,0.9130434782608745,0.1642512077294685,0.217391304347826,0.4782608695652174,0.920355029585799,0.0,0.244650542118226,0.8072289156626506,0.4999999999999999,0.3333333333333333,1,0.3404255319148936,0.62412214188609,0.1613195087282378,0.3178294573643411,0.7233201581027667,0.3333333333333333,0.7916666666666666,0.5619166181528621,0.5822452771975095,0.4162896638657991,0.0,1.0,0.37132903933525085,0.28108641505241394
0.4460420271184804,0.2209430686207103,0.1061104727645804,0.9130434782608745,0.0483091787439613,0.1739130434782608,0.6086956521739131,0.920355029585799,0.0,0.0,0.036144578313253,0.3154648767857286,0.5283208335737187,-1,0.3404255319148936,0.9680278308152062,-0.5164297589845843,0.8217054263565892,0.7312252964426877,0.375,0.3541666666666666,0.5729745981338499,0.4440279056823197,0.4162896638657991,0.0,1.0,0.37132900953292847,0.28108641505241394
0.1213088991684007,0.2009649450398827,0.3771183700776065,0.9130434782608745,0.0241545893719806,0.2608695652173913,0.0869565217391304,0.9207100591715977,0.0,0.0,0.2048192771084337,0.3154648767857286,0.3333333333333333,0,0.1276595744680851,-0.1496656582044209,-0.1775551251281732,0.4224806201550387,0.3478260869565217,0.6458333333333333,0.0833333333333333,0.4784302568543339,0.7283821410585267,0.2626495350371935,0.2559580248098154,1.0,0.37132900953292847,0.28108641505241394
0.2788738280771332,0.1478108147170451,0.1898015716576803,0.9130434782608745,0.0241545893719806,0.7391304347826086,0.5652173913043479,0.9208284023668636,0.5568273036287807,0.0,0.2289156626506024,0.0,0.3333333333333333,-1,0.1489361702127659,-1.0954063027594898,-0.5164297589845843,0.9108527131782944,0.7470355731225296,0.0625,0.9583333333333331,0.5076152624452988,0.6029057674622329,0.0,0.5943161289177871,1.0,0.37132903933525085,0.28108641505241394
0.3807315497178286,0.2119221332470133,0.1266835100238632,0.9130434782608745,0.0917874396135265,0.6956521739130435,0.5217391304347826,0.9208284023668636,0.4796249331362629,0.0,0.9879518072289156,0.4999999999999999,0.3333333333333333,1,0.3404255319148936,-1.0094298805272108,-0.0928364666640704,0.751937984496124,0.150197628458498,0.2708333333333333,0.3125,0.5973379756088046,0.3264631591954285,0.0,0.0,1.0,0.37132903933525085,0.28108641505241394
0.1773020003332386,0.1387406379086473,0.3053713160392232,0.9130434782608745,0.0,0.5652173913043479,0.3913043478260869,0.9208284023668636,0.0,0.0,0.7228915662650602,0.3154648767857286,0.3333333333333333,0,0.3404255319148936,-0.1496656582044209,-0.1775551251281732,0.8178294573643411,0.3478260869565217,0.6458333333333333,0.0833333333333333,0.3506777780505192,0.6378088305335579,0.0,0.0,1.0,0.37132903933525085,0.28108641505241394
0.2194737909753276,0.1442735014809339,0.2575432701156176,0.9130434782608745,0.1304347826086956,0.782608695652174,0.4347826086956522,0.92094674556213,0.6199062332840658,0.0,0.2289156626506024,0.0,0.3333333333333333,-1,0.3404255319148936,-1.181382724991769,-0.4317111005204815,0.9186046511627908,0.7470355731225296,0.0625,0.9583333333333331,0.3964721822750088,0.5450541313383781,0.0,0.6616418958920284,1.0,0.37132903933525085,0.28108641505241394
0.1976360523285386,0.1536727837037277,0.2598161741896152,0.9130434782608745,0.0048309178743961,0.0,0.0434782608695652,0.92094674556213,0.0,0.0,0.746987951807229,0.3154648767857286,0.0,1,0.3404255319148936,1.3119335197443225,1.262662068761574,0.0736434108527131,0.0039525691699604,0.1666666666666666,0.6875,0.5613661189753452,0.7194292427812095,0.6098533345119622,0.5119160496196309,1.0,0.37132900953292847,0.28108641505241394
0.4431107687222777,0.2491634966915041,0.1012195903186518,0.9130434782608745,0.144927536231884,0.2608695652173913,0.6521739130434783,0.92094674556213,0.0,0.244650542118226,0.4819277108433735,0.6309297535714573,0.3333333333333333,1,0.3404255319148936,0.108263608492416,-0.5164297589845843,0.4728682170542636,0.8735177865612648,0.4791666666666666,0.3958333333333333,0.4535928402497347,0.4257712799309356,0.4162896638657991,0.0,1.0,0.37132903933525085,0.28108644485473633
0.4917475367704935,0.2543488432999805,0.0912675343887988,0.9130434782608745,0.0821256038647342,0.1304347826086956,0.7391304347826086,0.92094674556213,0.2398124665681314,0.38776193503849,0.963855421686747,0.3154648767857286,0.0,1,0.3404255319148936,0.62412214188609,-0.6011484174486871,0.5271317829457365,0.7707509881422925,0.9375,0.5416666666666666,0.5404844135104676,0.5577392540336052,0.0,0.0,1.0,0.37132903933525085,0.28108644485473633
0.3630909741884424,0.1594933250016728,0.1463161436710143,0.9130434782608745,0.072463768115942,0.0,0.4347826086956522,0.9211834319526632,0.0,0.244650542118226,0.746987951807229,0.3154648767857286,0.0,1,0.3617021276595745,1.3979099419766012,0.076600850264135,0.0736434108527131,0.8221343873517786,0.1666666666666666,0.5833333333333333,0.5595142945432514,0.5583232463077212,0.6789391989029927,0.0,1.0,0.37132903933525085,0.28108641505241394
0.5567371895341969,0.3817999753341372,0.063543214086176,0.9130434782608745,0.1207729468599033,0.0869565217391304,0.5652173913043479,0.9211834319526632,0.2398124665681314,0.244650542118226,0.7228915662650602,0.4999999999999999,0.3333333333333333,1,0.3617021276595745,0.9680278308152062,-0.1775551251281732,0.8953488372093024,0.150197628458498,0.4375,0.3125,0.7096147314156787,0.3286863014734567,0.0,0.0,1.0,0.3713289797306061,0.28108638525009155
0.3969507230332519,0.2526240192857738,0.1141401994089745,0.9130434782608745,0.1545893719806763,0.3043478260869565,0.4782608695652174,0.9213017751479292,0.0,0.0,0.0602409638554216,0.4999999999999999,0.0,1,0.3617021276595745,-0.1496656582044209,-0.3469924420563787,0.3488372093023256,0.7470355731225296,0.0833333333333333,0.9583333333333331,0.6138763471728417,0.5450541313383781,0.0,0.7185650207899777,1.0,0.37132903933525085,0.2810864746570587
0.40675709171667,0.2560700626636729,0.1109462972030086,0.9130434782608745,0.0676328502415458,0.217391304347826,0.6521739130434783,0.9213017751479292,0.2398124665681314,0.0,0.036144578313253,0.0,0.3333333333333333,-1,0.3617021276595745,0.8820514085829272,-0.940023051305098,0.8217054263565892,0.7549407114624506,0.375,0.2708333333333333,0.5602581571271541,0.5806142572531197,0.0,0.2559580248098154,1.0,0.37132903933525085,0.28108641505241394
0.4041659588361488,0.2245239575911122,0.1173105301661802,0.9130434782608745,0.1062801932367149,0.1304347826086956,0.8260869565217391,0.9213017751479292,0.0,0.686820903599663,0.4819277108433735,0.6309297535714573,0.3333333333333333,1,0.3617021276595745,0.280216452956974,-1.278897685161509,0.4728682170542636,0.924901185770751,0.4791666666666666,0.0625,0.4556633919452428,0.4001650590782273,0.525299070074387,0.0,1.0,0.37132903933525085,0.28108638525009155
0.3956244699213488,0.186124846865483,0.1282259815835157,0.9130434782608745,0.1642512077294685,0.7391304347826086,0.6956521739130435,0.9213017751479292,0.4796249331362629,0.38776193503849,0.4096385542168675,0.4999999999999999,0.0,1,0.3617021276595745,-0.665524191598095,-0.6858670759127897,0.7674418604651163,0.8735177865612648,0.5416666666666666,0.3958333333333333,0.5693909568879156,0.4141657059770827,0.0,0.0,1.0,0.37132903933525085,0.28108644485473633
0.1434123555935994,0.1575577115002546,0.3467405457128411,0.9130434782608745,0.1739130434782608,0.5217391304347826,0.1739130434782608,0.9213017751479292,0.0,0.0,0.7228915662650602,0.0,0.0,0,0.3617021276595745,-0.1496656582044209,0.6696314595128544,0.4224806201550387,0.5138339920948616,0.6458333333333333,0.9375,0.3850321645341066,0.5218791808974632,0.0,0.2559580248098154,1.0,0.37132903933525085,0.28108641505241394
0.3976121703135622,0.2386938239375837,0.1157282894535847,0.9130434782608745,0.0483091787439613,0.0434782608695652,0.2608695652173913,0.9213017751479292,0.2398124665681314,0.0,0.0,0.4999999999999999,0.0,1,0.3617021276595745,1.225957097512043,0.6696314595128544,0.003875968992248,0.3201581027667984,0.6875,0.3333333333333333,0.663939316372262,0.5653215035220622,0.0,0.5119160496196309,1.0,0.37132900953292847,0.28108638525009155
0.3244369088060228,0.1823726619438934,0.1550833432309885,0.9130434782608745,0.0531400966183574,0.3478260869565217,0.3913043478260869,0.9213017751479292,0.3800937667159342,0.38776193503849,0.710843373493976,0.3154648767857286,0.0,1,0.3617021276595745,0.108263608492416,-0.1775551251281732,0.7209302325581395,0.6047430830039525,0.7916666666666666,0.0416666666666666,0.5837959066229639,0.5749133529161317,0.0,0.0,1.0,0.37132903933525085,0.28108641505241394
0.2539384457238134,0.0993495926228316,0.228068209202461,0.9130434782608745,0.0048309178743961,0.6086956521739131,0.782608695652174,0.9214201183431951,0.0,0.0,0.072289156626506,0.0,0.3333333333333333,-1,0.3617021276595745,-0.4075949249012579,-1.1094603682333035,0.7286821705426356,0.541501976284585,0.3541666666666666,0.4583333333333333,0.4531747880228813,0.6320403107227455,0.2626495350371935,0.0,1.0,0.37132906913757324,0.2810864746570587
0.2190570897977888,0.1279639949492921,0.245994782499065,0.9130434782608745,0.0241545893719806,0.1304347826086956,0.217391304347826,0.9216568047337276,0.3800937667159342,0.0,0.5060240963855422,0.3154648767857286,0.3333333333333333,0,0.1489361702127659,-0.2356420804366999,0.4154754841205461,0.1511627906976744,0.4703557312252964,0.3125,0.4791666666666666,0.3554112236714342,0.536455759883848,0.0,0.5943161289177871,1.0,0.37132903933525085,0.28108641505241394
0.5298556059075303,0.3284490226502798,0.0741506139536872,0.9130434782608745,0.0241545893719806,0.0,0.3478260869565217,0.9216568047337276,0.2398124665681314,0.0,0.4698795180722891,0.4999999999999999,0.0,1,0.1489361702127659,0.5381457196538111,-0.1775551251281732,0.3178294573643411,0.4268774703557312,0.3333333333333333,0.6458333333333333,0.6337324755995637,0.4614426935381903,0.0,0.0,1.0,0.37132900953292847,0.28108638525009155
0.3048374538778235,0.0993495926228316,0.1911335971212903,0.9130434782608745,0.0241545893719806,0.6086956521739131,0.3913043478260869,0.9216568047337276,0.0,0.0,0.3012048192771084,0.4999999999999999,0.5283208335737187,0,0.1489361702127659,0.7100985641183691,1.4320993856897792,0.5271317829457365,0.075098814229249,0.9375,0.1666666666666666,0.6881089949972135,0.6295115697473375,0.0,0.7185650207899777,1.0,0.37132900953292847,0.28108641505241394
0.3016423102454237,0.1239365875804408,0.2013840295238007,0.9130434782608745,0.0917874396135265,0.6521739130434783,0.3043478260869565,0.9217751479289942,0.0,0.0,0.5060240963855422,0.3154648767857286,0.3333333333333333,0,0.0425531914893616,-0.2356420804366999,0.4154754841205461,0.1511627906976744,0.4703557312252964,0.3125,0.4791666666666666,0.3222493703992417,0.4344732856640521,0.0,0.0,1.0,0.37132903933525085,0.28108641505241394
0.179614145214086,0.1497694438583581,0.2861924085748343,0.9130434782608745,0.1111111111111111,0.8260869565217391,0.2608695652173913,0.9217751479289942,0.7194373997043944,0.38776193503849,0.2289156626506024,0.3154648767857286,0.3333333333333333,0,0.3829787234042553,-1.439311991688606,0.7543501179769573,0.9186046511627908,0.826086956521739,0.0625,0.375,0.4075895571988936,0.5426707509861237,0.0,0.0,1.0,0.37132903933525085,0.28108638525009155
0.3946934150310883,0.186124846865483,0.1340373763616066,0.9130434782608745,0.1207729468599033,0.1304347826086956,0.5652173913043479,0.9217751479289942,0.0,0.244650542118226,0.4698795180722891,0.4999999999999999,0.0,1,0.3829787234042553,0.7100985641183691,-0.3469924420563787,0.3178294573643411,0.4268774703557312,0.3333333333333333,0.6458333333333333,0.5570672579993992,0.3908555137120515,0.2626495350371935,0.0,1.0,0.37132900953292847,0.28108641505241394
0.0921625316054402,0.2316393639710299,0.4550081559602411,0.9130434782608745,0.1545893719806763,0.782608695652174,0.0434782608695652,0.9217751479289942,0.4796249331362629,0.0,0.5903614457831325,0.3154648767857286,0.5283208335737187,-1,0.3829787234042553,-0.8374770360626529,1.0085060933692656,0.872093023255814,0.901185770750988,0.3958333333333333,0.4375,0.4165183380439741,0.7235030175019348,0.0,0.2559580248098154,1.0,0.37132900953292847,0.2810863256454468
0.1807651223131798,0.1419068240886909,0.2914893667832496,0.9130434782608745,0.1739130434782608,0.6956521739130435,0.0869565217391304,0.9217751479289942,0.0,0.0,0.5301204819277109,0.3154648767857286,0.0,1,0.3829787234042553,-1.0094298805272108,1.3473807272256766,0.5542635658914729,0.0039525691699604,0.4583333333333333,0.6875,0.6282335834121493,0.6450613781283454,0.2626495350371935,0.2559580248098154,1.0,0.37132900953292847,0.28108638525009155
0.3512207450417287,0.1755753482655331,0.1636751869898455,0.9130434782608745,0.0676328502415458,0.217391304347826,0.0,0.9217751479289942,0.0,0.0,0.963855421686747,0.4999999999999999,0.5283208335737187,0,0.3829787234042553,0.7100985641183691,1.4320993856897792,0.5271317829457365,0.075098814229249,0.9375,0.1666666666666666,0.5376521488775587,0.5617740690366724,0.0,0.0,1.0,0.3713289797306061,0.2810863256454468
0.3392866233847654,0.1497694438583581,0.1579664269913185,0.9130434782608745,0.0,0.6086956521739131,0.7391304347826086,0.9218934911242602,0.0,0.0,0.9879518072289156,0.4999999999999999,0.5283208335737187,0,0.3829787234042553,-0.8374770360626529,-0.5164297589845843,0.751937984496124,0.7707509881422925,0.2708333333333333,0.5416666666666666,0.581922088203662,0.5682367518279914,0.4162896638657991,0.2559580248098154,1.0,0.37132903933525085,0.28108641505241394
0.2815489744406604,0.1279639949492921,0.1964207760828139,0.9130434782608745,0.0241545893719806,0.4347826086956522,0.1739130434782608,0.9220118343195264,0.3800937667159342,0.0,0.2048192771084337,0.3154648767857286,0.5283208335737187,-1,0.1702127659574468,-0.4935713471335369,-0.262273783592276,0.4224806201550387,0.150197628458498,0.6458333333333333,0.3125,0.4428444628435397,0.3525721318349926,0.0,0.0,1.0,0.37132900953292847,0.2810863256454468
0.5115117625317077,0.3578389206010404,0.0741506139536872,0.9130434782608745,0.0241545893719806,0.3043478260869565,0.782608695652174,0.9220118343195264,0.2398124665681314,0.5680609671737329,0.0,0.0,0.5283208335737187,-1,0.1702127659574468,1.3119335197443225,-0.940023051305098,0.003875968992248,0.8735177865612648,0.6875,0.3958333333333333,0.7496338513328993,0.4843125813016815,0.0,0.0,1.0,0.3713289797306061,0.2810863256454468
0.425663044493088,0.21554237277169,0.1125462166234288,0.9130434782608745,0.0241545893719806,0.1304347826086956,0.6956521739130435,0.9221301775147928,0.0,0.0,0.8072289156626506,0.4999999999999999,0.3333333333333333,1,0.1702127659574468,0.022287186260137,-0.8553043928409952,0.3488372093023256,0.7549407114624506,0.0833333333333333,0.2708333333333333,0.7326464424488568,0.702686743476016,0.2626495350371935,0.0,1.0,0.37132903933525085,0.28108638525009155
0.2661425371459582,0.1219154745029367,0.2093608468624356,0.9130434782608745,0.0241545893719806,0.6521739130434783,0.4782608695652174,0.9221301775147928,0.2398124665681314,0.489301084236452,0.072289156626506,0.3154648767857286,0.5283208335737187,-1,0.1702127659574468,-0.4935713471335369,-0.262273783592276,0.7286821705426356,0.1620553359683794,0.3541666666666666,0.0416666666666666,0.5025963735504262,0.6642213744352377,0.0,0.0,1.0,0.37132903933525085,0.2810864746570587
0.3172014893804099,0.1594933250016728,0.1650906013439089,0.9130434782608745,0.0241545893719806,0.0869565217391304,0.5217391304347826,0.9221301775147928,0.0,0.244650542118226,0.1325301204819277,0.3154648767857286,0.0,1,0.1702127659574468,-0.4935713471335369,-0.5164297589845843,0.7674418604651163,0.7470355731225296,0.5416666666666666,0.9583333333333331,0.6700435927183903,0.6069269628527227,0.0,0.0,1.0,0.37132903933525085,0.28108641505241394
0.3023171402366186,0.1594933250016728,0.1734865272523655,0.9130434782608745,0.1739130434782608,0.0434782608695652,0.1304347826086956,0.9221301775147928,0.0,0.0,0.746987951807229,0.0,0.6666666666666667,-1,0.4042553191489362,1.4838863642088802,0.83906877644106,0.0736434108527131,0.3201581027667984,0.1666666666666666,0.3333333333333333,0.5036627471149606,0.5822452771975095,0.0,0.4056838710822128,1.0,0.3713289797306061,0.28108638525009155
0.3252326601871359,0.1748166165990063,0.1579664269913185,0.9130434782608745,0.1304347826086956,0.2608695652173913,0.3913043478260869,0.9221301775147928,0.0,0.38776193503849,0.036144578313253,0.3154648767857286,0.3333333333333333,0,0.4042553191489362,0.7960749863506482,-0.0081178081999676,0.8217054263565892,0.8221343873517786,0.375,0.5833333333333333,0.5482267649438959,0.5820830772486516,0.0,0.0,1.0,0.37132903933525085,0.28108644485473633
0.6561576961678737,0.5011329535221867,0.0433887437190071,0.9130434782608745,0.0821256038647342,0.0,0.8260869565217391,0.9221301775147928,0.0,0.0,0.5301204819277109,0.4999999999999999,0.0,1,0.4042553191489362,1.139980675279764,-1.4483350020897148,0.8953488372093024,0.924901185770751,0.4375,0.0625,0.6857864024649005,0.3901647866280244,0.4162896638657991,0.0,1.0,0.37132903933525085,0.28108644485473633
0.3006278814981359,0.0846607391767546,0.2003438888998383,0.9130434782608745,0.0483091787439613,0.1739130434782608,0.217391304347826,0.9221301775147928,0.0,0.0,0.4819277108433735,0.3154648767857286,0.0,1,0.4042553191489362,0.452169297421532,0.6696314595128544,0.4728682170542636,0.5138339920948616,0.4791666666666666,0.9375,0.4252938791829244,0.5444083658681029,0.0,0.0,1.0,0.37132900953292847,0.28108638525009155
0.3575669650849358,0.2035346917916098,0.1418645197115972,0.9130434782608745,0.0966183574879227,0.5652173913043479,0.4347826086956522,0.9221301775147928,0.4796249331362629,0.0,0.216867469879518,0.3154648767857286,0.5283208335737187,-1,0.4042553191489362,-0.579547769365816,-0.1775551251281732,0.4224806201550387,0.150197628458498,0.6458333333333333,0.3125,0.3717253649346754,0.3159689835806576,0.0,0.2559580248098154,1.0,0.37132900953292847,0.2810863256454468
0.6417505272089404,0.499087368699703,0.0474959949519133,0.9130434782608745,0.0434782608695652,0.0869565217391304,0.7391304347826086,0.9221301775147928,0.3800937667159342,0.0,0.0,0.0,0.5283208335737187,-1,0.4042553191489362,1.139980675279764,-0.7705857343768925,0.003875968992248,0.8735177865612648,0.6875,0.3958333333333333,0.6786738202010054,0.3759972911486835,0.0,0.2559580248098154,1.0,0.37132900953292847,0.28108641505241394
0.2596183628318219,0.1399293845654892,0.206803828194657,0.9130434782608745,0.1062801932367149,0.5217391304347826,0.6086956521739131,0.9221301775147928,0.0,0.0,0.710843373493976,0.0,0.3333333333333333,-1,0.4042553191489362,0.194240030724695,-0.940023051305098,0.7209302325581395,0.541501976284585,0.7916666666666666,0.4583333333333333,0.5886659955213356,0.6283172131698411,0.2626495350371935,0.4056838710822128,1.0,0.37132903933525085,0.28108641505241394
0.4075311026737633,0.219865758897757,0.1188869644777832,0.9130434782608745,0.0289855072463768,0.3478260869565217,0.6521739130434783,0.9222485207100592,0.0,0.244650542118226,0.0602409638554216,0.4999999999999999,0.3333333333333333,1,0.4042553191489362,0.108263608492416,-0.940023051305098,0.3488372093023256,0.7549407114624506,0.0833333333333333,0.2708333333333333,0.6333306643343148,0.5703817832412257,0.4162896638657991,0.0,1.0,0.37132903933525085,0.28108644485473633
0.4022113043076551,0.21554237277169,0.1288414227601605,0.9130434782608745,0.0869565217391304,0.782608695652174,0.3043478260869565,0.9222485207100592,0.3800937667159342,0.0,0.072289156626506,0.3154648767857286,0.5283208335737187,-1,0.4042553191489362,-0.579547769365816,-0.1775551251281732,0.7286821705426356,0.6047430830039525,0.3541666666666666,0.0416666666666666,0.4427207557953847,0.4921710608557164,0.0,0.2559580248098154,1.0,0.37132903933525085,0.28108641505241394
0.3282418651071511,0.2122848741318761,0.1701478223544091,0.9130434782608745,0.1400966183574879,0.6956521739130435,0.4782608695652174,0.9222485207100592,0.0,0.38776193503849,0.0240963855421686,0.3154648767857286,0.0,1,0.4042553191489362,-0.4075949249012579,-0.6011484174486871,0.7674418604651163,0.7470355731225296,0.5416666666666666,0.9583333333333331,0.5856433941745574,0.5471841939790099,0.2626495350371935,0.0,1.0,0.37132903933525085,0.28108644485473633
0.3006278814981359,0.2646226126821671,0.1492584693370161,0.9130434782608745,0.0241545893719806,0.4782608695652174,0.6086956521739131,0.9228402366863904,0.4796249331362629,0.244650542118226,0.8433734939759037,0.4999999999999999,0.5283208335737187,0,0.1914893617021276,-0.665524191598095,0.076600850264135,0.7441860465116279,0.7233201581027667,0.9583333333333331,0.7916666666666666,0.5973512570511532,0.6916759261135439,0.0,0.0,1.0,0.37132903933525085,0.28108644485473633
0.221136179133028,0.0867752542426514,0.2665636092632477,0.9130434782608745,0.0966183574879227,0.6956521739130435,0.782608695652174,0.9228402366863904,0.0,0.489301084236452,0.5903614457831325,0.3154648767857286,0.0,1,0.425531914893617,-0.579547769365816,-0.6858670759127897,0.2635658914728682,0.7312252964426877,0.3958333333333333,0.3541666666666666,0.3819016057831499,0.4516396763636108,0.4162896638657991,0.0,1.0,0.37132906913757324,0.28108644485473633
0.4175821928318169,0.266322516620554,0.1061104727645804,0.9130434782608745,0.1304347826086956,0.3043478260869565,0.6521739130434783,0.9229585798816567,0.0,0.0,0.9518072289156628,0.0,0.5283208335737187,-1,0.425531914893617,-0.0636892359721419,-0.3469924420563787,0.6046511627906976,0.7707509881422925,0.0416666666666666,0.5416666666666666,0.5434678202492913,0.4999449787978167,0.4162896638657991,0.4056838710822128,1.0,0.37132906913757324,0.2810864746570587
0.1943194676220643,0.1319718041512219,0.2764901120666303,0.9130434782608745,0.0676328502415458,0.8260869565217391,0.0,0.9229585798816567,0.2398124665681314,0.244650542118226,0.2289156626506024,0.3154648767857286,0.7739760316291208,-1,0.425531914893617,-1.6112648361531638,1.177943410297471,0.9186046511627908,0.075098814229249,0.0625,0.1666666666666666,0.3891844230863206,0.5450541313383781,0.0,0.0,1.0,0.37132903933525085,0.28108638525009155
0.4419320988998434,0.2369358656057587,0.1061104727645804,0.9130434782608745,0.1062801932367149,0.7391304347826086,0.6086956521739131,0.9229585798816567,0.3800937667159342,0.5680609671737329,0.9879518072289156,0.3154648767857286,0.3333333333333333,0,0.425531914893617,-1.0094298805272108,-0.6858670759127897,0.751937984496124,0.4268774703557312,0.2708333333333333,0.6458333333333333,0.5761348640483201,0.3901647866280244,0.0,0.0,1.0,0.37132903933525085,0.28108641505241394
0.1253011994362394,0.186124846865483,0.3762548966857334,0.9130434782608745,0.0917874396135265,0.3913043478260869,0.3478260869565217,0.9229585798816567,0.0,0.0,0.5060240963855422,0.4999999999999999,0.3333333333333333,1,0.425531914893617,-0.0636892359721419,0.1613195087282378,0.1511627906976744,0.3478260869565217,0.3125,0.0833333333333333,0.3560449403744408,0.6343561306870302,0.4162896638657991,0.5119160496196309,1.0,0.37132903933525085,0.28108641505241394
0.3081728563127029,0.1614244001319842,0.1707060782715994,0.9130434782608745,0.0483091787439613,0.5652173913043479,0.2608695652173913,0.9229585798816567,0.0,0.0,0.5301204819277109,0.3154648767857286,0.0,1,0.425531914893617,-0.8374770360626529,0.7543501179769573,0.5542635658914729,0.826086956521739,0.4583333333333333,0.375,0.6209589951794341,0.590569120049776,0.525299070074387,0.0,1.0,0.37132900953292847,0.28108638525009155
0.2596183628318219,0.1438795272252668,0.2055195884704067,0.9130434782608745,0.1690821256038647,0.4347826086956522,0.1304347826086956,0.9229585798816567,0.0,0.489301084236452,0.2409638554216867,0.3154648767857286,0.3333333333333333,0,0.425531914893617,0.022287186260137,0.9237874349051628,0.8178294573643411,0.0039525691699604,0.5833333333333333,0.6875,0.5970579385057475,0.6679623994976265,0.0,0.0,1.0,0.37132900953292847,0.2810863256454468
0.307341663168569,0.1096835194848968,0.1884654030288818,0.9130434782608745,0.144927536231884,0.217391304347826,0.0434782608695652,0.9229585798816567,0.2398124665681314,0.0,0.963855421686747,0.3154648767857286,0.0,1,0.425531914893617,0.62412214188609,1.262662068761574,0.5271317829457365,0.901185770750988,0.9375,0.4375,0.5207548307972232,0.6257756248253987,0.0,0.5119160496196309,1.0,0.37132900953292847,0.28108641505241394
0.3152492690519377,0.1493780904816588,0.1720985523201007,0.9130434782608745,0.0821256038647342,0.4782608695652174,0.5217391304347826,0.9229585798816567,0.0,0.0,0.8433734939759037,0.4999999999999999,0.5283208335737187,0,0.425531914893617,-0.665524191598095,0.076600850264135,0.7441860465116279,0.7233201581027667,0.9583333333333331,0.7916666666666666,0.5094103910237431,0.5300636895672881,0.0,0.0,1.0,0.37132903933525085,0.28108641505241394
0.3594655327879809,0.1842508911861042,0.1403703343170966,0.9130434782608745,0.0,0.1739130434782608,0.0869565217391304,0.9231952662721894,0.0,0.0,0.3855421686746988,0.3154648767857286,0.5283208335737187,-1,0.425531914893617,1.139980675279764,0.5001941425846489,0.3178294573643411,0.4703557312252964,0.3333333333333333,0.4791666666666666,0.5834854522469832,0.4112456324835365,0.525299070074387,0.2559580248098154,1.0,0.3713289797306061,0.28108638525009155
0.2520266984180205,0.0993495926228316,0.2292868706376983,0.9130434782608745,0.0241545893719806,0.7391304347826086,0.0869565217391304,0.9236686390532544,0.5568273036287807,0.0,0.072289156626506,0.3154648767857286,0.6666666666666667,-1,0.1914893617021276,-0.7515006138303739,-0.1775551251281732,0.7286821705426356,0.7707509881422925,0.3541666666666666,0.5416666666666666,0.5024693054378386,0.7030949043382837,0.0,0.5119160496196309,1.0,0.37132900953292847,0.2810863256454468
0.396288157498343,0.1842508911861042,0.1282259815835157,0.9130434782608745,0.1014492753623188,0.0869565217391304,0.4782608695652174,0.9236686390532544,0.0,0.0,0.4819277108433735,0.3154648767857286,0.0,1,0.4468085106382979,0.62412214188609,-0.0081178081999676,0.4728682170542636,0.150197628458498,0.4791666666666666,0.3125,0.4116712196645684,0.3351399647691011,0.4162896638657991,0.5119160496196309,1.0,0.3713289797306061,0.28108638525009155
0.3550702633115377,0.1594933250016728,0.1477898256233795,0.9130434782608745,0.0241545893719806,0.2608695652173913,0.5217391304347826,0.9237869822485204,0.0,0.244650542118226,0.2409638554216867,0.4999999999999999,0.5283208335737187,0,0.1914893617021276,0.022287186260137,-0.262273783592276,0.8178294573643411,0.1620553359683794,0.5833333333333333,0.0416666666666666,0.70957210314963,0.6615088921439181,0.0,0.0,1.0,0.37132903933525085,0.28108641505241394
0.310655910578178,0.1198893894325332,0.1817214989402346,0.9130434782608745,0.0676328502415458,0.7391304347826086,0.5217391304347826,0.9237869822485204,0.0,0.0,0.9879518072289156,0.3154648767857286,0.3333333333333333,0,0.4468085106382979,-1.0094298805272108,0.076600850264135,0.751937984496124,0.7233201581027667,0.2708333333333333,0.7916666666666666,0.5200013768845,0.5796259036543965,0.0,0.0,1.0,0.37132900953292847,0.28108638525009155
0.2842059840792585,0.1076270810487989,0.2016436716397868,0.9130434782608745,0.1545893719806763,0.217391304347826,0.3478260869565217,0.9237869822485204,0.2398124665681314,0.244650542118226,0.4698795180722891,0.0,0.0,0,0.4468085106382979,1.0540042530474851,0.076600850264135,0.3178294573643411,0.3478260869565217,0.3333333333333333,0.0833333333333333,0.5828623355971005,0.6407577372891018,0.0,0.0,1.0,0.37132903933525085,0.28108644485473633
0.2460403144508542,0.1287671185290388,0.2405763991969792,0.9130434782608745,0.038647342995169,0.782608695652174,0.6086956521739131,0.9237869822485204,0.6199062332840658,0.0,0.072289156626506,0.3154648767857286,0.6666666666666667,-1,0.4468085106382979,-0.923453458294932,-0.0081178081999676,0.7286821705426356,0.7707509881422925,0.3541666666666666,0.5416666666666666,0.4226799303889954,0.5721431147110507,0.0,0.5943161289177871,1.0,0.37132903933525085,0.28108641505241394
0.4483713499966809,0.2280893448291361,0.10448635790819,0.9130434782608745,0.0241545893719806,0.2608695652173913,0.6956521739130435,0.9237869822485204,0.2398124665681314,0.0,0.036144578313253,0.4999999999999999,0.0,1,0.4468085106382979,0.7100985641183691,-0.5164297589845843,0.8217054263565892,0.8735177865612648,0.375,0.3958333333333333,0.5674740892742332,0.4223409686137145,0.0,0.5119160496196309,1.0,0.37132903933525085,0.28108644485473633
0.4048153499052845,0.21554237277169,0.1188869644777832,0.9130434782608745,0.1739130434782608,0.0434782608695652,0.1304347826086956,0.9237869822485204,0.2398124665681314,0.0,0.5301204819277109,0.3154648767857286,0.3333333333333333,0,0.4468085106382979,1.225957097512043,0.9237874349051628,0.8953488372093024,0.0039525691699604,0.4375,0.6875,0.7183677714611514,0.662774516655755,0.0,0.0,1.0,0.37132900953292847,0.28108638525009155
0.133165826308272,0.1748166165990063,0.3595102548496399,0.9130434782608745,0.072463768115942,0.5652173913043479,0.0,0.9237869822485204,0.0,0.0,0.216867469879518,0.6309297535714573,0.5283208335737187,1,0.4468085106382979,-0.665524191598095,1.4320993856897792,0.4224806201550387,0.075098814229249,0.6458333333333333,0.1666666666666666,0.3450821586184598,0.6188311388350571,0.0,0.2559580248098154,1.0,0.37132900953292847,0.2810863256454468
0.3638120552024527,0.1691037393641927,0.1433535259435616,0.9130434782608745,0.0483091787439613,0.1739130434782608,0.8260869565217391,0.9237869822485204,0.0,0.38776193503849,0.963855421686747,0.3154648767857286,0.0,1,0.4468085106382979,0.7100985641183691,-1.871928294410229,0.5271317829457365,0.91699604743083,0.9375,0.0625,0.5378721947099685,0.3880706964341238,0.2626495350371935,0.0,1.0,0.37132903933525085,0.28108644485473633
0.2293439643729159,0.105565495076829,0.247163702588542,0.9130434782608745,0.0048309178743961,0.4347826086956522,0.6521739130434783,0.9237869822485204,0.0,0.0,0.746987951807229,0.4999999999999999,0.0,1,0.4468085106382979,-0.665524191598095,-0.7705857343768925,0.7441860465116279,0.541501976284585,0.9583333333333331,0.4583333333333333,0.4932814677916353,0.6225881440697771,0.0,0.5943161289177871,1.0,0.37132903933525085,0.28108641505241394
0.3698173210656628,0.2097423265071727,0.1382697048607398,0.9130434782608745,0.1400966183574879,0.3913043478260869,0.3043478260869565,0.923905325443787,0.0,0.0,0.2409638554216867,0.4999999999999999,0.5283208335737187,0,0.4468085106382979,0.022287186260137,-0.262273783592276,0.8178294573643411,0.6047430830039525,0.5833333333333333,0.0416666666666666,0.5467965387172877,0.4971987068683958,0.0,0.0,1.0,0.37132900953292847,0.28108638525009155
0.4389698216024567,0.3173512182392655,0.0929423040259591,0.9130434782608745,0.0241545893719806,0.2608695652173913,0.4782608695652174,0.9241420118343197,0.0,0.0,0.2409638554216867,0.4999999999999999,0.3333333333333333,1,0.2127659574468085,0.022287186260137,-0.6011484174486871,0.8178294573643411,0.4268774703557312,0.5833333333333333,0.6458333333333333,0.6810807793673319,0.4514118801612192,0.0,0.2559580248098154,1.0,0.37132903933525085,0.28108638525009155
0.4776718543402827,0.2588165534648399,0.0962723816929588,0.9130434782608745,0.0821256038647342,0.1739130434782608,0.4782608695652174,0.9242603550295856,0.0,0.244650542118226,0.2409638554216867,0.4999999999999999,0.3333333333333333,1,0.1063829787234042,0.108263608492416,-0.6858670759127897,0.8178294573643411,0.4268774703557312,0.5833333333333333,0.6458333333333333,0.5222489076522088,0.3887724165616368,0.2626495350371935,0.0,1.0,0.37132903933525085,0.28108644485473633
0.3976121703135622,0.1497694438583581,0.1373662810412862,0.9130434782608745,0.0483091787439613,0.3043478260869565,0.782608695652174,0.9244970414201186,0.0,0.686820903599663,0.0602409638554216,0.3154648767857286,0.3333333333333333,0,0.4680851063829787,0.108263608492416,-1.1094603682333035,0.3488372093023256,0.7312252964426877,0.0833333333333333,0.3541666666666666,0.5285339481582303,0.4374128283295369,0.0,0.0,1.0,0.37132906913757324,0.2810864746570587
0.2116921698520294,0.1438795272252668,0.2506514987534111,0.9130434782608745,0.1304347826086956,0.6086956521739131,0.1739130434782608,0.9244970414201186,0.0,0.0,0.216867469879518,0.0,0.5283208335737187,-1,0.4680851063829787,0.194240030724695,0.83906877644106,0.7674418604651163,0.826086956521739,0.5416666666666666,0.375,0.524458663014076,0.57091264966122,0.6789391989029927,0.2559580248098154,1.0,0.37132903933525085,0.28108641505241394
0.2303579556773924,0.1419068240886909,0.2317138706969028,0.9130434782608745,0.0,0.5652173913043479,0.0434782608695652,0.9244970414201186,0.0,0.0,0.710843373493976,0.3154648767857286,0.5283208335737187,-1,0.4680851063829787,0.108263608492416,0.6696314595128544,0.7209302325581395,0.4703557312252964,0.7916666666666666,0.4791666666666666,0.5402687000001565,0.4344732856640521,0.0,0.5119160496196309,1.0,0.37132903933525085,0.28108644485473633
0.3936266367730807,0.2781246063123996,0.1109462972030086,0.9130434782608745,0.0966183574879227,0.3478260869565217,0.5217391304347826,0.9246153846153846,0.0,0.38776193503849,0.9518072289156628,0.3154648767857286,0.5283208335737187,-1,0.4680851063829787,-0.2356420804366999,-0.7705857343768925,0.6046511627906976,0.4268774703557312,0.0416666666666666,0.6458333333333333,0.4942041195547091,0.3509526652341819,0.0,0.0,1.0,0.37132903933525085,0.2810864746570587
0.1898532378554118,0.1279639949492921,0.2829825963720953,0.9130434782608745,0.072463768115942,0.8260869565217391,0.4782608695652174,0.9246153846153846,0.4796249331362629,0.0,0.2289156626506024,0.3154648767857286,0.0,1,0.4680851063829787,-1.95517052508228,0.1613195087282378,0.9108527131782944,0.8221343873517786,0.0625,0.5833333333333333,0.3732721738757911,0.5234054365611132,0.0,0.4056838710822128,1.0,0.37132903933525085,0.28108638525009155
0.2614935215314646,0.1299703373928096,0.2106336711056923,0.9130434782608745,0.0289855072463768,0.0,0.0869565217391304,0.9246153846153846,0.2398124665681314,0.0,0.746987951807229,0.7324867603589634,0.3333333333333333,1,0.4680851063829787,1.3979099419766012,1.177943410297471,0.0736434108527131,0.901185770750988,0.1666666666666666,0.4375,0.6311857982235207,0.6549647203300959,0.0,0.0,1.0,0.3713289797306061,0.28108638525009155
0.312302582834984,0.1575577115002546,0.1679075154889786,0.9130434782608745,0.1400966183574879,0.4347826086956522,0.3913043478260869,0.9246153846153846,0.2398124665681314,0.0,0.5060240963855422,0.4999999999999999,0.5283208335737187,0,0.4680851063829787,-0.0636892359721419,-0.5164297589845843,0.1511627906976744,0.7470355731225296,0.3125,0.9583333333333331,0.3310177641748282,0.5721431147110507,0.0,0.2559580248098154,1.0,0.37132903933525085,0.28108641505241394
0.2596183628318219,0.0825407813376326,0.2292868706376983,0.9130434782608745,0.0241545893719806,0.6521739130434783,0.7391304347826086,0.9246153846153846,0.2398124665681314,0.0,0.5301204819277109,0.0,0.0,0,0.4680851063829787,-0.923453458294932,-1.0247417097692009,0.5542635658914729,0.7549407114624506,0.4583333333333333,0.2708333333333333,0.5987292835164217,0.5630921130463238,0.0,0.0,1.0,0.37132903933525085,0.28108641505241394
0.4383746697484402,0.195431196344384,0.1141401994089745,0.9130434782608745,0.1545893719806763,0.1304347826086956,0.217391304347826,0.9246153846153846,0.0,0.0,0.0,0.4999999999999999,0.3333333333333333,1,0.4680851063829787,0.9680278308152062,0.7543501179769573,0.003875968992248,0.5138339920948616,0.6875,0.9375,0.67616361746319,0.5488638867998072,0.0,0.4056838710822128,1.0,0.3713289797306061,0.28108638525009155
0.2252615584944367,0.0867752542426514,0.2598161741896152,0.9130434782608745,0.1256038647342995,0.6956521739130435,0.2608695652173913,0.9248520710059172,0.2398124665681314,0.0,0.5903614457831325,0.4999999999999999,0.5283208335737187,0,0.4680851063829787,-0.665524191598095,1.0085060933692656,0.872093023255814,0.3201581027667984,0.3958333333333333,0.3333333333333333,0.4291701391828346,0.5589046715752979,0.0,0.0,1.0,0.3713289797306061,0.2810862958431244
0.3709508212645113,0.2028012962259913,0.1328204410780215,0.9130434782608745,0.038647342995169,0.8260869565217391,0.5217391304347826,0.9253254437869822,0.0,0.0,0.2289156626506024,0.4999999999999999,0.3333333333333333,1,0.4893617021276595,-1.869194102850001,-0.6858670759127897,0.9108527131782944,0.4268774703557312,0.0625,0.6458333333333333,0.3620416839076545,0.3667391261449979,0.2626495350371935,0.2559580248098154,1.0,0.37132903933525085,0.28108641505241394
0.5478298192807052,0.3409517775993802,0.0706438363749528,0.9130434782608745,0.0,0.1304347826086956,0.782608695652174,0.9253254437869822,0.0,0.0,0.2650602409638554,0.8154648767857287,0.0,1,0.4893617021276595,1.0540042530474851,-1.1094603682333035,0.003875968992248,0.7312252964426877,0.6875,0.3541666666666666,0.6946192641576505,0.4230989876845836,0.2626495350371935,0.0,1.0,0.37132903933525085,0.28108644485473633
0.3446187793868908,0.1379471858571372,0.1594007450778243,0.9130434782608745,0.0241545893719806,0.2608695652173913,0.0,0.9254437869822488,0.2398124665681314,0.0,0.2409638554216867,0.3154648767857286,0.0,1,0.2340425531914893,0.108263608492416,1.0085060933692656,0.8178294573643411,0.3201581027667984,0.5833333333333333,0.3333333333333333,0.6918582309012968,0.657412521830729,0.0,0.0,1.0,0.3713289797306061,0.2810863256454468
0.3716575976879044,0.1399293845654892,0.1477898256233795,0.9130434782608745,0.072463768115942,0.3913043478260869,0.6521739130434783,0.9254437869822488,0.0,0.0,0.0602409638554216,0.0,0.5283208335737187,-1,0.4893617021276595,0.108263608492416,-0.940023051305098,0.3488372093023256,0.541501976284585,0.0833333333333333,0.4583333333333333,0.5604434670396101,0.6296832223984212,0.0,0.0,1.0,0.37132903933525085,0.28108641505241394
0.2063454645424366,0.1497694438583581,0.2552582760694727,0.9130434782608745,0.1062801932367149,0.4782608695652174,0.6086956521739131,0.9254437869822488,0.0,0.244650542118226,0.5060240963855422,0.0,0.3333333333333333,-1,0.4893617021276595,-0.0636892359721419,-0.0081178081999676,0.1511627906976744,0.7707509881422925,0.3125,0.5416666666666666,0.3653494617095114,0.5857642621539327,0.0,0.0,1.0,0.37132903933525085,0.28108641505241394
0.2633597508701388,0.186124846865483,0.1898015716576803,0.9130434782608745,0.1497584541062802,0.217391304347826,0.0434782608695652,0.9254437869822488,0.0,0.0,0.036144578313253,0.0,0.0,0,0.4893617021276595,1.0540042530474851,1.6015367026179848,0.8217054263565892,0.075098814229249,0.375,0.1666666666666666,0.5674740892742332,0.6380216609139489,0.4162896638657991,0.2559580248098154,1.0,0.3713289797306061,0.28108638525009155
0.346881966160751,0.1517234261883286,0.1550833432309885,0.9130434782608745,0.0676328502415458,0.0,0.7391304347826086,0.9254437869822488,0.0,0.0,0.4819277108433735,0.3154648767857286,0.0,1,0.4893617021276595,0.7960749863506482,-1.0247417097692009,0.4728682170542636,0.7549407114624506,0.4791666666666666,0.2708333333333333,0.4560736179134237,0.5630921130463238,0.6098533345119622,0.0,1.0,0.37132900953292847,0.28108641505241394
0.408046262025698,0.2101060285072395,0.1188869644777832,0.9130434782608745,0.1739130434782608,0.1739130434782608,0.6956521739130435,0.9254437869822488,0.2398124665681314,0.0,0.963855421686747,0.4999999999999999,0.3333333333333333,1,0.4893617021276595,0.7100985641183691,-0.6858670759127897,0.5271317829457365,0.8735177865612648,0.9375,0.3958333333333333,0.4984262317307817,0.4255594720902333,0.0,0.0,1.0,0.37132903933525085,0.28108644485473633
0.4552773863277066,0.2508955754913384,0.0995768431242991,0.9130434782608745,0.0821256038647342,0.0869565217391304,0.5652173913043479,0.9255621301775148,0.2398124665681314,0.244650542118226,0.5301204819277109,0.4999999999999999,0.3333333333333333,1,0.4893617021276595,0.9680278308152062,-0.0081178081999676,0.8953488372093024,0.7233201581027667,0.4375,0.7916666666666666,0.6403720804973589,0.5480267065855564,0.0,0.0,1.0,0.37132903933525085,0.28108641505241394
0.3180120531037967,0.1729167237939524,0.1770744133720586,0.9130434782608745,0.1304347826086956,0.3478260869565217,0.2608695652173913,0.9255621301775148,0.0,0.244650542118226,0.2409638554216867,0.3154648767857286,0.0,1,0.4893617021276595,0.194240030724695,0.9237874349051628,0.8178294573643411,0.3201581027667984,0.5833333333333333,0.3333333333333333,0.5514385853127812,0.5678758401768851,0.2626495350371935,0.0,1.0,0.3713289797306061,0.2810862958431244
0.2877208723979957,0.1536727837037277,0.1844317783900017,0.9130434782608745,0.0917874396135265,0.3043478260869565,0.4347826086956522,0.9256804733727813,0.0,0.244650542118226,0.8433734939759037,0.4999999999999999,0.3333333333333333,1,0.4893617021276595,-0.4935713471335369,-0.3469924420563787,0.7441860465116279,0.6047430830039525,0.9583333333333331,0.0416666666666666,0.5374317341501589,0.5333885259659001,0.0,0.0,1.0,0.37132903933525085,0.28108641505241394
0.2548908336057636,0.145847516610311,0.2106336711056923,0.9130434782608745,0.0241545893719806,0.217391304347826,0.5652173913043479,0.9257988165680472,0.2398124665681314,0.38776193503849,0.5060240963855422,0.3154648767857286,0.0,1,0.2340425531914893,-0.1496656582044209,-0.0928364666640704,0.1511627906976744,0.7233201581027667,0.3125,0.7916666666666666,0.3670141803970723,0.6563297466459155,0.0,0.0,1.0,0.37132903933525085,0.28108641505241394
0.2806592863842163,0.1339684188642493,0.1951050694866963,0.9130434782608745,0.0241545893719806,0.0,0.2608695652173913,0.9257988165680472,0.3800937667159342,0.0,0.4698795180722891,0.0,0.0,0,0.2553191489361702,0.8820514085829272,0.2460381671923406,0.3178294573643411,0.8221343873517786,0.3333333333333333,0.5833333333333333,0.6270497057559183,0.6798756018998351,0.0,0.4056838710822128,1.0,0.37132900953292847,0.28108641505241394
0.3582982722957452,0.2159035230365287,0.150722109144145,0.9130434782608745,0.0289855072463768,0.3478260869565217,0.3043478260869565,0.9259171597633138,0.0,0.0,0.4698795180722891,0.0,0.0,0,0.0851063829787234,0.8820514085829272,0.2460381671923406,0.3178294573643411,0.8221343873517786,0.3333333333333333,0.5833333333333333,0.5800211775031194,0.5435424116730989,0.0,0.0,1.0,0.37132903933525085,0.28108641505241394
0.2248509692263381,0.1259527530077648,0.2611741664727488,0.9130434782608745,0.0144927536231884,0.5217391304347826,0.4782608695652174,0.9259171597633138,0.0,0.489301084236452,0.5060240963855422,0.3154648767857286,0.0,1,0.3829787234042553,-0.0636892359721419,-0.1775551251281732,0.1511627906976744,0.7233201581027667,0.3125,0.7916666666666666,0.3760113822447104,0.5480267065855564,0.2626495350371935,0.0,1.0,0.37132903933525085,0.28108644485473633
0.33232263603182,0.1575577115002546,0.1594007450778243,0.9130434782608745,0.1594202898550724,0.782608695652174,0.5217391304347826,0.926153846153846,0.2398124665681314,0.0,0.072289156626506,0.4999999999999999,0.3333333333333333,1,0.5106382978723404,-1.5252884139208849,-0.0081178081999676,0.0813953488372093,0.150197628458498,0.3541666666666666,0.3125,0.433811577272897,0.3604754678157886,0.0,0.4056838710822128,1.0,0.37132903933525085,0.28108641505241394
0.1357526833608863,0.199124490272293,0.3420863521060481,0.9130434782608745,0.0241545893719806,0.4347826086956522,0.0869565217391304,0.9262721893491124,0.3800937667159342,0.0,0.9518072289156628,0.0,0.5283208335737187,-1,0.5106382978723404,-0.4075949249012579,1.4320993856897792,0.6046511627906976,0.0039525691699604,0.0416666666666666,0.6875,0.5704248602266979,0.702927024387421,0.0,0.4056838710822128,1.0,0.3713289797306061,0.2810863256454468
0.4460420271184804,0.2864523129125704,0.0962723816929588,0.9130434782608745,0.072463768115942,0.0,0.0434782608695652,0.9262721893491124,0.0,0.0,0.746987951807229,0.4999999999999999,0.0,1,0.5106382978723404,1.655839208673438,0.83906877644106,0.0736434108527131,0.4703557312252964,0.1666666666666666,0.4791666666666666,0.6311857982235207,0.448112161023334,0.0,0.6616418958920284,1.0,0.3713289797306061,0.28108638525009155
0.2520266984180205,0.0993495926228316,0.228068209202461,0.9130434782608745,0.1497584541062802,0.6956521739130435,0.1304347826086956,0.9262721893491124,0.2398124665681314,0.0,0.9879518072289156,0.4999999999999999,0.3333333333333333,1,0.5106382978723404,-1.0954063027594898,1.0085060933692656,0.751937984496124,0.901185770750988,0.2708333333333333,0.4375,0.5488349881918957,0.6694799005463008,0.0,0.2559580248098154,1.0,0.37132903933525085,0.28108638525009155
0.4654134880494537,0.2191467687466677,0.10448635790819,0.9130434782608745,0.0821256038647342,0.1739130434782608,0.8260869565217391,0.9262721893491124,0.0,0.0,0.4698795180722891,0.6309297535714573,0.3333333333333333,1,0.5106382978723404,0.8820514085829272,-1.7872096359461258,0.3178294573643411,0.91699604743083,0.3333333333333333,0.0625,0.5976174175210971,0.3873652337855611,0.0,0.4056838710822128,1.0,0.37132900953292847,0.28108638525009155
0.2698224460661285,0.1339684188642493,0.2003438888998383,0.9130434782608745,0.1159420289855072,0.7391304347826086,0.3043478260869565,0.9262721893491124,0.2398124665681314,0.0,0.5903614457831325,0.0,0.3333333333333333,-1,0.5106382978723404,-0.7515006138303739,-0.4317111005204815,0.872093023255814,0.7470355731225296,0.3958333333333333,0.9583333333333331,0.4197972433602304,0.5638394259764712,0.0,0.2559580248098154,1.0,0.3713289797306061,0.2810862958431244
0.2894665653536619,0.0825407813376326,0.2080842400750066,0.9130434782608745,0.1400966183574879,0.5652173913043479,0.217391304347826,0.9262721893491124,0.0,0.0,0.5301204819277109,0.4999999999999999,0.0,1,0.5106382978723404,-0.7515006138303739,0.7543501179769573,0.5542635658914729,0.5138339920948616,0.4583333333333333,0.9375,0.5187359450989713,0.4862766892252375,0.2626495350371935,0.2559580248098154,1.0,0.3713289797306061,0.2810862958431244
0.3147596906990093,0.1096835194848968,0.1830787761130242,0.9130434782608745,0.1545893719806763,0.6521739130434783,0.3913043478260869,0.9262721893491124,0.0,0.244650542118226,0.1325301204819277,0.4999999999999999,0.6666666666666667,-1,0.5106382978723404,0.108263608492416,-0.0928364666640704,0.7674418604651163,0.3478260869565217,0.5416666666666666,0.0833333333333333,0.5793813837043806,0.6072770819019915,0.2626495350371935,0.0,1.0,0.37132900953292847,0.28108641505241394
0.1558549060559902,0.1497694438583581,0.3268447403348642,0.9130434782608745,0.1256038647342995,0.6086956521739131,0.3478260869565217,0.9262721893491124,0.2398124665681314,0.0,0.216867469879518,0.3154648767857286,0.6666666666666667,-1,0.5106382978723404,-0.7515006138303739,0.2460381671923406,0.4224806201550387,0.8221343873517786,0.6458333333333333,0.5833333333333333,0.3925471962580396,0.5819206781592785,0.0,0.0,1.0,0.37132903933525085,0.28108638525009155
0.2510673162484593,0.176712136804557,0.2003438888998383,0.9130434782608745,0.0483091787439613,0.4782608695652174,0.2608695652173913,0.9262721893491124,0.5568273036287807,0.0,0.710843373493976,0.4999999999999999,0.3333333333333333,1,0.5106382978723404,-0.2356420804366999,1.0085060933692656,0.7209302325581395,0.826086956521739,0.7916666666666666,0.375,0.5803399106684559,0.57091264966122,0.0,0.0,1.0,0.37132903933525085,0.28108638525009155
0.2997805137722285,0.1652730200593355,0.1748700320482838,0.9130434782608745,0.0676328502415458,0.6521739130434783,0.5652173913043479,0.926863905325444,0.0,0.38776193503849,0.072289156626506,0.0,0.0,0,0.3191489361702128,-1.439311991688606,-0.940023051305098,0.0813953488372093,0.4268774703557312,0.3541666666666666,0.6458333333333333,0.40935437940863,0.4014430781638625,0.2626495350371935,0.0,1.0,0.37132903933525085,0.28108641505241394
0.3283996060714674,0.1671906068761581,0.1594007450778243,0.9130434782608745,0.0241545893719806,0.2608695652173913,0.3043478260869565,0.9274556213017752,0.0,0.244650542118226,0.2409638554216867,0.4999999999999999,0.3333333333333333,1,0.2765957446808511,0.452169297421532,0.6696314595128544,0.8178294573643411,0.4703557312252964,0.5833333333333333,0.4791666666666666,0.6962666883421125,0.5589242487361521,0.2626495350371935,0.0,1.0,0.37132903933525085,0.28108644485473633
0.3382114308844421,0.1831244677156471,0.1690291293580721,0.9130434782608745,0.0821256038647342,0.3478260869565217,0.1739130434782608,0.9275739644970415,0.0,0.38776193503849,0.2409638554216867,0.4999999999999999,0.3333333333333333,1,0.3829787234042553,0.5381457196538111,0.5849128010487517,0.8178294573643411,0.4703557312252964,0.5833333333333333,0.4791666666666666,0.5376521488775587,0.4467647064068476,0.4162896638657991,0.0,1.0,0.37132903933525085,0.28108638525009155
0.3299735335706777,0.2191467687466677,0.1448373887931489,0.9130434782608745,0.0483091787439613,0.4347826086956522,0.0869565217391304,0.927810650887574,0.4796249331362629,0.489301084236452,0.9518072289156628,0.3154648767857286,0.3333333333333333,0,0.5319148936170213,-0.579547769365816,0.5001941425846489,0.6046511627906976,0.4703557312252964,0.0416666666666666,0.4791666666666666,0.5438885481478692,0.4683745474467564,0.0,0.0,1.0,0.37132903933525085,0.28108638525009155
0.3377497295698374,0.1671906068761581,0.1536345126238203,0.9130434782608745,0.0579710144927536,0.8260869565217391,0.6956521739130435,0.927810650887574,0.2398124665681314,0.38776193503849,0.2289156626506024,0.0,0.5283208335737187,-1,0.5319148936170213,-1.95517052508228,-0.8553043928409952,0.9108527131782944,0.8735177865612648,0.0625,0.3958333333333333,0.3850321645341066,0.445403384098858,0.0,0.0,1.0,0.37132903933525085,0.28108641505241394
0.4564166528874116,0.2680189192095243,0.0962723816929588,0.9130434782608745,0.0048309178743961,0.0,0.7391304347826086,0.92792899408284,0.0,0.0,0.746987951807229,0.4999999999999999,0.3333333333333333,1,0.5319148936170213,1.827792053137996,-1.0247417097692009,0.0736434108527131,0.7549407114624506,0.1666666666666666,0.2708333333333333,0.6356502933033845,0.5619631670479188,0.2626495350371935,0.2559580248098154,1.0,0.3713289797306061,0.28108638525009155
0.3982725031076155,0.1517234261883286,0.1358563397052546,0.9130434782608745,0.1739130434782608,0.2608695652173913,0.1739130434782608,0.92792899408284,0.0,0.244650542118226,0.4698795180722891,0.0,0.3333333333333333,-1,0.5319148936170213,1.0540042530474851,0.5849128010487517,0.3178294573643411,0.5138339920948616,0.3333333333333333,0.9375,0.583174263067235,0.5153231303845109,0.2626495350371935,0.0,1.0,0.3713289797306061,0.28108638525009155
0.3299735335706777,0.1972799135420955,0.1492584693370161,0.9130434782608745,0.144927536231884,0.217391304347826,0.3913043478260869,0.92792899408284,0.2398124665681314,0.0,0.036144578313253,0.6309297535714573,0.0,1,0.5319148936170213,0.9680278308152062,-0.0081178081999676,0.8217054263565892,0.3478260869565217,0.375,0.0833333333333333,0.5674740892742332,0.5150540071577281,0.0,0.2559580248098154,1.0,0.37132903933525085,0.28108641505241394
0.4022113043076551,0.2298662671273945,0.1157282894535847,0.9130434782608745,0.1545893719806763,0.1304347826086956,0.3478260869565217,0.92792899408284,0.2398124665681314,0.0,0.5301204819277109,0.3154648767857286,0.3333333333333333,0,0.5319148936170213,0.9680278308152062,-0.3469924420563787,0.8953488372093024,0.7470355731225296,0.4375,0.9583333333333331,0.6368985056283478,0.5415730348915744,0.0,0.4056838710822128,1.0,0.37132900953292847,0.28108641505241394
0.1864698434266745,0.1478108147170451,0.277579029931883,0.9130434782608745,0.072463768115942,0.5217391304347826,0.6086956521739131,0.92792899408284,0.0,0.0,0.216867469879518,0.4999999999999999,0.3333333333333333,1,0.5319148936170213,-0.923453458294932,-0.6011484174486871,0.4224806201550387,0.541501976284585,0.6458333333333333,0.4583333333333333,0.3990252192023849,0.5555756156324763,0.0,0.4056838710822128,1.0,0.37132900953292847,0.28108638525009155
0.6564992277106675,0.5150604719181584,0.041508750049638,0.9130434782608745,0.0,0.0434782608695652,0.5652173913043479,0.92792899408284,0.0,0.244650542118226,0.0,0.8154648767857287,0.0,1,0.5319148936170213,1.655839208673438,-0.0928364666640704,0.003875968992248,0.150197628458498,0.6875,0.3125,0.6986933521742806,0.3797963438428056,0.525299070074387,0.0,1.0,0.37132900953292847,0.28108641505241394
0.2313693302272074,0.1748166165990063,0.2169418295075544,0.9130434782608745,0.0289855072463768,0.4782608695652174,0.6521739130434783,0.92792899408284,0.0,0.244650542118226,0.710843373493976,0.4999999999999999,0.5283208335737187,0,0.5319148936170213,-0.1496656582044209,-0.0081178081999676,0.7209302325581395,0.7707509881422925,0.7916666666666666,0.5416666666666666,0.552032163560773,0.5792948045051742,0.2626495350371935,0.0,1.0,0.37132903933525085,0.28108641505241394
0.5637201345483037,0.2946966576871213,0.0724008035187239,0.9130434782608745,0.0241545893719806,0.3043478260869565,0.782608695652174,0.9281656804733728,0.0,0.0,0.2409638554216867,0.6309297535714573,0.0,1,0.5319148936170213,0.62412214188609,-1.4483350020897148,0.8178294573643411,0.0830039525691699,0.5833333333333333,0.3541666666666666,0.581764724490428,0.4600676213490597,0.525299070074387,0.0,1.0,0.37132903933525085,0.28108641505241394
0.4698356215183736,0.2629191929110002,0.0946105696869833,0.9130434782608745,0.0289855072463768,0.7391304347826086,0.8260869565217391,0.9286390532544376,0.2398124665681314,0.38776193503849,0.9879518072289156,0.6309297535714573,0.0,1,0.553191489361702,-1.0954063027594898,-2.126084269802537,0.751937984496124,0.91699604743083,0.2708333333333333,0.0625,0.5640958508364171,0.3608217347701434,0.0,0.0,1.0,0.37132903933525085,0.28108641505241394
0.3283996060714674,0.1575577115002546,0.1608302900503926,0.9130434782608745,0.0241545893719806,0.6956521739130435,0.5217391304347826,0.9286390532544376,0.0,0.0,0.5903614457831325,0.3154648767857286,0.0,1,0.553191489361702,-0.665524191598095,-0.8553043928409952,0.872093023255814,0.4268774703557312,0.3958333333333333,0.6458333333333333,0.40993742817599,0.3724030946973349,0.2626495350371935,0.2559580248098154,1.0,0.37132903933525085,0.28108638525009155
0.1619311118090769,0.1339684188642493,0.3249009457612145,0.9130434782608745,0.1739130434782608,0.6521739130434783,0.0,0.9286390532544376,0.2398124665681314,0.0,0.5301204819277109,0.0,0.3333333333333333,-1,0.553191489361702,-0.665524191598095,1.8556926780102927,0.5542635658914729,0.075098814229249,0.4583333333333333,0.1666666666666666,0.5547673038427485,0.583214322131296,0.0,0.4056838710822128,1.0,0.37132903933525085,0.28108638525009155
0.2824366473468936,0.1633509581233636,0.1844317783900017,0.9130434782608745,0.1062801932367149,0.3478260869565217,0.4782608695652174,0.9287573964497042,0.2398124665681314,0.0,0.0602409638554216,0.6309297535714573,0.0,1,0.553191489361702,-0.2356420804366999,-0.1775551251281732,0.3488372093023256,0.7233201581027667,0.0833333333333333,0.7916666666666666,0.5461787896231156,0.5448392262851303,0.0,0.0,1.0,0.37132903933525085,0.28108641505241394
0.2273080770903636,0.0804153526335065,0.2609481323355571,0.9130434782608745,0.072463768115942,0.782608695652174,0.3043478260869565,0.9287573964497042,0.2398124665681314,0.244650542118226,0.072289156626506,0.0,0.0,0,0.553191489361702,-1.6972412583854428,0.9237874349051628,0.0813953488372093,0.3201581027667984,0.3541666666666666,0.3333333333333333,0.4371645499361773,0.5195562603159485,0.0,0.0,1.0,0.37132900953292847,0.28108638525009155
0.2221716022466865,0.1478108147170451,0.2365271184506421,0.9130434782608745,0.1545893719806763,0.0869565217391304,0.2608695652173913,0.9287573964497042,0.0,0.0,0.4819277108433735,0.7324867603589634,0.3333333333333333,1,0.553191489361702,0.5381457196538111,1.177943410297471,0.4728682170542636,0.826086956521739,0.4791666666666666,0.375,0.4670691712113628,0.5598680701212062,0.0,0.2559580248098154,1.0,0.37132900953292847,0.28108638525009155
0.3609197363880352,0.2173465425309795,0.1312944079711719,0.9130434782608745,0.1304347826086956,0.6086956521739131,0.1304347826086956,0.9287573964497042,0.0,0.0,0.1325301204819277,0.6309297535714573,0.5283208335737187,1,0.553191489361702,0.022287186260137,0.9237874349051628,0.7674418604651163,0.901185770750988,0.5416666666666666,0.4375,0.5793813837043806,0.617596078046539,0.0,0.0,1.0,0.3713289797306061,0.2810863256454468
0.223204296969532,0.0804153526335065,0.2654463710058682,0.9130434782608745,0.1497584541062802,0.1739130434782608,0.217391304347826,0.9287573964497042,0.0,0.0,0.963855421686747,0.3154648767857286,0.6666666666666667,-1,0.553191489361702,0.7100985641183691,0.83906877644106,0.5271317829457365,0.8221343873517786,0.9375,0.5833333333333333,0.5343064886191731,0.5868645873331826,0.2626495350371935,0.5943161289177871,1.0,0.37132900953292847,0.28108638525009155
0.103522962409629,0.2543488432999805,0.3981596898852992,0.9130434782608745,0.144927536231884,0.3913043478260869,0.0434782608695652,0.9287573964497042,0.0,0.0,0.7228915662650602,0.0,0.3333333333333333,-1,0.553191489361702,-0.3216185026689789,2.0251299949384984,0.7441860465116279,0.0039525691699604,0.9583333333333331,0.6875,0.5508423150915529,0.6947369733196582,0.0,0.5943161289177871,1.0,0.3713289797306061,0.2810862958431244
0.2698224460661285,0.1691037393641927,0.1898015716576803,0.9130434782608745,0.0048309178743961,0.5652173913043479,0.4347826086956522,0.9288757396449708,0.3800937667159342,0.0,0.5060240963855422,0.0,0.0,0,0.553191489361702,-0.4935713471335369,-0.6011484174486871,0.1511627906976744,0.6047430830039525,0.3125,0.0416666666666666,0.3431627492561113,0.4886002572651802,0.0,0.0,1.0,0.37132903933525085,0.2810863256454468
0.3942937133946537,0.2595017474858638,0.1125462166234288,0.9130434782608745,0.0241545893719806,0.0869565217391304,0.217391304347826,0.9291124260355028,0.0,0.0,0.1325301204819277,0.3154648767857286,0.5283208335737187,-1,0.2765957446808511,0.108263608492416,-0.5164297589845843,0.7674418604651163,0.150197628458498,0.5416666666666666,0.3125,0.6875554579963923,0.3685550377559947,0.2626495350371935,0.0,1.0,0.37132900953292847,0.28108641505241394
0.169100349909937,0.155617538245504,0.303941771066655,0.9130434782608745,0.0241545893719806,0.4347826086956522,0.2608695652173913,0.9291124260355028,0.2398124665681314,0.0,0.710843373493976,0.4999999999999999,0.5283208335737187,0,0.2978723404255319,-0.4075949249012579,1.0085060933692656,0.7209302325581395,0.8221343873517786,0.7916666666666666,0.5833333333333333,0.6502615622945569,0.6856958278802863,0.0,0.6616418958920284,1.0,0.37132900953292847,0.2810863256454468
0.4026030159050361,0.2130098769654598,0.123893026873123,0.9130434782608745,0.0483091787439613,0.5652173913043479,0.1739130434782608,0.9292307692307692,0.2398124665681314,0.0,0.1325301204819277,0.3154648767857286,0.5283208335737187,-1,0.0851063829787234,0.022287186260137,-0.4317111005204815,0.7674418604651163,0.150197628458498,0.5416666666666666,0.3125,0.5800211775031194,0.3555300732301323,0.0,0.2559580248098154,1.0,0.37132900953292847,0.28108638525009155
0.3500286302957602,0.1683390195638789,0.1588275924006429,0.9130434782608745,0.1594202898550724,0.4347826086956522,0.3478260869565217,0.9292307692307692,0.0,0.0,0.710843373493976,0.4999999999999999,0.5283208335737187,0,0.3191489361702128,-0.4075949249012579,1.0085060933692656,0.7209302325581395,0.8221343873517786,0.7916666666666666,0.5833333333333333,0.5787384613179356,0.5863941397378218,0.0,0.0,1.0,0.37132903933525085,0.28108641505241394
0.4112507559263988,0.2316393639710299,0.1141401994089745,0.9130434782608745,0.0289855072463768,0.0434782608695652,0.3913043478260869,0.9294674556213018,0.0,0.0,0.2650602409638554,0.4999999999999999,0.3333333333333333,1,0.5744680851063829,2.171697742067112,-0.0081178081999676,0.003875968992248,0.3478260869565217,0.6875,0.0833333333333333,0.6775387566069353,0.5782965051184144,0.6789391989029927,0.2559580248098154,1.0,0.37132900953292847,0.28108641505241394
0.2423255243575443,0.1299703373928096,0.2243913433786063,0.9130434782608745,0.1497584541062802,0.8260869565217391,0.6521739130434783,0.929585798816568,0.4796249331362629,0.38776193503849,0.2289156626506024,0.3154648767857286,0.0,1,0.5744680851063829,-2.385052636243675,-0.7705857343768925,0.9108527131782944,0.541501976284585,0.0625,0.4583333333333333,0.3871246849683682,0.547816580993896,0.0,0.0,1.0,0.37132903933525085,0.28108638525009155
0.394959656495508,0.2730872623782883,0.1093403967615045,0.9130434782608745,0.1207729468599033,0.0,0.5652173913043479,0.929585798816568,0.0,0.38776193503849,0.7228915662650602,0.0,0.0,0,0.5744680851063829,1.9997448976025545,-0.0928364666640704,0.0736434108527131,0.5691699604743082,0.1666666666666666,0.5416666666666666,0.6489582236493587,0.5844954366700656,0.525299070074387,0.0,1.0,0.37132900953292847,0.28108638525009155
0.381420920907986,0.2064617607659762,0.1266835100238632,0.9130434782608745,0.1304347826086956,0.3043478260869565,0.3478260869565217,0.929585798816568,0.0,0.244650542118226,0.4698795180722891,0.3154648767857286,0.3333333333333333,0,0.5744680851063829,0.9680278308152062,-0.4317111005204815,0.2325581395348837,0.7470355731225296,0.3333333333333333,0.9583333333333331,0.581922088203662,0.5730150627550141,0.0,0.0,1.0,0.37132900953292847,0.28108638525009155
0.4188362976477575,0.2946966576871213,0.0995768431242991,0.9130434782608745,0.0579710144927536,0.2608695652173913,0.6086956521739131,0.929585798816568,0.2398124665681314,0.0,0.036144578313253,0.3154648767857286,0.0,1,0.5744680851063829,0.9680278308152062,-0.3469924420563787,0.8217054263565892,0.150197628458498,0.375,0.3125,0.5674740892742332,0.3642354443211302,0.0,0.4056838710822128,1.0,0.3713289797306061,0.2810862958431244
0.4150618791906119,0.2119221332470133,0.1173105301661802,0.9130434782608745,0.0531400966183574,0.0869565217391304,0.782608695652174,0.929585798816568,0.0,0.0,0.4819277108433735,0.3154648767857286,0.0,1,0.5744680851063829,0.7960749863506482,-1.7024909774820232,0.4728682170542636,0.0830039525691699,0.4791666666666666,0.3541666666666666,0.4715138983801663,0.476911315785274,0.2626495350371935,0.0,1.0,0.37132900953292847,0.28108641505241394
0.5718539502505436,0.4050835942232971,0.0599483992353185,0.9130434782608745,0.1690821256038647,0.217391304347826,0.6956521739130435,0.929585798816568,0.0,0.0,0.2409638554216867,0.6309297535714573,0.3333333333333333,1,0.5744680851063829,1.0540042530474851,-0.6011484174486871,0.8178294573643411,0.8735177865612648,0.5833333333333333,0.3958333333333333,0.5761348640483201,0.454224918029668,0.0,0.4056838710822128,1.0,0.37132900953292847,0.28108638525009155
0.2262861536415654,0.1379471858571372,0.2353288530493636,0.9130434782608745,0.0,0.5217391304347826,0.4782608695652174,0.929585798816568,0.2398124665681314,0.0,0.216867469879518,0.3154648767857286,0.3333333333333333,0,0.5744680851063829,-0.923453458294932,-0.4317111005204815,0.813953488372093,0.7233201581027667,0.6458333333333333,0.7916666666666666,0.3586485348512405,0.5569565651521471,0.0,0.0,1.0,0.37132903933525085,0.28108641505241394
0.2510673162484593,0.0867752542426514,0.2365271184506421,0.9130434782608745,0.144927536231884,0.1739130434782608,0.7391304347826086,0.929585798816568,0.2398124665681314,0.0,0.7228915662650602,0.6309297535714573,0.3333333333333333,1,0.5744680851063829,0.5381457196538111,-0.8553043928409952,0.5271317829457365,0.7549407114624506,0.9375,0.2708333333333333,0.5075961233371526,0.5841763194049163,0.0,0.2559580248098154,1.0,0.37132903933525085,0.28108641505241394
0.4112507559263988,0.2508955754913384,0.1093403967615045,0.9130434782608745,0.0483091787439613,0.1304347826086956,0.4347826086956522,0.9297041420118344,0.2398124665681314,0.0,0.5301204819277109,0.3154648767857286,0.0,1,0.5744680851063829,0.8820514085829272,-0.6011484174486871,0.8953488372093024,0.5098814229249011,0.4375,0.0416666666666666,0.6679237843718033,0.5645825404984028,0.0,0.0,1.0,0.37132900953292847,0.28108641505241394
0.350625140944488,0.2173465425309795,0.1373662810412862,0.9130434782608745,0.0241545893719806,0.3043478260869565,0.782608695652174,0.9300591715976334,0.2398124665681314,0.0,0.5060240963855422,0.4999999999999999,0.0,1,0.2978723404255319,-0.4075949249012579,-2.2955215867307426,0.1511627906976744,0.91699604743083,0.3125,0.0625,0.3706363271586272,0.5080375096479051,0.0,0.2559580248098154,1.0,0.37132903933525085,0.28108644485473633
0.3260267991023396,0.1621955642012158,0.1743171647032176,0.9130434782608745,0.0966183574879227,0.4782608695652174,0.8260869565217391,0.9301775147928996,0.0,0.244650542118226,0.5060240963855422,0.4999999999999999,0.0,1,0.5957446808510638,-0.2356420804366999,-2.464958903658948,0.1511627906976744,0.91699604743083,0.3125,0.0625,0.3524912856553257,0.3808408134261318,0.2626495350371935,0.0,1.0,0.37132903933525085,0.2810864746570587
0.2633597508701388,0.105565495076829,0.2169418295075544,0.9130434782608745,0.0821256038647342,0.6521739130434783,0.3043478260869565,0.9301775147928996,0.4796249331362629,0.0,0.5301204819277109,0.3154648767857286,0.0,1,0.5957446808510638,-0.8374770360626529,0.9237874349051628,0.5542635658914729,0.3122529644268774,0.4583333333333333,0.3333333333333333,0.5617333744137427,0.6017991128953313,0.0,0.0,1.0,0.37132900953292847,0.28108641505241394
0.2734681227793893,0.1419068240886909,0.1951050694866963,0.9130434782608745,0.0241545893719806,0.6956521739130435,0.0,0.9302958579881656,0.2398124665681314,0.0,0.9759036144578314,0.4999999999999999,0.5283208335737187,0,0.3191489361702128,-1.0094298805272108,1.177943410297471,0.751937984496124,0.8221343873517786,0.2708333333333333,0.5833333333333333,0.7181225315368536,0.6926363945788088,0.0,0.2559580248098154,1.0,0.37132900953292847,0.28108638525009155
0.1738080031587563,0.0610355604743935,0.3513448541834876,0.9130434782608745,0.0241545893719806,0.782608695652174,0.3913043478260869,0.9302958579881656,0.2398124665681314,0.0,0.072289156626506,0.4999999999999999,0.0,1,0.3191489361702128,-1.783217680617722,0.6696314595128544,0.7286821705426356,0.5138339920948616,0.3541666666666666,0.9375,0.5011081588689417,0.7253332529596712,0.0,0.2559580248098154,1.0,0.37132900953292847,0.2810863256454468
0.2052673141498032,0.1575577115002546,0.2506514987534111,0.9130434782608745,0.0241545893719806,0.5217391304347826,0.4782608695652174,0.9302958579881656,0.0,0.0,0.036144578313253,0.0,0.5283208335737187,-1,0.3191489361702128,1.0540042530474851,0.9237874349051628,0.8217054263565892,0.901185770750988,0.375,0.4375,0.5973110103109944,0.7913913451989376,0.2626495350371935,0.2559580248098154,1.0,0.3713289797306061,0.28108638525009155
0.1570777071121351,0.1935783200493599,0.3018912761575711,0.9130434782608745,0.072463768115942,0.5217391304347826,0.0,0.9302958579881656,0.2398124665681314,0.0,0.9518072289156628,0.0,0.3333333333333333,-1,0.5957446808510638,-0.665524191598095,1.940411336474396,0.5232558139534884,0.075098814229249,0.0416666666666666,0.1666666666666666,0.5459722265690454,0.6713112886845247,0.0,0.0,1.0,0.3713289797306061,0.2810862958431244
0.4041659588361488,0.1594933250016728,0.1328204410780215,0.9130434782608745,0.1304347826086956,0.3913043478260869,0.6956521739130435,0.9302958579881656,0.2398124665681314,0.244650542118226,0.0602409638554216,0.4999999999999999,0.5283208335737187,0,0.5957446808510638,-0.0636892359721419,-0.7705857343768925,0.3488372093023256,0.8735177865612648,0.0833333333333333,0.3958333333333333,0.5589536226453835,0.4498876774185258,0.0,0.0,1.0,0.37132900953292847,0.2810863256454468
0.2885946908660286,0.176712136804557,0.1762490954086448,0.9130434782608745,0.0483091787439613,0.4347826086956522,0.0869565217391304,0.9302958579881656,0.0,0.0,0.1325301204819277,0.6309297535714573,0.3333333333333333,1,0.5957446808510638,-0.0636892359721419,0.83906877644106,0.7674418604651163,0.4703557312252964,0.5416666666666666,0.4791666666666666,0.5504432939710737,0.4852682421023262,0.0,0.4056838710822128,1.0,0.37132900953292847,0.2810863256454468
0.1076996351970062,0.2209430686207103,0.4030598707882851,0.9130434782608745,0.0241545893719806,0.5652173913043479,0.0434782608695652,0.9302958579881656,0.0,0.0,0.710843373493976,0.0,0.0,0,0.5957446808510638,-0.4075949249012579,2.194567311866704,0.7209302325581395,0.0039525691699604,0.7916666666666666,0.6875,0.5508423150915529,0.6933446019341594,0.0,0.7185650207899777,1.0,0.3713289797306061,0.2810862958431244
0.3643879662841262,0.195431196344384,0.1515979053044193,0.9130434782608745,0.1062801932367149,0.7391304347826086,0.217391304347826,0.930414201183432,0.0,0.0,0.9879518072289156,0.4999999999999999,0.5283208335737187,0,0.5957446808510638,-1.0094298805272108,1.177943410297471,0.751937984496124,0.8221343873517786,0.2708333333333333,0.5833333333333333,0.6118879936126291,0.5759374151151861,0.0,0.0,1.0,0.3713289797306061,0.2810862958431244
0.3349680406164337,0.1902326018433702,0.1895346702090066,0.9130434782608745,0.0048309178743961,0.782608695652174,0.1739130434782608,0.930414201183432,0.0,0.244650542118226,0.072289156626506,0.4999999999999999,0.0,1,0.5957446808510638,-1.6112648361531638,0.5001941425846489,0.0813953488372093,0.5138339920948616,0.3541666666666666,0.9375,0.4674453583720017,0.4990358754697679,0.2626495350371935,0.0,1.0,0.37132903933525085,0.28108638525009155
0.2089209880760416,0.199124490272293,0.2994176923489469,0.9130434782608745,0.144927536231884,0.2608695652173913,0.1304347826086956,0.930414201183432,0.2398124665681314,0.0,0.036144578313253,0.0,0.5283208335737187,-1,0.5957446808510638,0.8820514085829272,1.0932247518333684,0.8217054263565892,0.3280632411067193,0.375,0.4375,0.5671225453133786,0.7005625790090597,0.0,0.4056838710822128,1.0,0.3713289797306061,0.2810862958431244
0.3956244699213488,0.2280893448291361,0.1188869644777832,0.9130434782608745,0.0434782608695652,0.3478260869565217,0.6086956521739131,0.930414201183432,0.0,0.0,0.8433734939759037,0.3154648767857286,0.3333333333333333,0,0.5957446808510638,-0.4075949249012579,-0.940023051305098,0.7441860465116279,0.4268774703557312,0.9583333333333331,0.6458333333333333,0.5508423150915529,0.3852259861089147,0.0,0.0,1.0,0.37132900953292847,0.2810862958431244
0.3630909741884424,0.213734242153549,0.1312944079711719,0.9130434782608745,0.0241545893719806,0.217391304347826,0.1739130434782608,0.9307692307692306,0.0,0.0,0.8072289156626506,0.4999999999999999,0.3333333333333333,1,0.3191489361702128,-0.0636892359721419,0.076600850264135,0.3488372093023256,0.7707509881422925,0.0833333333333333,0.5416666666666666,0.7140772460018485,0.6949499115249755,0.0,0.2559580248098154,1.0,0.37132900953292847,0.28108638525009155
0.3940270189845297,0.2064617607659762,0.1427585426520181,0.9130434782608745,0.1159420289855072,0.0869565217391304,0.5652173913043479,0.9308875739644972,0.0,0.244650542118226,0.0602409638554216,0.4999999999999999,0.3333333333333333,1,0.1063829787234042,0.022287186260137,-0.0081178081999676,0.3488372093023256,0.7707509881422925,0.0833333333333333,0.5416666666666666,0.599005787026395,0.537544072785572,0.2626495350371935,0.0,1.0,0.37132900953292847,0.28108641505241394
0.4323729074224086,0.2046335620890687,0.1157282894535847,0.9130434782608745,0.144927536231884,0.0869565217391304,0.3478260869565217,0.9317159763313608,0.2398124665681314,0.0,0.4819277108433735,0.3154648767857286,0.3333333333333333,0,0.6170212765957447,0.7100985641183691,0.076600850264135,0.4728682170542636,0.3478260869565217,0.4791666666666666,0.0833333333333333,0.4242545275707807,0.509272120222916,0.0,0.4056838710822128,1.0,0.37132900953292847,0.28108638525009155
0.3821090816125512,0.2009649450398827,0.1297629344495855,0.9130434782608745,0.0483091787439613,0.1739130434782608,0.3913043478260869,0.9317159763313608,0.3800937667159342,0.0,0.2650602409638554,0.6309297535714573,0.0,1,0.6170212765957447,0.3661928751892531,-0.4317111005204815,0.5271317829457365,0.7470355731225296,0.9375,0.9583333333333331,0.5237261967778477,0.557348488505444,0.0,0.0,1.0,0.37132903933525085,0.28108644485473633
0.3023171402366186,0.1279639949492921,0.1844317783900017,0.9130434782608745,0.0241545893719806,0.7391304347826086,0.6956521739130435,0.9318343195266272,0.3800937667159342,0.0,0.2289156626506024,0.0,0.0,0,0.3404255319148936,-2.642981902940512,-1.4483350020897148,0.9108527131782944,0.7312252964426877,0.0625,0.3541666666666666,0.5233360698470264,0.5136878213014353,0.0,0.4056838710822128,1.0,0.37132903933525085,0.28108641505241394
0.4305543082400317,0.27979689757885,0.1012195903186518,0.9130434782608745,0.1739130434782608,0.7391304347826086,0.5652173913043479,0.9318343195266272,0.0,0.38776193503849,0.9879518072289156,0.8154648767857287,0.5283208335737187,1,0.6170212765957447,-1.0094298805272108,-0.7705857343768925,0.751937984496124,0.5098814229249011,0.2708333333333333,0.0416666666666666,0.6155918265251292,0.50527216913488,0.0,0.0,1.0,0.37132903933525085,0.28108641505241394
0.4448721533526093,0.1748166165990063,0.1173105301661802,0.9130434782608745,0.1545893719806763,0.1304347826086956,0.4347826086956522,0.9318343195266272,0.0,0.0,0.5301204819277109,0.0,0.5283208335737187,-1,0.6170212765957447,1.3119335197443225,-0.7705857343768925,0.3255813953488372,0.541501976284585,0.4375,0.4583333333333333,0.6636017619344543,0.5448392262851303,0.525299070074387,0.2559580248098154,1.0,0.37132900953292847,0.28108641505241394
0.2672501424631845,0.1501606113631073,0.2176926211950067,0.9130434782608745,0.0241545893719806,0.8260869565217391,0.782608695652174,0.9319526627218936,0.0,0.0,0.2289156626506024,0.0,0.0,0,0.6170212765957447,-2.642981902940512,-1.4483350020897148,0.9108527131782944,0.0830039525691699,0.0625,0.3541666666666666,0.3898638936543477,0.4596587369666478,0.0,0.0,1.0,0.37132903933525085,0.28108641505241394
0.6117023396413694,0.4751905516146413,0.0489798578015007,0.9130434782608745,0.1304347826086956,0.0,0.4782608695652174,0.9319526627218936,0.0,0.0,0.5301204819277109,0.3154648767857286,0.3333333333333333,0,0.6170212765957447,2.085721319834833,-0.0928364666640704,0.0736434108527131,0.150197628458498,0.1666666666666666,0.3125,0.6721082402813334,0.3880706964341238,0.2626495350371935,0.4056838710822128,1.0,0.3713289797306061,0.28108638525009155
0.3354330287119781,0.2009649450398827,0.1463161436710143,0.9130434782608745,0.072463768115942,0.3043478260869565,0.2608695652173913,0.9319526627218936,0.2398124665681314,0.38776193503849,0.4698795180722891,0.3154648767857286,0.3333333333333333,0,0.6170212765957447,0.8820514085829272,0.6696314595128544,0.3062015503875969,0.826086956521739,0.3333333333333333,0.375,0.6030850399059939,0.5636529931945551,0.0,0.0,1.0,0.37132900953292847,0.28108641505241394
0.2885946908660286,0.1319718041512219,0.1898015716576803,0.9130434782608745,0.0531400966183574,0.6956521739130435,0.6086956521739131,0.9319526627218936,0.0,0.0,0.5903614457831325,0.3154648767857286,0.0,1,0.6170212765957447,-0.7515006138303739,-0.4317111005204815,0.872093023255814,0.7233201581027667,0.3958333333333333,0.7916666666666666,0.4268376616388347,0.5700266849376303,0.0,0.0,1.0,0.37132900953292847,0.28108638525009155
0.3982725031076155,0.2209430686207103,0.1204576348485068,0.9130434782608745,0.0289855072463768,0.217391304347826,0.5217391304347826,0.9319526627218936,0.0,0.38776193503849,0.2409638554216867,0.3154648767857286,0.0,1,0.6170212765957447,1.225957097512043,-0.0928364666640704,0.8178294573643411,0.7707509881422925,0.5833333333333333,0.5416666666666666,0.572468590975147,0.579956176088485,0.0,0.0,1.0,0.3713289797306061,0.2810863256454468
0.083420739714525,0.2577876924119062,0.4663695551770429,0.9130434782608745,0.0,0.6521739130434783,0.0434782608695652,0.9321893491124262,0.0,0.0,0.216867469879518,0.6309297535714573,0.8616541669070521,-1,0.6170212765957447,-0.923453458294932,2.194567311866704,0.4224806201550387,0.0039525691699604,0.6458333333333333,0.6875,0.3843271909566732,0.7204595089714798,0.0,0.0,1.0,0.3713289797306061,0.2810862958431244
0.4048153499052845,0.1842508911861042,0.125135479996131,0.9130434782608745,0.0241545893719806,0.8260869565217391,0.5652173913043479,0.9323076923076924,0.0,0.489301084236452,0.5301204819277109,0.3154648767857286,0.0,1,0.3404255319148936,-0.579547769365816,-1.0247417097692009,0.5542635658914729,0.1620553359683794,0.4583333333333333,0.0416666666666666,0.6822510385033171,0.6468552112539021,0.4162896638657991,0.0,1.0,0.37132903933525085,0.28108641505241394
0.5196309387003447,0.3702060197687784,0.1048116724771799,0.9130434782608745,0.0241545893719806,0.8260869565217391,0.3043478260869565,0.9324260355029588,0.0,0.5680609671737329,0.5301204819277109,0.3154648767857286,0.0,1,0.3404255319148936,-0.4935713471335369,-1.1094603682333035,0.5542635658914729,0.5098814229249011,0.4583333333333333,0.0416666666666666,0.5719606288584862,0.4520740740849971,0.525299070074387,0.0,1.0,0.37132903933525085,0.28108641505241394
0.3995898402153651,0.1652730200593355,0.1328204410780215,0.9130434782608745,0.0241545893719806,0.6521739130434783,0.6956521739130435,0.9325443786982248,0.2398124665681314,0.0,0.8433734939759037,0.3154648767857286,0.0,1,0.3617021276595745,-0.665524191598095,-1.4483350020897148,0.7441860465116279,0.7312252964426877,0.9583333333333331,0.3541666666666666,0.60906270194737,0.5082411916246434,0.0,0.0,1.0,0.37132903933525085,0.28108638525009155
0.3337253684042678,0.199124490272293,0.1542146313721066,0.9130434782608745,0.1739130434782608,0.4347826086956522,0.6521739130434783,0.9326627218934908,0.0,0.244650542118226,0.8433734939759037,0.3154648767857286,0.0,1,0.3829787234042553,-0.579547769365816,-1.5330536605538176,0.7441860465116279,0.0830039525691699,0.9583333333333331,0.3541666666666666,0.5428341932111642,0.4698993366417601,0.2626495350371935,0.0,1.0,0.37132900953292847,0.2810863256454468
0.160723383825396,0.1259527530077646,0.3326239019507424,0.9130434782608745,0.0241545893719806,0.3478260869565217,0.0,0.9327810650887574,0.0,0.0,0.8072289156626506,0.3154648767857286,0.6666666666666667,-1,0.3617021276595745,0.108263608492416,1.262662068761574,0.3488372093023256,0.8221343873517786,0.0833333333333333,0.5833333333333333,0.7281285625012239,0.7045295164819685,0.0,0.2559580248098154,1.0,0.37132903933525085,0.28108641505241394
0.1421460946517702,0.180490139602538,0.34021046323941,0.9130434782608745,0.0241545893719806,0.5217391304347826,0.2608695652173913,0.9327810650887574,0.2398124665681314,0.0,0.710843373493976,0.0,0.3333333333333333,-1,0.3617021276595745,-0.4935713471335369,2.0251299949384984,0.7209302325581395,0.075098814229249,0.7916666666666666,0.1666666666666666,0.6707327786305972,0.671442769553819,0.0,0.0,1.0,0.37132903933525085,0.28108638525009155
0.3673976924792801,0.1972799135420955,0.1343410722864658,0.9130434782608745,0.1594202898550724,0.4782608695652174,0.3043478260869565,0.9327810650887574,0.6199062332840658,0.0,0.9518072289156628,0.6309297535714573,0.0,1,0.6382978723404255,-1.181382724991769,0.83906877644106,0.5232558139534884,0.3122529644268774,0.0416666666666666,0.3333333333333333,0.4440738789699956,0.4695197840190717,0.0,0.0,1.0,0.37132900953292847,0.28108638525009155
0.2743742675080546,0.0888843544112887,0.2169418295075544,0.9130434782608745,0.072463768115942,0.6086956521739131,0.5652173913043479,0.9327810650887574,0.0,0.0,0.5903614457831325,0.4999999999999999,0.3333333333333333,1,0.6382978723404255,-0.665524191598095,-0.4317111005204815,0.872093023255814,0.541501976284585,0.3958333333333333,0.4583333333333333,0.4183864128475036,0.5705589755500011,0.2626495350371935,0.5943161289177871,1.0,0.37132903933525085,0.28108641505241394
0.6074696213977914,0.4456771826727146,0.0526672441143738,0.9130434782608745,0.0241545893719806,0.1304347826086956,0.7391304347826086,0.9327810650887574,0.2398124665681314,0.244650542118226,0.5301204819277109,0.7324867603589634,0.5283208335737187,1,0.6382978723404255,1.139980675279764,-1.1094603682333035,0.3255813953488372,0.4268774703557312,0.4375,0.6458333333333333,0.6812848043969908,0.3691962973047642,0.0,0.0,1.0,0.3713289797306061,0.2810863256454468
0.4512636688110986,0.307718322863362,0.0912675343887988,0.9130434782608745,0.0579710144927536,0.4347826086956522,0.8260869565217391,0.9327810650887574,0.4796249331362629,0.0,0.1325301204819277,0.6309297535714573,0.3333333333333333,1,0.6382978723404255,-0.1496656582044209,-2.6343962205871536,0.7674418604651163,0.91699604743083,0.5416666666666666,0.0625,0.5892622657876341,0.3962551997311216,0.0,0.0,1.0,0.37132900953292847,0.28108638525009155
0.5714300373692409,0.4443102061501631,0.0563232480356034,0.9130434782608745,0.1497584541062802,0.0434782608695652,0.0869565217391304,0.9327810650887574,0.0,0.0,0.0,0.4999999999999999,0.5283208335737187,0,0.6382978723404255,2.429627008763949,0.6696314595128544,0.003875968992248,0.4703557312252964,0.6875,0.4791666666666666,0.7126752205840343,0.4628949593841556,0.2626495350371935,0.0,1.0,0.3713289797306061,0.28108638525009155
0.179614145214086,0.1137810561246126,0.3008623466409326,0.9130434782608745,0.0241545893719806,0.3913043478260869,0.1739130434782608,0.9328994082840234,0.0,0.0,0.5060240963855422,0.3154648767857286,0.3333333333333333,0,0.3617021276595745,-0.0636892359721419,0.5849128010487517,0.1511627906976744,0.5138339920948616,0.3125,0.9375,0.3834286872648695,0.7383697896641495,0.0,0.2559580248098154,1.0,0.37132903933525085,0.28108638525009155
0.1749761334440023,0.1096835194848968,0.3140499519729025,0.9130434782608745,0.0241545893719806,0.6956521739130435,0.7391304347826086,0.93301775147929,0.3800937667159342,0.0,0.072289156626506,0.0,0.3333333333333333,-1,0.3829787234042553,-1.6112648361531638,-0.7705857343768925,0.7286821705426356,0.7549407114624506,0.3541666666666666,0.2708333333333333,0.4965368793474356,0.7419105038583844,0.0,0.2559580248098154,1.0,0.37132903933525085,0.28108638525009155
0.1943194676220643,0.1671906068761581,0.2609481323355571,0.9130434782608745,0.0241545893719806,0.4347826086956522,0.0869565217391304,0.9331360946745564,0.0,0.0,0.8433734939759037,0.6309297535714573,0.5283208335737187,1,0.3829787234042553,-0.4935713471335369,0.6696314595128544,0.7441860465116279,0.826086956521739,0.9583333333333331,0.375,0.6012125561230486,0.6095844779191848,0.4162896638657991,0.0,1.0,0.37132900953292847,0.2810863256454468
0.3601933090798607,0.1972799135420955,0.1373662810412862,0.9130434782608745,0.0241545893719806,0.0434782608695652,0.2608695652173913,0.9332544378698224,0.0,0.0,0.2409638554216867,0.3154648767857286,0.3333333333333333,0,0.3829787234042553,1.4838863642088802,1.262662068761574,0.8178294573643411,0.901185770750988,0.5833333333333333,0.4375,0.7043500717037443,0.7890894568012821,0.4162896638657991,0.2559580248098154,1.0,0.3713289499282837,0.2810862362384796
0.3909469174741844,0.1842508911861042,0.1312944079711719,0.9130434782608745,0.0241545893719806,0.6086956521739131,0.8260869565217391,0.9336094674556216,0.0,0.0,0.0963855421686747,0.3154648767857286,0.5283208335737187,-1,0.3829787234042553,-0.923453458294932,-0.6011484174486871,0.1627906976744186,0.8735177865612648,0.0416666666666666,0.3958333333333333,0.6311704507334592,0.5193227873599557,0.2626495350371935,0.4056838710822128,1.0,0.37132903933525085,0.28108641505241394
0.307341663168569,0.145847516610311,0.1748700320482838,0.9130434782608745,0.0241545893719806,0.5652173913043479,0.3913043478260869,0.9336094674556216,0.2398124665681314,0.0,0.5301204819277109,0.4999999999999999,0.5283208335737187,0,0.3829787234042553,-0.4935713471335369,-0.0081178081999676,0.5542635658914729,0.7707509881422925,0.4583333333333333,0.5416666666666666,0.6847246399972848,0.7100957836509292,0.0,0.2559580248098154,1.0,0.37132903933525085,0.28108641505241394
0.2343878875418478,0.1419068240886909,0.228068209202461,0.9130434782608745,0.0241545893719806,0.6521739130434783,0.1739130434782608,0.9336094674556216,0.3800937667159342,0.0,0.2048192771084337,0.0,0.6666666666666667,-1,0.3829787234042553,-1.267359147224048,0.6696314595128544,0.4224806201550387,0.4703557312252964,0.6458333333333333,0.4791666666666666,0.4583073681601977,0.5559015306573452,0.0,0.0,1.0,0.37132903933525085,0.2810863256454468
0.4489515239302512,0.199124490272293,0.1125462166234288,0.9130434782608745,0.0241545893719806,0.6086956521739131,0.782608695652174,0.9336094674556216,0.3800937667159342,0.489301084236452,0.710843373493976,0.0,0.0,0,0.4042553191489362,-0.579547769365816,-1.7024909774820232,0.7209302325581395,0.7312252964426877,0.7916666666666666,0.3541666666666666,0.6811589043201722,0.5094601512945685,0.0,0.0,1.0,0.37132900953292847,0.2810863256454468
0.1738080031587563,0.1497694438583581,0.2977606879113403,0.9130434782608745,0.0241545893719806,0.7391304347826086,0.5217391304347826,0.9338461538461535,0.0,0.0,0.9759036144578314,0.4999999999999999,0.0,1,0.4042553191489362,-0.665524191598095,2.364004628794909,0.751937984496124,0.0039525691699604,0.2708333333333333,0.6875,0.7414156655182558,0.7970823031444116,0.4162896638657991,0.0,1.0,0.37132900953292847,0.28108638525009155
0.5584946248583843,0.4065171945256753,0.0617495669382994,0.9130434782608745,0.0241545893719806,0.0,0.2608695652173913,0.9340828402366864,0.0,0.0,0.746987951807229,0.6309297535714573,0.0,1,0.4042553191489362,2.171697742067112,-0.4317111005204815,0.0736434108527131,0.7470355731225296,0.1666666666666666,0.9583333333333331,0.6673107840033026,0.619976750077256,0.2626495350371935,0.5119160496196309,1.0,0.37132900953292847,0.28108641505241394
0.2779780392972938,0.1299703373928096,0.1977324652479581,0.9130434782608745,0.0241545893719806,0.1739130434782608,0.217391304347826,0.9340828402366864,0.2398124665681314,0.0,0.036144578313253,0.0,0.6666666666666667,-1,0.4042553191489362,0.62412214188609,0.5849128010487517,0.8217054263565892,0.5138339920948616,0.375,0.9375,0.6069546461689999,0.7504711819796175,0.0,0.0,1.0,0.3713289797306061,0.28108638525009155
0.5806518139136054,0.4484043479650881,0.0544991354526003,0.9130434782608745,0.0241545893719806,0.0434782608695652,0.3043478260869565,0.9340828402366864,0.0,0.0,0.2409638554216867,0.4999999999999999,0.0,1,0.4042553191489362,1.4838863642088802,-0.0928364666640704,0.8178294573643411,0.150197628458498,0.5833333333333333,0.3125,0.7113351673488204,0.3902681885844827,0.0,0.0,1.0,0.3713289797306061,0.28108638525009155
0.2725598780610629,0.1478108147170451,0.1964207760828139,0.9130434782608745,0.0241545893719806,0.8260869565217391,0.3913043478260869,0.9342011834319526,0.2398124665681314,0.244650542118226,0.2289156626506024,0.3154648767857286,0.0,1,0.4042553191489362,-2.8149347474050703,-0.0928364666640704,0.9108527131782944,0.3478260869565217,0.0625,0.0833333333333333,0.5237668511554989,0.7519795505230544,0.0,0.0,1.0,0.3713289797306061,0.2810862362384796
0.2353889287516345,0.1319718041512219,0.2317138706969028,0.9130434782608745,0.0241545893719806,0.4347826086956522,0.1304347826086956,0.9342011834319526,0.2398124665681314,0.0,0.4698795180722891,0.0,0.3333333333333333,-1,0.4042553191489362,0.62412214188609,1.262662068761574,0.3178294573643411,0.901185770750988,0.3333333333333333,0.4375,0.660447413911015,0.8057473630322007,0.0,0.0,1.0,0.3713289499282837,0.2810862958431244
0.5212733486351065,0.3237111198484104,0.0758933257466855,0.9130434782608745,0.0241545893719806,0.0434782608695652,0.5652173913043479,0.9343195266272192,0.0,0.0,0.2409638554216867,0.4999999999999999,0.0,1,0.425531914893617,1.655839208673438,-0.5164297589845843,0.8178294573643411,0.541501976284585,0.5833333333333333,0.4583333333333333,0.712487838020228,0.7036549309149602,0.2626495350371935,0.0,1.0,0.3713289797306061,0.28108638525009155
0.2095622329759399,0.176712136804557,0.238913668299019,0.9130434782608745,0.0241545893719806,0.8260869565217391,0.6086956521739131,0.9344378698224852,0.0,0.0,0.2289156626506024,0.0,0.0,0,0.425531914893617,-2.728958325172791,-0.6011484174486871,0.9108527131782944,0.7233201581027667,0.0625,0.7916666666666666,0.5255601720826761,0.6967471004578842,0.2626495350371935,0.0,1.0,0.37132900953292847,0.2810862958431244
0.7560518602389102,0.5685284156057251,0.0300526613295494,0.9130434782608745,0.0241545893719806,0.0,0.782608695652174,0.9344378698224852,0.0,0.0,0.746987951807229,0.0,0.0,0,0.425531914893617,2.429627008763949,-1.7024909774820232,0.0736434108527131,0.7312252964426877,0.1666666666666666,0.3541666666666666,0.6677494358163238,0.5148358559247037,0.4162896638657991,0.0,1.0,0.3713289797306061,0.2810863256454468
0.4395640710272355,0.2543488432999805,0.1028560794132888,0.9130434782608745,0.0241545893719806,0.217391304347826,0.3913043478260869,0.9344378698224852,0.3800937667159342,0.244650542118226,0.4698795180722891,0.4999999999999999,0.3333333333333333,1,0.425531914893617,0.5381457196538111,-0.262273783592276,0.3178294573643411,0.150197628458498,0.3333333333333333,0.3125,0.6621124263249254,0.3910163598195582,0.0,0.0,1.0,0.3713289797306061,0.2810863256454468
0.1876008901584795,0.1137810561246126,0.2956804036143717,0.9130434782608745,0.0241545893719806,0.5217391304347826,0.7391304347826086,0.9344378698224852,0.0,0.0,0.5903614457831325,0.3154648767857286,0.5283208335737187,-1,0.425531914893617,-0.4935713471335369,-0.5164297589845843,0.872093023255814,0.7549407114624506,0.3958333333333333,0.2708333333333333,0.5240949263130106,0.7517548317542475,0.525299070074387,0.5119160496196309,1.0,0.37132903933525085,0.28108638525009155
0.4002468519711746,0.2386938239375837,0.1157282894535847,0.9130434782608745,0.0241545893719806,0.1739130434782608,0.2608695652173913,0.9344378698224852,0.0,0.244650542118226,0.4819277108433735,0.6309297535714573,0.0,1,0.425531914893617,0.9680278308152062,-0.6858670759127897,0.4728682170542636,0.7470355731225296,0.4791666666666666,0.9583333333333331,0.5579715250989523,0.6220960558278714,0.2626495350371935,0.0,1.0,0.3713289797306061,0.28108638525009155
0.2221716022466865,0.186124846865483,0.2219224982623933,0.9130434782608745,0.0241545893719806,0.6521739130434783,0.3043478260869565,0.9344378698224852,0.4796249331362629,0.38776193503849,0.2048192771084337,0.4999999999999999,0.3333333333333333,1,0.425531914893617,-1.5252884139208849,0.3307568256564434,0.4224806201550387,0.826086956521739,0.6458333333333333,0.375,0.4696898840898005,0.6136426152426482,0.0,0.0,1.0,0.3713289797306061,0.2810862958431244
0.5469278455326174,0.4538317360785617,0.0581396476459637,0.9130434782608745,0.0241545893719806,0.0869565217391304,0.4347826086956522,0.9344378698224852,0.2398124665681314,0.0,0.0,0.3154648767857286,0.0,1,0.425531914893617,2.257674164299391,-0.0081178081999676,0.003875968992248,0.7707509881422925,0.6875,0.5416666666666666,0.794106683962484,0.720903509763805,0.0,0.0,1.0,0.37132900953292847,0.28108641505241394
0.479606672743475,0.2730872623782883,0.0912675343887988,0.9130434782608745,0.0241545893719806,0.3478260869565217,0.6956521739130435,0.9345562130177516,0.0,0.244650542118226,0.3012048192771084,0.4999999999999999,0.3333333333333333,1,0.425531914893617,0.8820514085829272,-1.0247417097692009,0.5271317829457365,0.1620553359683794,0.9375,0.0416666666666666,0.7448506618340229,0.6583545925527072,0.2626495350371935,0.0,1.0,0.37132903933525085,0.28108644485473633
0.33232263603182,0.1652730200593355,0.1565273038101227,0.9130434782608745,0.0241545893719806,0.1304347826086956,0.4782608695652174,0.9349112426035502,0.0,0.38776193503849,0.5301204819277109,0.0,0.0,0,0.425531914893617,1.3979099419766012,-0.1775551251281732,0.8953488372093024,0.3478260869565217,0.4375,0.0833333333333333,0.8049482666603744,0.7563504103502361,0.2626495350371935,0.0,1.0,0.37132900953292847,0.28108638525009155
0.2679868107638353,0.145847516610311,0.1990401614414308,0.9130434782608745,0.0241545893719806,0.7391304347826086,0.4782608695652174,0.9352662721893492,0.3800937667159342,0.0,0.0963855421686747,0.3154648767857286,0.0,1,0.4468085106382979,-1.0954063027594898,-0.1775551251281732,0.1627906976744186,0.3478260869565217,0.0416666666666666,0.0833333333333333,0.6585738531969223,0.7579341892007203,0.0,0.0,1.0,0.37132903933525085,0.28108641505241394
0.428116307092757,0.2612122427336378,0.10448635790819,0.9130434782608745,0.0241545893719806,0.7391304347826086,0.8260869565217391,0.9357396449704144,0.0,0.0,0.0963855421686747,0.4999999999999999,0.0,1,0.4680851063829787,-1.0094298805272108,-2.7191148790512565,0.1627906976744186,0.91699604743083,0.0416666666666666,0.0625,0.6619009913508702,0.5437494211415241,0.2626495350371935,0.0,1.0,0.3713289797306061,0.2810863256454468
0.512991590925168,0.3315925499999663,0.0758933257466855,0.9130434782608745,0.0241545893719806,0.6086956521739131,0.2608695652173913,0.9357396449704144,0.0,0.0,0.9759036144578314,0.4999999999999999,0.3333333333333333,1,0.4680851063829787,-0.4075949249012579,0.5849128010487517,0.751937984496124,0.3201581027667984,0.2708333333333333,0.3333333333333333,0.7518429530460289,0.6816804381256489,0.6098533345119622,0.2559580248098154,1.0,0.37132903933525085,0.28108641505241394
0.30147342102904,0.1517234261883286,0.1776237457587089,0.9130434782608745,0.0241545893719806,0.3913043478260869,0.5217391304347826,0.9357396449704144,0.3800937667159342,0.244650542118226,0.5060240963855422,0.0,0.3333333333333333,-1,0.4680851063829787,-0.3216185026689789,-0.6011484174486871,0.1511627906976744,0.8735177865612648,0.3125,0.3958333333333333,0.3915445583583139,0.5414210629630918,0.0,0.0,1.0,0.37132903933525085,0.28108638525009155
0.1226441897976411,0.1671906068761581,0.3965137956579778,0.9130434782608745,0.0241545893719806,0.782608695652174,0.1304347826086956,0.9357396449704144,0.0,0.0,0.072289156626506,0.3154648767857286,0.5283208335737187,-1,0.4680851063829787,-1.6972412583854428,1.3473807272256766,0.7286821705426356,0.901185770750988,0.3541666666666666,0.4375,0.5181119401823413,0.8157337008824885,0.0,0.0,1.0,0.37132903933525085,0.28108638525009155
0.1484368785255498,0.2209430686207103,0.3069992776950909,0.9130434782608745,0.0241545893719806,0.3478260869565217,0.0869565217391304,0.9357396449704144,0.4796249331362629,0.0,0.036144578313253,0.3154648767857286,0.5283208335737187,-1,0.4680851063829787,0.280216452956974,2.279285970330807,0.8217054263565892,0.0039525691699604,0.375,0.6875,0.6114317602295538,0.8084395113015692,0.0,0.2559580248098154,1.0,0.3713289797306061,0.2810862958431244
0.3652502491854558,0.2227354592427541,0.1312944079711719,0.9130434782608745,0.0241545893719806,0.4347826086956522,0.6956521739130435,0.9357396449704144,0.2398124665681314,0.0,0.1325301204819277,0.4999999999999999,0.5283208335737187,0,0.4680851063829787,-0.0636892359721419,-1.4483350020897148,0.7674418604651163,0.4268774703557312,0.5416666666666666,0.6458333333333333,0.7239195497910969,0.4867078757016811,0.0,0.2559580248098154,1.0,0.37132903933525085,0.28108641505241394
0.2520266984180205,0.1178583078464172,0.22315869441857,0.9130434782608745,0.0241545893719806,0.6521739130434783,0.217391304347826,0.9357396449704144,0.0,0.0,0.710843373493976,0.3154648767857286,0.3333333333333333,0,0.4680851063829787,-0.579547769365816,0.9237874349051628,0.7209302325581395,0.5138339920948616,0.7916666666666666,0.9375,0.6960183735253163,0.7591322111444871,0.0,0.4056838710822128,1.0,0.37132900953292847,0.28108638525009155
0.1344613892089592,0.1438795272252668,0.3779801113251032,0.9130434782608745,0.0241545893719806,0.4782608695652174,0.0,0.9358579881656804,0.2398124665681314,0.0,0.8072289156626506,0.0,0.0,0,0.4680851063829787,-0.2356420804366999,2.364004628794909,0.3488372093023256,0.075098814229249,0.0833333333333333,0.1666666666666666,0.7553121341824405,0.675962061172793,0.0,0.0,1.0,0.3713289499282837,0.2810862362384796
0.1446745383932888,0.1594933250016728,0.343954084908383,0.9130434782608745,0.0241545893719806,0.3043478260869565,0.0434782608695652,0.9358579881656804,0.3800937667159342,0.0,0.8433734939759037,0.0,0.3333333333333333,-1,0.4680851063829787,-0.923453458294932,1.7709740195461905,0.7441860465116279,0.8221343873517786,0.9583333333333331,0.5833333333333333,0.6227683145792835,0.7259132486560944,0.0,0.4056838710822128,1.0,0.3713289797306061,0.2810862064361572
0.0348591798094221,0.4538317360785617,0.6403147350748236,0.9130434782608745,0.0241545893719806,0.8260869565217391,0.0869565217391304,0.9360946745562128,0.2398124665681314,0.0,0.2289156626506024,0.0,0.3333333333333333,-1,0.4893617021276595,-2.9009111696373493,2.364004628794909,0.9108527131782944,0.0039525691699604,0.0625,0.6875,0.5386012450322615,0.8095822802517258,0.0,0.4056838710822128,1.0,0.3713289797306061,0.2810862958431244
0.5920832574478323,0.4193085275496524,0.0563232480356034,0.9130434782608745,0.0241545893719806,0.0,0.5217391304347826,0.9360946745562128,0.0,0.0,0.746987951807229,0.3154648767857286,0.3333333333333333,0,0.4893617021276595,2.429627008763949,-0.5164297589845843,0.0736434108527131,0.8735177865612648,0.1666666666666666,0.3958333333333333,0.6703233306691814,0.543134280501337,0.0,0.2559580248098154,1.0,0.3713289499282837,0.2810862958431244
0.3228405423602803,0.1438795272252668,0.1679075154889786,0.9130434782608745,0.0241545893719806,0.7391304347826086,0.1739130434782608,0.9360946745562128,0.2398124665681314,0.0,0.5301204819277109,0.4999999999999999,0.5283208335737187,0,0.4893617021276595,-0.665524191598095,1.177943410297471,0.5542635658914729,0.4703557312252964,0.4583333333333333,0.4791666666666666,0.7103834842059051,0.5758115609723384,0.0,0.4056838710822128,1.0,0.3713289499282837,0.2810862064361572
0.4586852984152476,0.2439452965591106,0.1012195903186518,0.9130434782608745,0.0241545893719806,0.6086956521739131,0.782608695652174,0.9360946745562128,0.0,0.244650542118226,0.2048192771084337,0.3154648767857286,0.3333333333333333,0,0.4893617021276595,-1.439311991688606,-1.7872096359461258,0.4224806201550387,0.7312252964426877,0.6458333333333333,0.3541666666666666,0.482815264765783,0.5217590765250268,0.0,0.0,1.0,0.3713289797306061,0.2810862362384796
0.4524146459101923,0.2764489126198675,0.0962723816929588,0.9130434782608745,0.0241545893719806,0.5652173913043479,0.3043478260869565,0.9362130177514794,0.0,0.489301084236452,0.9759036144578314,0.6309297535714573,0.3333333333333333,1,0.4893617021276595,-0.3216185026689789,-1.0247417097692009,0.751937984496124,0.7470355731225296,0.2708333333333333,0.9583333333333331,0.7533667184295683,0.6296027947982468,0.6789391989029927,0.0,1.0,0.3713289499282837,0.2810862362384796
0.377961874440808,0.2814658002081942,0.1141401994089745,0.9130434782608745,0.0241545893719806,0.3478260869565217,0.6521739130434783,0.9362130177514794,0.5568273036287807,0.0,0.036144578313253,0.3154648767857286,0.3333333333333333,0,0.4893617021276595,0.194240030724695,-0.8553043928409952,0.8217054263565892,0.1620553359683794,0.375,0.0416666666666666,0.6122290950883291,0.6705720091743339,0.0,0.4056838710822128,1.0,0.3713289797306061,0.2810863256454468
0.4448721533526093,0.3141527553232672,0.0912675343887988,0.9130434782608745,0.0241545893719806,0.0434782608695652,0.6956521739130435,0.9362130177514794,0.0,0.0,0.2409638554216867,0.7324867603589634,0.3333333333333333,1,0.4893617021276595,1.9137684753702755,-0.6011484174486871,0.8178294573643411,0.7233201581027667,0.5833333333333333,0.7916666666666666,0.7222206474960109,0.7053750268798147,0.525299070074387,0.0,1.0,0.37132900953292847,0.28108638525009155
0.3565408369715577,0.1319718041512219,0.1550833432309885,0.9130434782608745,0.0241545893719806,0.217391304347826,0.4782608695652174,0.9362130177514794,0.0,0.0,0.3012048192771084,0.4999999999999999,0.5283208335737187,0,0.4893617021276595,0.9680278308152062,-0.262273783592276,0.5271317829457365,0.3478260869565217,0.9375,0.0833333333333333,0.7534625277988771,0.7615695312786983,0.0,0.0,1.0,0.37132903933525085,0.28108644485473633
0.4506869101778586,0.2334086517959568,0.1028560794132888,0.9130434782608745,0.0241545893719806,0.7391304347826086,0.3913043478260869,0.936449704142012,0.0,0.489301084236452,0.5301204819277109,0.0,0.0,0,0.5106382978723404,-0.665524191598095,-0.4317111005204815,0.5542635658914729,0.150197628458498,0.4583333333333333,0.3125,0.7117841915743208,0.3957440307347806,0.0,0.0,1.0,0.37132903933525085,0.2810864746570587
0.1749761334440023,0.1478108147170451,0.2946364714655762,0.9130434782608745,0.0241545893719806,0.1304347826086956,0.1739130434782608,0.936449704142012,0.0,0.0,0.4819277108433735,0.0,0.0,0,0.5106382978723404,1.225957097512043,1.4320993856897792,0.4728682170542636,0.901185770750988,0.4791666666666666,0.4375,0.5706003173225256,0.8187873265042536,0.0,0.2559580248098154,1.0,0.37132900953292847,0.28108638525009155
0.246234857726407,0.105565495076829,0.2317138706969028,0.9130434782608745,0.0241545893719806,0.4347826086956522,0.6521739130434783,0.9365680473372784,0.0,0.0,0.8072289156626506,0.4999999999999999,0.6666666666666667,-1,0.5106382978723404,-0.2356420804366999,-1.4483350020897148,0.3488372093023256,0.4268774703557312,0.0833333333333333,0.6458333333333333,0.7580182229083008,0.4897897207924377,0.0,0.0,1.0,0.37132903933525085,0.28108638525009155
0.3228405423602803,0.155617538245504,0.1665013673666011,0.9130434782608745,0.0241545893719806,0.0869565217391304,0.0,0.9365680473372784,0.0,0.0,0.0,0.3154648767857286,0.6666666666666667,-1,0.5106382978723404,2.515603430996228,2.364004628794909,0.003875968992248,0.075098814229249,0.6875,0.1666666666666666,0.8043308705617751,0.6764468290771861,0.525299070074387,0.0,1.0,0.3713289499282837,0.2810863256454468
0.3268193320732422,0.1691037393641927,0.1579664269913185,0.9130434782608745,0.0241545893719806,0.2608695652173913,0.4782608695652174,0.9366863905325444,0.2398124665681314,0.0,0.4698795180722891,0.3154648767857286,0.3333333333333333,0,0.5106382978723404,0.5381457196538111,-0.0928364666640704,0.3178294573643411,0.7707509881422925,0.3333333333333333,0.5416666666666666,0.6764838008031837,0.7355704582164699,0.0,0.0,1.0,0.37132903933525085,0.28108638525009155
0.1546282777602536,0.1614244001319842,0.3239257401941093,0.9130434782608745,0.0241545893719806,0.4782608695652174,0.5652173913043479,0.936923076923077,0.0,0.0,0.5060240963855422,0.4999999999999999,0.7739760316291208,-1,0.5319148936170213,-0.4075949249012579,-0.1775551251281732,0.1511627906976744,0.7549407114624506,0.3125,0.2708333333333333,0.394177815187396,0.7614888330827474,0.0,0.7185650207899777,1.0,0.37132900953292847,0.2810862958431244
0.1172755110406733,0.1898600150169447,0.3965137956579778,0.9130434782608745,0.0241545893719806,0.782608695652174,0.3478260869565217,0.936923076923077,0.0,0.0,0.072289156626506,0.3154648767857286,0.5283208335737187,-1,0.5319148936170213,-1.783217680617722,0.1613195087282378,0.7286821705426356,0.826086956521739,0.3541666666666666,0.375,0.5219499818324687,0.6190402053538622,0.0,0.0,1.0,0.37132900953292847,0.2810863256454468
0.2963726016846874,0.0972671562017328,0.1977324652479581,0.9130434782608745,0.0241545893719806,0.6086956521739131,0.7391304347826086,0.937041420118343,0.0,0.0,0.0963855421686747,0.3154648767857286,0.3333333333333333,0,0.5319148936170213,-0.8374770360626529,-0.6858670759127897,0.1627906976744186,0.541501976284585,0.0416666666666666,0.4583333333333333,0.6700690421139301,0.7209074533610409,0.0,0.0,1.0,0.3713289499282837,0.2810862064361572
0.2824366473468936,0.1339684188642493,0.1924615050343957,0.9130434782608745,0.0241545893719806,0.5217391304347826,0.1739130434782608,0.937041420118343,0.0,0.0,0.5903614457831325,0.4999999999999999,0.0,1,0.5319148936170213,-0.4935713471335369,1.177943410297471,0.872093023255814,0.4703557312252964,0.3958333333333333,0.4791666666666666,0.5438493050947455,0.5786063170765179,0.0,0.0,1.0,0.37132900953292847,0.28108638525009155
0.346881966160751,0.1842508911861042,0.1463161436710143,0.9130434782608745,0.0241545893719806,0.1304347826086956,0.0434782608695652,0.937041420118343,0.0,0.0,0.5301204819277109,0.6309297535714573,0.5283208335737187,1,0.5319148936170213,1.4838863642088802,2.1098486534026013,0.8953488372093024,0.8221343873517786,0.4375,0.5833333333333333,0.8153425875201366,0.7299917061937655,0.0,0.5943161289177871,1.0,0.3713289797306061,0.28108638525009155
0.2624277470526482,0.1379471858571372,0.2042314979466188,0.9130434782608745,0.0241545893719806,0.4347826086956522,0.217391304347826,0.937041420118343,0.0,0.0,0.1325301204819277,0.4999999999999999,0.3333333333333333,1,0.5319148936170213,-0.0636892359721419,0.9237874349051628,0.7674418604651163,0.5138339920948616,0.5416666666666666,0.9375,0.7305734926847951,0.7636599883781481,0.0,0.0,1.0,0.37132900953292847,0.28108638525009155
0.3236395383975861,0.1710124381692548,0.1594007450778243,0.9130434782608745,0.0241545893719806,0.6956521739130435,0.2608695652173913,0.937041420118343,0.2398124665681314,0.0,0.710843373493976,0.3154648767857286,0.3333333333333333,0,0.5319148936170213,-0.8374770360626529,0.5001941425846489,0.7209302325581395,0.3201581027667984,0.7916666666666666,0.3333333333333333,0.7015407360195798,0.685990986192065,0.0,0.0,1.0,0.37132900953292847,0.28108638525009155
0.3483835289959233,0.186124846865483,0.1448373887931489,0.9130434782608745,0.0241545893719806,0.3043478260869565,0.8260869565217391,0.937041420118343,0.5568273036287807,0.38776193503849,0.8433734939759037,0.4999999999999999,0.5283208335737187,0,0.5319148936170213,-1.181382724991769,-2.9732708544435646,0.7441860465116279,0.91699604743083,0.9583333333333331,0.0625,0.6267846231146639,0.5498590545126287,0.0,0.0,1.0,0.3713289797306061,0.2810863256454468
0.3909469174741844,0.2814658002081942,0.1109462972030086,0.9130434782608745,0.0241545893719806,0.5652173913043479,0.3043478260869565,0.9372781065088756,0.0,0.0,0.9759036144578314,0.6309297535714573,0.0,1,0.553191489361702,0.022287186260137,0.2460381671923406,0.751937984496124,0.826086956521739,0.2708333333333333,0.375,0.7567919744286262,0.6196539847610103,0.7879486051115805,0.2559580248098154,1.0,0.3713289499282837,0.2810862958431244
0.1546282777602536,0.2245239575911122,0.2956804036143717,0.9130434782608745,0.0241545893719806,0.4347826086956522,0.1304347826086956,0.937396449704142,0.2398124665681314,0.0,0.5060240963855422,0.0,0.6666666666666667,-1,0.553191489361702,-0.579547769365816,1.516818044153882,0.1511627906976744,0.901185770750988,0.3125,0.4375,0.3949419731272492,0.8216875688834773,0.0,0.2559580248098154,1.0,0.37132900953292847,0.28108638525009155
0.2577341889114768,0.1299703373928096,0.2131680611578285,0.9130434782608745,0.0241545893719806,0.5217391304347826,0.3913043478260869,0.937396449704142,0.0,0.0,0.5903614457831325,0.3154648767857286,0.3333333333333333,0,0.553191489361702,-0.3216185026689789,-0.0081178081999676,0.872093023255814,0.7707509881422925,0.3958333333333333,0.5416666666666666,0.5449881779515564,0.7377233212290795,0.2626495350371935,0.2559580248098154,1.0,0.37132903933525085,0.28108641505241394
0.4022113043076551,0.2456883726928422,0.1141401994089745,0.9130434782608745,0.0241545893719806,0.217391304347826,0.6521739130434783,0.937396449704142,0.2398124665681314,0.0,0.3012048192771084,0.3154648767857286,0.5283208335737187,-1,0.553191489361702,0.8820514085829272,-1.363616343625612,0.5271317829457365,0.4268774703557312,0.9375,0.6458333333333333,0.7578040097143981,0.4936202456541867,0.0,0.2559580248098154,1.0,0.37132900953292847,0.28108641505241394
0.2063454645424366,0.0909880673450214,0.2808293193431717,0.9130434782608745,0.0241545893719806,0.3478260869565217,0.4782608695652174,0.937396449704142,0.0,0.244650542118226,0.8433734939759037,0.4999999999999999,0.0,1,0.553191489361702,-1.181382724991769,-0.3469924420563787,0.7441860465116279,0.3478260869565217,0.9583333333333331,0.0833333333333333,0.6275742723929512,0.7654565623591594,0.0,0.0,1.0,0.37132903933525085,0.28108641505241394
0.2972273619374852,0.155617538245504,0.1762490954086448,0.9130434782608745,0.0241545893719806,0.6086956521739131,0.7391304347826086,0.9375147928994084,0.0,0.0,0.0963855421686747,0.3154648767857286,0.5283208335737187,-1,0.553191489361702,-0.8374770360626529,-0.8553043928409952,0.1627906976744186,0.7233201581027667,0.0416666666666666,0.7916666666666666,0.6720276631068385,0.7097864203378557,0.0,0.0,1.0,0.37132903933525085,0.28108638525009155
0.2180133943192885,0.1614244001319842,0.2365271184506421,0.9130434782608745,0.0241545893719806,0.8260869565217391,0.1739130434782608,0.9375147928994084,0.0,0.244650542118226,0.2289156626506024,0.6309297535714573,0.3333333333333333,1,0.553191489361702,-2.9868875918696283,1.0085060933692656,0.9108527131782944,0.4703557312252964,0.0625,0.4791666666666666,0.5459370963244907,0.5802332689545378,0.0,0.0,1.0,0.37132903933525085,0.28108638525009155
0.1279403166183526,0.180490139602538,0.3710372875903385,0.9130434782608745,0.0241545893719806,0.2608695652173913,0.0869565217391304,0.9375147928994084,0.0,0.244650542118226,0.4698795180722891,0.3154648767857286,0.5283208335737187,-1,0.553191489361702,0.5381457196538111,2.279285970330807,0.3178294573643411,0.0039525691699604,0.3333333333333333,0.6875,0.6795836438787692,0.8134987630700883,0.0,0.0,1.0,0.3713289797306061,0.2810863256454468
0.6325692599850476,0.3638948535166566,0.0581396476459637,0.9130434782608745,0.0241545893719806,0.6956521739130435,0.782608695652174,0.9375147928994084,0.0,0.244650542118226,0.5301204819277109,0.3154648767857286,0.0,1,0.553191489361702,-0.665524191598095,-1.871928294410229,0.5542635658914729,0.7312252964426877,0.4583333333333333,0.3541666666666666,0.716102391737419,0.525701629781316,0.0,0.0,1.0,0.37132903933525085,0.28108641505241394
0.2041861895454232,0.155617538245504,0.2518078328777867,0.9130434782608745,0.0241545893719806,0.0,0.0434782608695652,0.9375147928994084,0.2398124665681314,0.0,0.2409638554216867,0.0,0.3333333333333333,-1,0.553191489361702,2.085721319834833,2.533441945723115,0.8178294573643411,0.075098814229249,0.5833333333333333,0.1666666666666666,0.7268907403542981,0.6779030410862006,0.0,0.2559580248098154,1.0,0.3713289499282837,0.2810862958431244
0.3299735335706777,0.1259527530077646,0.1693090758442397,0.9130434782608745,0.0241545893719806,0.5652173913043479,0.6521739130434783,0.9378698224852072,0.3800937667159342,0.244650542118226,0.8072289156626506,0.3154648767857286,0.0,1,0.5744680851063829,-0.4935713471335369,-0.940023051305098,0.3488372093023256,0.1620553359683794,0.0833333333333333,0.0416666666666666,0.7624365751458699,0.6781544641405437,0.0,0.0,1.0,0.3713289797306061,0.2810862958431244
0.7549912170460545,0.4738717312115177,0.0377238985366141,0.9130434782608745,0.0241545893719806,0.0,0.217391304347826,0.9378698224852072,0.0,0.38776193503849,0.746987951807229,0.4999999999999999,0.3333333333333333,1,0.5744680851063829,2.687556275460786,0.7543501179769573,0.0736434108527131,0.5138339920948616,0.1666666666666666,0.9375,0.6728055476501213,0.7656593865798491,0.4162896638657991,0.0,1.0,0.3713289201259613,0.2810862362384796
0.1546282777602536,0.1399293845654892,0.3354845864479545,0.9130434782608745,0.0241545893719806,0.782608695652174,0.3913043478260869,0.9378698224852072,0.3800937667159342,0.0,0.072289156626506,0.3154648767857286,0.5283208335737187,-1,0.5744680851063829,-1.95517052508228,-1.0247417097692009,0.7286821705426356,0.7470355731225296,0.3541666666666666,0.9583333333333331,0.5243917936220326,0.6339991562295404,0.0,0.2559580248098154,1.0,0.37132900953292847,0.2810863256454468
0.5193403857989455,0.4022088856650943,0.0671081961047828,0.9130434782608745,0.0241545893719806,0.3043478260869565,0.8260869565217391,0.9378698224852072,0.2398124665681314,0.0,0.036144578313253,0.4999999999999999,0.0,1,0.5744680851063829,0.022287186260137,-2.803833537515359,0.8217054263565892,0.91699604743083,0.375,0.0625,0.6151639773169431,0.5522824110134146,0.0,0.2559580248098154,1.0,0.3713289201259613,0.2810862362384796
0.546023791105067,0.4443102061501631,0.0581396476459637,0.9130434782608745,0.0241545893719806,0.1304347826086956,0.4347826086956522,0.9378698224852072,0.0,0.0,0.5301204819277109,0.4999999999999999,0.5283208335737187,0,0.5744680851063829,1.827792053137996,-0.3469924420563787,0.8953488372093024,0.8735177865612648,0.4375,0.3958333333333333,0.817778144986937,0.550569010722858,0.4162896638657991,0.0,1.0,0.3713289797306061,0.28108638525009155
0.223204296969532,0.1438795272252668,0.2365271184506421,0.9130434782608745,0.0241545893719806,0.1739130434782608,0.0434782608695652,0.9378698224852072,0.3800937667159342,0.38776193503849,0.4819277108433735,0.6309297535714573,0.0,1,0.5744680851063829,0.8820514085829272,1.940411336474396,0.4728682170542636,0.8221343873517786,0.4791666666666666,0.5833333333333333,0.5760379543375733,0.7322743610947773,0.0,0.0,1.0,0.3713289201259613,0.2810862064361572
0.2031020742744282,0.1748166165990063,0.245994782499065,0.9130434782608745,0.0241545893719806,0.3478260869565217,0.4782608695652174,0.9378698224852072,0.0,0.0,0.1325301204819277,0.0,0.6666666666666667,-1,0.5744680851063829,0.022287186260137,0.2460381671923406,0.7674418604651163,0.7549407114624506,0.5416666666666666,0.2708333333333333,0.73373632062529,0.7638316608852709,0.0,0.8113677421644258,1.0,0.37132903933525085,0.28108638525009155
0.2842059840792585,0.180490139602538,0.1776237457587089,0.9130434782608745,0.0241545893719806,0.6086956521739131,0.2608695652173913,0.9378698224852072,0.0,0.244650542118226,0.2048192771084337,0.0,0.3333333333333333,-1,0.5744680851063829,-1.267359147224048,0.4154754841205461,0.4224806201550387,0.3201581027667984,0.6458333333333333,0.3333333333333333,0.4917186959778765,0.688259573916669,0.4162896638657991,0.0,1.0,0.37132900953292847,0.2810863256454468
0.5020074792744051,0.356317954027016,0.0741506139536872,0.9130434782608745,0.0241545893719806,0.0869565217391304,0.6956521739130435,0.9378698224852072,0.0,0.0,0.0,0.0,0.3333333333333333,-1,0.5744680851063829,2.429627008763949,-0.6011484174486871,0.003875968992248,0.541501976284585,0.6875,0.4583333333333333,0.8080087039165444,0.7233235818780617,0.2626495350371935,0.2559580248098154,1.0,0.3713289499282837,0.2810862958431244
0.5545292545643679,0.415066785131142,0.0599483992353185,0.9130434782608745,0.0241545893719806,0.7391304347826086,0.5217391304347826,0.9378698224852072,0.0,0.38776193503849,0.710843373493976,0.8154648767857287,0.3333333333333333,1,0.5744680851063829,-0.7515006138303739,-0.8553043928409952,0.7209302325581395,0.150197628458498,0.7916666666666666,0.3125,0.7042423907005,0.3981781976161911,0.2626495350371935,0.0,1.0,0.37132900953292847,0.2810863256454468
