ano_campeonato,data,rodada,estadio,arbitro,publico,publico_max,time_mandante,time_visitante,tecnico_mandante,tecnico_visitante,colocacao_mandante,colocacao_visitante,valor_equipe_titular_mandante,valor_equipe_titular_visitante,idade_media_titular_mandante,idade_media_titular_visitante,gols_mandante,gols_visitante,AvgCH,AvgCD,AvgCA,gols_pro_mandante,gols_pro_visitante,gols_sofridos_mandante,gols_sofridos_visitante,saldo_gols_mandante,saldo_gols_visitante,vitorias_mandante,vitorias_visitante,empates_mandante,empates_visitante,derrotas_mandante,derrotas_visitante,dia,mes,resultado_partida,pred_resultado_partida,pred_gols_mandante,pred_gols_visitante
1.0,0.987100591715976,0.0,0.8072289156626506,0.217391304347826,0.3280918949906568,0.1971008165607045,0.0833333333333333,0.6875,0.1627906976744186,0.1620553359683794,0.782608695652174,0.2608695652173913,0.6783373990316799,1.0527604916887296,0.3818639450231136,0.1292000740789988,2.0,2.0,1.245670443014533,-0.97312496172793,-1.2529554777836502,0.0,0.0,0.0,0.0,0.022287186260137,-0.0081178081999676,0.0,0.0,0,0,0.0,0.0,0.9,0.0,0,2,1.354232668876648,1.091415524482727
1.0,0.987100591715976,0.0,0.0240963855421686,0.217391304347826,0.3280918949906568,0.1971008165607045,0.25,0.8541666666666666,0.1627906976744186,0.1620553359683794,0.6956521739130435,0.1739130434782608,-0.3957488041150546,0.4993156726745955,0.3835589696030061,-0.5263477305420222,4.0,2.0,1.0750209303695433,-0.9216430126275929,-1.1674528752593671,0.0,0.0,0.0,0.0,0.022287186260137,-0.0081178081999676,0.0,0.0,0,0,0.0,0.0,0.9,0.0,1,2,1.3438607454299927,1.06961989402771
1.0,0.987100591715976,0.0,0.9759036144578314,0.217391304347826,0.3280918949906568,0.1971008165607045,0.2708333333333333,0.375,0.1627906976744186,0.1620553359683794,0.6521739130434783,0.5217391304347826,0.658035887920258,-0.6911727461313947,0.0786598294833466,0.0108594786393483,1.0,2.0,0.1250425304829062,-0.3470991123393136,-0.6161243244159433,0.0,0.0,0.0,0.0,0.022287186260137,-0.0081178081999676,0.0,0.0,0,0,0.0,0.0,0.9,0.0,-1,2,1.3787962198257446,1.0353260040283203
1.0,0.987100591715976,0.0,0.5783132530120483,0.217391304347826,0.3280918949906568,0.1971008165607045,0.2916666666666666,0.7916666666666666,0.1627906976744186,0.1620553359683794,0.6086956521739131,0.217391304347826,-0.6813002527725333,0.2719147604727652,-0.1124160362529128,-1.5521240335978803,0.0,1.0,0.7443085954400285,-1.3675211776985083,-0.8460597307924027,0.0,0.0,0.0,0.0,0.022287186260137,-0.0081178081999676,0.0,0.0,0,0,0.0,0.0,0.9,0.0,-1,2,1.387000560760498,1.050398349761963
1.0,0.987100591715976,0.0,0.5903614457831325,0.217391304347826,0.3280918949906568,0.1971008165607045,0.3958333333333333,1.0,0.1627906976744186,0.1620553359683794,0.4782608695652174,0.0,-0.9845439448065249,0.3358547684095887,-0.4883143183824354,2.5893815264237306e-15,2.0,0.0,-0.5973954145480654,-0.2744290714194711,0.3819853328881085,0.0,0.0,0.0,0.0,0.022287186260137,-0.0081178081999676,0.0,0.0,0,0,0.0,0.0,0.9,0.0,1,2,1.485480785369873,0.9613354802131653
1.0,0.987100591715976,0.0,0.5301204819277109,0.217391304347826,0.3280918949906568,0.1971008165607045,0.4583333333333333,0.5416666666666666,0.1627906976744186,0.1620553359683794,0.3913043478260869,0.3478260869565217,0.3167416371347762,0.5608370086545736,-0.04302698182486,-0.0402226603643458,2.0,1.0,-0.98060781080609,0.7591466571844859,0.8759828951502118,0.0,0.0,0.0,0.0,0.022287186260137,-0.0081178081999676,0.0,0.0,0,0,0.0,0.0,0.9,0.0,1,2,1.536259412765503,0.9153868556022644
1.0,0.987100591715976,0.0,0.2409638554216867,0.217391304347826,0.3280918949906568,0.1971008165607045,0.5833333333333333,0.0416666666666666,0.1627906976744186,0.1620553359683794,0.3043478260869565,0.8260869565217391,0.4168079651901245,0.0771939724758149,0.3124269791225654,-0.7119003169962296,0.0,1.0,-0.2753010668267623,-0.59303894052313,-0.0491986889623719,0.0,0.0,0.0,0.0,0.022287186260137,-0.0081178081999676,0.0,0.0,0,0,0.0,0.0,0.9,0.0,-1,2,1.5107182264328003,0.9631286263465881
1.0,0.9872189349112426,0.0,0.3012048192771084,0.217391304347826,0.3280918949906568,0.1971008165607045,0.9375,0.4375,0.1627906976744186,0.1620553359683794,0.1304347826086956,0.4347826086956522,0.7152481178821835,1.1679681708521676,-0.0508797361788803,0.1554254576072724,2.0,1.0,2.0893924793236214,-1.2608886483974704,-1.5132225784634474,0.0,0.0,0.0,0.0,0.022287186260137,-0.0081178081999676,0.0,0.0,0,0,0.0,0.0,0.9333333333333332,0.0,1,2,1.2153947353363037,1.1067676544189453
1.0,0.9872189349112426,0.0,0.5301204819277109,0.217391304347826,0.3280918949906568,0.1971008165607045,0.9791666666666666,0.9583333333333331,0.1627906976744186,0.1620553359683794,0.0434782608695652,0.0869565217391304,0.3379507302769394,-0.4477564897212264,2.641144751217104e-15,-0.343060681303428,2.0,1.0,-0.415974149226847,-0.3714349085548058,0.0816998752605192,0.0,0.0,0.0,0.0,0.022287186260137,-0.0081178081999676,0.0,0.0,0,0,0.0,0.0,0.9333333333333332,0.0,1,2,1.6245224475860596,0.9459296464920044
1.0,0.9873372781065086,0.0,0.746987951807229,0.217391304347826,0.3280918949906568,0.1971008165607045,0.1666666666666666,0.3333333333333333,0.1627906976744186,0.1620553359683794,0.7391304347826086,0.5652173913043479,-0.233514457402049,0.135110500824779,0.0665138130111448,0.160166846399134,4.0,0.0,0.40612122697415,-1.0508253591272612,-0.6480051074620717,0.0,0.0,0.0,0.0,0.022287186260137,-0.0081178081999676,0.0,0.0,0,0,0.0,0.0,0.9666666666666668,0.0,1,2,1.3970580101013184,1.0424667596817017
1.0,0.9879289940828402,0.0212765957446808,0.5301204819277109,0.217391304347826,0.3280918949906568,0.1971008165607045,0.4375,0.5833333333333333,0.1627906976744186,0.1620553359683794,0.4347826086956522,0.2608695652173913,1.147662764480422,0.4347132961308162,0.115225467772681,0.3487620591838878,1.0,1.0,-1.3731214176949431,2.130720321626321,1.790006347266838,0.0096153846153846,0.0,0.0181818181818181,0.0092592592592592,-0.0636892359721419,-0.0928364666640704,0.0,0.0,0,0,0.0277777777777777,0.0285714285714285,0.1,0.0909090909090909,0,2,1.659382939338684,0.8841391205787659
1.0,0.9879289940828402,0.0212765957446808,0.710843373493976,0.217391304347826,0.3280918949906568,0.1971008165607045,0.7916666666666666,0.0833333333333333,0.1627906976744186,0.1620553359683794,0.4782608695652174,0.0,0.2517219296503713,0.6952953568496378,-1.6264589190656924,0.4168381450064988,1.0,0.0,-0.1046950286363355,-0.7182083572767156,-0.2275408298019675,0.0096153846153846,0.0181818181818181,0.0,0.0185185185185185,0.108263608492416,-0.0081178081999676,0.0303030303030303,0.0,0,1,0.0,0.0,0.1,0.0909090909090909,1,2,1.4633678197860718,1.0904182195663452
1.0,0.9879289940828402,0.0212765957446808,0.8674698795180723,0.217391304347826,0.3280918949906568,0.1971008165607045,0.8541666666666666,0.9375,0.1627906976744186,0.1620553359683794,0.5217391304347826,0.3043478260869565,0.4680186191672958,0.7429014000530632,-0.580176758212922,-0.0074242863746937,1.0,1.0,0.1250425304829062,-0.7940341808724144,-0.5069121467431923,0.0192307692307692,0.0181818181818181,0.0363636363636363,0.0092592592592592,-0.1496656582044209,0.076600850264135,0.0,0.0294117647058823,0,0,0.0277777777777777,0.0,0.1,0.0909090909090909,0,2,1.3753645420074463,1.0126307010650635
1.0,0.9879289940828402,0.0212765957446808,0.5301204819277109,0.217391304347826,0.3280918949906568,0.1971008165607045,1.0,0.9791666666666666,0.1627906976744186,0.1620553359683794,0.5652173913043479,0.3478260869565217,0.3379507302769394,0.3358547684095887,2.641144751217104e-15,2.5893815264237306e-15,2.0,2.0,1.2197817877739063,-0.8704128100053846,-1.2529554777836502,0.0,0.0181818181818181,0.0181818181818181,0.0092592592592592,-0.1496656582044209,0.076600850264135,0.0,0.0294117647058823,0,0,0.0277777777777777,0.0,0.1,0.0909090909090909,0,2,1.343531608581543,1.0642139911651611
1.0,0.9880473372781068,0.0212765957446808,0.036144578313253,0.217391304347826,0.3280918949906568,0.1971008165607045,0.375,0.4583333333333333,0.1627906976744186,0.1620553359683794,0.6086956521739131,0.217391304347826,-0.7178703168150816,0.3443377900123873,-0.0322304681947919,0.0002745635450137,1.0,1.0,-0.0545957856764702,-0.59303894052313,-0.3496012856130612,0.0192307692307692,0.0181818181818181,0.009090909090909,0.0092592592592592,0.108263608492416,0.076600850264135,0.0303030303030303,0.0294117647058823,0,0,0.0,0.0,0.1333333333333333,0.0909090909090909,0,2,1.454588532447815,0.9974488019943237
1.0,0.9880473372781068,0.0212765957446808,0.1325301204819277,0.217391304347826,0.3280918949906568,0.1971008165607045,0.5416666666666666,0.1666666666666666,0.1627906976744186,0.1620553359683794,0.6521739130434783,0.3913043478260869,0.5411609790879374,-0.2057427451667024,-0.0843337685133374,0.1076684920328081,5.0,3.0,0.2361803406641606,-0.8704128100053846,-0.5688747315300076,0.0096153846153846,0.0363636363636363,0.0181818181818181,0.0,-0.0636892359721419,0.3307568256564434,0.0,0.0294117647058823,0,0,0.0277777777777777,0.0,0.1333333333333333,0.0909090909090909,1,2,1.362558364868164,1.0010508298873901
1.0,0.9880473372781068,0.0212765957446808,0.0,0.217391304347826,0.3280918949906568,0.1971008165607045,0.6875,0.3958333333333333,0.1627906976744186,0.1620553359683794,0.6956521739130435,0.1739130434782608,1.029083904247097,-0.977687832672824,0.0884758237563281,-0.4362856828031928,5.0,1.0,-1.5700306678470846,2.8714213258759838,2.3343066289572527,0.0192307692307692,0.0181818181818181,0.0181818181818181,0.0,0.022287186260137,0.1613195087282378,0.0,0.0294117647058823,1,0,0.0,0.0,0.1333333333333333,0.0909090909090909,1,2,1.658247709274292,0.8751358985900879
1.0,0.9880473372781068,0.0212765957446808,0.8433734939759037,0.217391304347826,0.3280918949906568,0.1971008165607045,0.9583333333333331,0.25,0.1627906976744186,0.1620553359683794,0.7391304347826086,0.0434782608695652,-0.4667784162739836,-0.3623709545861568,-0.3932256955276284,0.4184999491662236,1.0,1.0,-1.081036557306445,0.9970146897955904,1.0953459546880302,0.0096153846153846,0.0363636363636363,0.0181818181818181,0.0185185185185185,-0.0636892359721419,0.1613195087282378,0.0,0.0294117647058823,0,0,0.0277777777777777,0.0,0.1333333333333333,0.0909090909090909,0,2,1.6312066316604614,0.9731248021125793
1.0,0.9881656804733728,0.0212765957446808,0.4698795180722891,0.217391304347826,0.3280918949906568,0.1971008165607045,0.3333333333333333,0.2916666666666666,0.1627906976744186,0.1620553359683794,0.782608695652174,0.1304347826086956,0.1088847010013878,-0.6437543878002295,0.1200616396512995,-0.0677545498116896,1.0,2.0,-1.4379251847504722,1.838875390043456,2.259009165961327,0.0,0.0,0.0363636363636363,0.0092592592592592,-0.3216185026689789,-0.0928364666640704,0.0,0.0,0,0,0.0277777777777777,0.0285714285714285,0.1666666666666666,0.0909090909090909,-1,2,1.6525161266326904,0.8966876864433289
1.0,0.9887573964497044,0.0425531914893616,0.8072289156626506,0.217391304347826,0.3280918949906568,0.1971008165607045,0.0833333333333333,1.0,0.1627906976744186,0.1620553359683794,0.3478260869565217,0.782608695652174,0.6809856075774969,0.3358547684095887,0.3818639450231136,2.5893815264237306e-15,3.0,3.0,-1.3731214176949431,1.937063133676678,1.7861854935374295,0.0192307692307692,0.0181818181818181,0.0272727272727272,0.037037037037037,-0.0636892359721419,-0.1775551251281732,0.0,0.0,1,1,0.0277777777777777,0.0285714285714285,0.3333333333333333,0.0909090909090909,0,2,1.6763107776641846,0.8873899579048157
1.0,0.9887573964497044,0.0425531914893616,0.0240963855421686,0.217391304347826,0.3280918949906568,0.1971008165607045,0.25,0.2916666666666666,0.1627906976744186,0.1620553359683794,0.0434782608695652,0.6521739130434783,-0.3954568761750777,-0.642645621242877,0.3835589696030061,-0.0677545498116896,3.0,3.0,0.8429787000162084,-0.97312496172793,-1.0207248466746464,0.048076923076923,0.0181818181818181,0.0272727272727272,0.0185185185185185,0.194240030724695,-0.0081178081999676,0.0303030303030303,0.0294117647058823,1,0,0.0,0.0285714285714285,0.3333333333333333,0.0909090909090909,0,2,1.4722204208374023,1.0175435543060303
1.0,0.9887573964497044,0.0425531914893616,0.5903614457831325,0.217391304347826,0.3280918949906568,0.1971008165607045,0.3958333333333333,0.4375,0.1627906976744186,0.1620553359683794,0.0869565217391304,0.5217391304347826,-0.9785862767552496,1.170789922980403,-0.4883143183824354,0.1554254576072724,1.0,2.0,3.7835436129612208,0.5826952346024562,-2.142660728000181,0.0288461538461538,0.0181818181818181,0.0454545454545454,0.0277777777777777,-0.1496656582044209,-0.0928364666640704,0.0303030303030303,0.0,0,1,0.0277777777777777,0.0285714285714285,0.3333333333333333,0.0909090909090909,-1,2,1.2560688257217407,1.2913752794265747
1.0,0.9887573964497044,0.0425531914893616,0.5301204819277109,0.217391304347826,0.3280918949906568,0.1971008165607045,0.9791666666666666,0.3333333333333333,0.1627906976744186,0.1620553359683794,0.217391304347826,0.8260869565217391,0.3379507302769394,0.1390748057154168,2.641144751217104e-15,0.160166846399134,2.0,2.0,0.3909016249104913,-0.8959965969805078,-0.7045504386248921,0.0384615384615384,0.009090909090909,0.0272727272727272,0.0555555555555555,0.108263608492416,-0.4317111005204815,0.0303030303030303,0.0,1,0,0.0,0.0571428571428571,0.3333333333333333,0.0909090909090909,0,2,1.3684189319610596,1.0281198024749756
1.0,0.9888757396449704,0.0425531914893616,0.0963855421686747,0.217391304347826,0.3280918949906568,0.1971008165607045,0.0416666666666666,0.8541666666666666,0.1627906976744186,0.1620553359683794,0.4782608695652174,0.7391304347826086,0.0640688836113965,0.4996221238589586,-0.7694386475047404,-0.5263477305420222,2.0,1.0,-0.2407248863590593,-0.6429273946042767,-0.0760148463839867,0.0096153846153846,0.0272727272727272,0.0,0.0462962962962962,0.108263608492416,-0.1775551251281732,0.0303030303030303,0.0,0,1,0.0,0.0285714285714285,0.3666666666666667,0.0909090909090909,1,2,1.5179128646850586,0.9849792718887329
1.0,0.9888757396449704,0.0425531914893616,0.9759036144578314,0.217391304347826,0.3280918949906568,0.1971008165607045,0.2708333333333333,0.7916666666666666,0.1627906976744186,0.1620553359683794,0.4347826086956522,0.3043478260869565,0.6616788872433189,0.2767451468333045,0.0786598294833466,-1.5521240335978803,2.0,0.0,-0.3804441356314412,-0.7182083572767156,0.1827954255523832,0.0096153846153846,0.0181818181818181,0.0181818181818181,0.0,-0.0636892359721419,0.1613195087282378,0.0,0.0588235294117647,0,0,0.0277777777777777,0.0,0.3666666666666667,0.0909090909090909,1,2,1.4839798212051392,0.9211804866790771
1.0,0.9888757396449704,0.0425531914893616,0.5301204819277109,0.217391304347826,0.3280918949906568,0.1971008165607045,0.4583333333333333,0.1666666666666666,0.1627906976744186,0.1620553359683794,0.1304347826086956,0.0,0.3205691403858255,-0.2046123861884975,-0.04302698182486,0.1076684920328081,1.0,0.0,-0.5789630816416148,-0.4693473554356376,0.4914296001438208,0.0288461538461538,0.0636363636363636,0.0181818181818181,0.0462962962962962,0.108263608492416,0.1613195087282378,0.0303030303030303,0.0294117647058823,1,0,0.0,0.0285714285714285,0.3666666666666667,0.0909090909090909,1,2,1.490437626838684,0.9626049399375916
1.0,0.9888757396449704,0.0425531914893616,0.3012048192771084,0.217391304347826,0.3280918949906568,0.1971008165607045,0.9375,0.5416666666666666,0.1627906976744186,0.1620553359683794,0.1739130434782608,0.5652173913043479,0.7194436957363527,0.5660175707432428,-0.0508797361788803,-0.0402226603643458,2.0,0.0,-0.3981785130463787,-0.5433869255002135,0.1389476680914897,0.0288461538461538,0.0545454545454545,0.0181818181818181,0.0462962962962962,0.108263608492416,0.076600850264135,0.0303030303030303,0.0294117647058823,1,0,0.0,0.0285714285714285,0.3666666666666667,0.0909090909090909,1,2,1.4854575395584106,0.9194908142089844
1.0,0.9888757396449704,0.0425531914893616,0.8433734939759037,0.217391304347826,0.3280918949906568,0.1971008165607045,0.9583333333333331,0.375,0.1627906976744186,0.1620553359683794,0.6086956521739131,0.2608695652173913,-0.4649385519063665,-0.6882490895961166,-0.3932256955276284,0.0108594786393483,0.0,1.0,0.1570415870942253,-0.4693473554356376,-0.6161243244159433,0.0192307692307692,0.0272727272727272,0.0272727272727272,0.0185185185185185,-0.0636892359721419,0.076600850264135,0.0,0.0294117647058823,1,1,0.0277777777777777,0.0,0.3666666666666667,0.0909090909090909,-1,2,1.3613488674163818,1.0168405771255493
1.0,0.9889940828402368,0.0425531914893616,0.2409638554216867,0.217391304347826,0.3280918949906568,0.1971008165607045,0.5833333333333333,0.6875,0.1627906976744186,0.1620553359683794,0.6956521739130435,0.3913043478260869,0.4210867214461212,1.055320224177771,0.3124269791225654,0.1292000740789988,1.0,3.0,1.2970607100512506,-0.3470991123393136,-1.4005885219657894,0.0096153846153846,0.0636363636363636,0.0181818181818181,0.0277777777777777,-0.0636892359721419,0.3307568256564434,0.0,0.0294117647058823,1,1,0.0277777777777777,0.0,0.4,0.0909090909090909,-1,2,1.3109490871429443,1.1229629516601562
1.0,0.9897041420118344,0.0638297872340425,0.0963855421686747,0.217391304347826,0.3280918949906568,0.1971008165607045,0.0416666666666666,0.2708333333333333,0.1627906976744186,0.1620553359683794,0.3913043478260869,0.782608695652174,0.0655623688957711,0.6815274603080334,-0.7694386475047404,0.1195764613549228,0.0,1.0,0.7014359634020871,-1.3407611234046146,-0.8290923472527117,0.0288461538461538,0.0272727272727272,0.009090909090909,0.0185185185185185,0.194240030724695,0.076600850264135,0.0606060606060606,0.0294117647058823,0,0,0.0,0.0285714285714285,0.6,0.0909090909090909,-1,2,1.370789885520935,1.0166120529174805
1.0,0.990414201183432,0.0638297872340425,0.5783132530120483,0.217391304347826,0.3280918949906568,0.1971008165607045,0.2916666666666666,0.9375,0.1627906976744186,0.1620553359683794,0.4347826086956522,0.217391304347826,-0.6779057301325896,0.7488711945492652,-0.1124160362529128,-0.0074242863746937,0.0,1.0,0.5706349065820281,-1.0248611437064463,-0.8206413410232347,0.048076923076923,0.0454545454545454,0.0454545454545454,0.0185185185185185,0.022287186260137,0.2460381671923406,0.0303030303030303,0.0588235294117647,1,1,0.0277777777777777,0.0,0.8,0.0909090909090909,-1,2,1.3062138557434082,1.0508742332458496
1.0,0.990414201183432,0.0851063829787234,0.4698795180722891,0.217391304347826,0.3280918949906568,0.1971008165607045,0.3333333333333333,0.2708333333333333,0.1627906976744186,0.1620553359683794,0.8260869565217391,0.4782608695652174,0.1169456628944781,0.6819893882365212,0.1200616396512995,0.1195764613549228,1.0,1.0,-0.7663230583428943,0.0581879304310744,0.6137690738523607,0.0288461538461538,0.0363636363636363,0.0727272727272727,0.0185185185185185,-0.4075949249012579,0.1613195087282378,0.0,0.0588235294117647,1,0,0.0555555555555555,0.0285714285714285,0.8,0.0909090909090909,0,2,1.4857391119003296,0.9456340670585632
1.0,0.990414201183432,0.0851063829787234,0.710843373493976,0.217391304347826,0.3280918949906568,0.1971008165607045,0.7916666666666666,0.0416666666666666,0.1627906976744186,0.1620553359683794,0.0869565217391304,0.0434782608695652,0.2581571309074248,0.0888490386792322,-1.6264589190656924,-0.7119003169962296,1.0,1.0,-0.1892918646465037,-0.6179534720272628,-0.1994667566972128,0.0192307692307692,0.0272727272727272,0.0181818181818181,0.0185185185185185,0.022287186260137,0.076600850264135,0.0606060606060606,0.0588235294117647,0,0,0.0277777777777777,0.0285714285714285,0.8,0.0909090909090909,0,2,1.4886480569839478,1.0829188823699951
1.0,0.990414201183432,0.0851063829787234,0.5301204819277109,0.217391304347826,0.3280918949906568,0.1971008165607045,1.0,0.5833333333333333,0.1627906976744186,0.1620553359683794,0.782608695652174,0.6956521739130435,0.3379507302769394,0.4394967354200368,2.641144751217104e-15,0.3487620591838878,1.0,1.0,1.5343991606134724,-0.2744290714194711,-1.534122109741383,0.048076923076923,0.0181818181818181,0.0636363636363636,0.0462962962962962,-0.1496656582044209,-0.262273783592276,0.0,0.0,2,1,0.0277777777777777,0.0571428571428571,0.8,0.0909090909090909,0,2,1.285125494003296,1.105434536933899
1.0,0.990532544378698,0.0851063829787234,0.1325301204819277,0.217391304347826,0.3280918949906568,0.1971008165607045,0.5416666666666666,0.0833333333333333,0.1627906976744186,0.1620553359683794,0.4347826086956522,0.5652173913043479,0.5479022890969159,0.6983702233381035,-0.0843337685133374,0.4168381450064988,2.0,1.0,0.0928434784697544,-0.5681835182832995,-0.5610653207061289,0.0576923076923076,0.0454545454545454,0.0636363636363636,0.0555555555555555,-0.0636892359721419,-0.0928364666640704,0.0303030303030303,0.0,0,2,0.0555555555555555,0.0285714285714285,0.8333333333333334,0.0909090909090909,1,2,1.3746473789215088,0.9932846426963806
1.0,0.990532544378698,0.0851063829787234,0.0,0.217391304347826,0.3280918949906568,0.1971008165607045,0.6875,0.4583333333333333,0.1627906976744186,0.1620553359683794,0.1304347826086956,0.2608695652173913,1.032411076986791,0.3492646475383515,0.0884758237563281,0.0002745635450137,2.0,1.0,-0.86262177896387,0.5826952346024562,0.6028332992812063,0.0961538461538461,0.0363636363636363,0.0363636363636363,0.0185185185185185,0.5381457196538111,0.1613195087282378,0.0606060606060606,0.0588235294117647,1,1,0.0,0.0,0.8333333333333334,0.0909090909090909,1,2,1.5372841358184814,0.9154812097549438
1.0,0.990532544378698,0.0851063829787234,0.8674698795180723,0.217391304347826,0.3280918949906568,0.1971008165607045,0.8541666666666666,0.9583333333333331,0.1627906976744186,0.1620553359683794,0.7391304347826086,0.6521739130434783,0.4702188248115824,-0.4387914197992887,-0.580176758212922,-0.343060681303428,2.0,1.0,-0.1892918646465037,-0.2503173103505782,-0.3060024347361497,0.0384615384615384,0.0181818181818181,0.0636363636363636,0.037037037037037,-0.2356420804366999,-0.1775551251281732,0.0,0.0,1,1,0.0555555555555555,0.0571428571428571,0.8333333333333334,0.0909090909090909,1,2,1.490966796875,1.0362155437469482
1.0,0.9920710059171598,0.1063829787234042,0.8072289156626506,0.217391304347826,0.3280918949906568,0.1971008165607045,0.0833333333333333,0.5833333333333333,0.1627906976744186,0.1620553359683794,0.5652173913043479,0.782608695652174,0.6862537993362452,0.441951754974671,0.3818639450231136,0.3487620591838878,1.0,0.0,-0.1722610010318848,-0.2022596317693716,-0.3422945897864637,0.0576923076923076,0.0272727272727272,0.0727272727272727,0.0555555555555555,-0.1496656582044209,-0.262273783592276,0.0,0.0,2,2,0.0555555555555555,0.0571428571428571,0.3333333333333333,0.1818181818181818,1,2,1.4682000875473022,1.012917160987854
1.0,0.9920710059171598,0.1063829787234042,0.036144578313253,0.217391304347826,0.3280918949906568,0.1971008165607045,0.375,0.3958333333333333,0.1627906976744186,0.1620553359683794,0.3478260869565217,0.5217391304347826,-0.7099244137256596,-0.9678124098851172,-0.0322304681947919,-0.4362856828031928,1.0,1.0,-0.804626815101258,0.289467864947733,0.5587232238860428,0.0384615384615384,0.0363636363636363,0.0181818181818181,0.0648148148148148,0.194240030724695,-0.262273783592276,0.0606060606060606,0.0294117647058823,1,0,0.0,0.0571428571428571,0.3333333333333333,0.1818181818181818,0,2,1.5309966802597046,0.9200471043586731
1.0,0.9920710059171598,0.1063829787234042,0.5301204819277109,0.217391304347826,0.3280918949906568,0.1971008165607045,0.9791666666666666,0.8541666666666666,0.1627906976744186,0.1620553359683794,0.3043478260869565,0.7391304347826086,0.3379507302769394,0.5022753290610596,2.641144751217104e-15,-0.5263477305420222,2.0,2.0,-0.7093961636354963,0.3805689221268368,0.3109394429031135,0.0576923076923076,0.0545454545454545,0.0454545454545454,0.074074074074074,0.108263608492416,-0.1775551251281732,0.0303030303030303,0.0294117647058823,2,1,0.0,0.0571428571428571,0.3333333333333333,0.1818181818181818,0,2,1.547468900680542,0.9199299812316895
1.0,0.9921893491124264,0.1063829787234042,0.9759036144578314,0.217391304347826,0.3280918949906568,0.1971008165607045,0.2708333333333333,0.2916666666666666,0.1627906976744186,0.1620553359683794,0.1304347826086956,0.3913043478260869,0.6684623573640931,-0.6399924024389272,0.0786598294833466,-0.0677545498116896,0.0,2.0,-0.9016509925356154,0.3578678177732976,0.8405065612541587,0.048076923076923,0.0454545454545454,0.0272727272727272,0.0555555555555555,0.194240030724695,-0.0928364666640704,0.0606060606060606,0.0294117647058823,1,1,0.0277777777777777,0.0571428571428571,0.3666666666666667,0.1818181818181818,-1,2,1.536415696144104,0.9266626238822937
1.0,0.9921893491124264,0.1063829787234042,0.5301204819277109,0.217391304347826,0.3280918949906568,0.1971008165607045,0.4375,0.3333333333333333,0.1627906976744186,0.1620553359683794,0.6521739130434783,0.8260869565217391,1.1540834704894525,0.1508128674987368,0.115225467772681,0.160166846399134,2.0,0.0,-1.2250092832347306,1.3749674998293444,1.3927435742080732,0.0384615384615384,0.0363636363636363,0.0363636363636363,0.0833333333333333,0.022287186260137,-0.4317111005204815,0.0303030303030303,0.0,1,2,0.0277777777777777,0.0571428571428571,0.3666666666666667,0.1818181818181818,1,2,1.6642320156097412,0.9350542426109314
1.0,0.9921893491124264,0.1063829787234042,0.3012048192771084,0.217391304347826,0.3280918949906568,0.1971008165607045,0.9375,0.25,0.1627906976744186,0.1620553359683794,0.0434782608695652,0.2608695652173913,0.7279487859197721,-0.359841639771602,-0.0508797361788803,0.4184999491662236,2.0,0.0,-1.3517000498186804,2.07299810640619,1.589256853893139,0.0576923076923076,0.0727272727272727,0.0181818181818181,0.0555555555555555,0.3661928751892531,0.1613195087282378,0.0909090909090909,0.0294117647058823,1,2,0.0,0.0,0.3666666666666667,0.1818181818181818,1,2,1.7099261283874512,0.9194734692573547
1.0,0.9921893491124264,0.1063829787234042,0.8433734939759037,0.217391304347826,0.3280918949906568,0.1971008165607045,0.9583333333333331,0.6875,0.1627906976744186,0.1620553359683794,0.6956521739130435,0.0,-0.4561312127977946,1.0592161576843788,-0.3932256955276284,0.1292000740789988,2.0,1.0,1.258566148250302,-0.59303894052313,-1.340738416469995,0.0288461538461538,0.109090909090909,0.0545454545454545,0.0462962962962962,-0.2356420804366999,0.5849128010487517,0.0,0.088235294117647,1,1,0.0833333333333333,0.0,0.3666666666666667,0.1818181818181818,1,2,1.3359307050704956,1.1467889547348022
1.0,0.9921893491124264,0.1063829787234042,0.5301204819277109,0.217391304347826,0.3280918949906568,0.1971008165607045,1.0,0.4583333333333333,0.1627906976744186,0.1620553359683794,0.6086956521739131,0.0869565217391304,0.3379507302769394,0.3524151496194186,2.641144751217104e-15,0.0002745635450137,0.0,2.0,2.3250682777378104,0.1513134819178173,-1.830078255598412,0.0576923076923076,0.0454545454545454,0.0727272727272727,0.037037037037037,-0.1496656582044209,0.076600850264135,0.0,0.0588235294117647,3,1,0.0277777777777777,0.0285714285714285,0.3666666666666667,0.1818181818181818,-1,0,1.1763463020324707,1.203428030014038
1.0,0.9923076923076924,0.1063829787234042,0.1325301204819277,0.217391304347826,0.3280918949906568,0.1971008165607045,0.5416666666666666,0.7916666666666666,0.1627906976744186,0.1620553359683794,0.4782608695652174,0.217391304347826,0.5522983781544857,0.284621252698176,-0.0843337685133374,-1.5521240335978803,1.0,1.0,0.1250425304829062,-0.3958273655809532,-0.6400059173327453,0.0769230769230769,0.0272727272727272,0.0727272727272727,0.0277777777777777,0.022287186260137,-0.0081178081999676,0.0606060606060606,0.0588235294117647,0,1,0.0555555555555555,0.0285714285714285,0.4,0.1818181818181818,0,2,1.3732537031173706,1.0089294910430908
1.0,0.9924260355029584,0.1276595744680851,0.746987951807229,0.217391304347826,0.3280918949906568,0.1971008165607045,0.1666666666666666,0.4375,0.1627906976744186,0.1620553359683794,0.5652173913043479,0.4347826086956522,-0.2248193090159988,1.1775258571322995,0.0665138130111448,0.1554254576072724,0.0,3.0,2.37716004158657,-0.4939691189659106,-1.7619724098291312,0.0673076923076923,0.0545454545454545,0.0545454545454545,0.037037037037037,0.108263608492416,0.1613195087282378,0.0303030303030303,0.0588235294117647,0,1,0.0555555555555555,0.0285714285714285,0.4333333333333333,0.1818181818181818,-1,0,1.1778277158737183,1.1151477098464966
1.0,0.9924260355029584,0.1276595744680851,0.5903614457831325,0.217391304347826,0.3280918949906568,0.1971008165607045,0.3958333333333333,0.0833333333333333,0.1627906976744186,0.1620553359683794,0.6086956521739131,0.6956521739130435,-0.9646792879853386,0.704288262302979,-0.4883143183824354,0.4168381450064988,2.0,0.0,0.3141217902142328,-1.1029476336029211,-0.6161243244159433,0.048076923076923,0.0636363636363636,0.0727272727272727,0.074074074074074,-0.2356420804366999,-0.0928364666640704,0.0303030303030303,0.0294117647058823,1,2,0.0555555555555555,0.0571428571428571,0.4333333333333333,0.1818181818181818,1,2,1.3152492046356201,1.0095125436782837
1.0,0.9925443786982248,0.1276595744680851,0.5783132530120483,0.217391304347826,0.3280918949906568,0.1971008165607045,0.2916666666666666,1.0,0.1627906976744186,0.1620553359683794,0.4782608695652174,0.6521739130434783,-0.6759791024955721,0.3358547684095887,-0.1124160362529128,2.5893815264237306e-15,1.0,0.0,-0.7283019887119154,0.2436185333015441,0.387837183528523,0.0673076923076923,0.0545454545454545,0.0545454545454545,0.0925925925925925,0.108263608492416,-0.3469924420563787,0.0606060606060606,0.0,1,3,0.0555555555555555,0.0571428571428571,0.4666666666666667,0.1818181818181818,1,2,1.530943751335144,0.9270716309547424
1.0,0.9925443786982248,0.1276595744680851,0.4698795180722891,0.217391304347826,0.3280918949906568,0.1971008165607045,0.3333333333333333,0.9583333333333331,0.1627906976744186,0.1620553359683794,0.782608695652174,0.8260869565217391,0.1241891563066275,-0.4323756308758918,0.1200616396512995,-0.343060681303428,3.0,3.0,-0.4338314688449361,-0.4447833217673027,0.0881101306813188,0.0384615384615384,0.0454545454545454,0.0999999999999999,0.0648148148148148,-0.579547769365816,-0.1775551251281732,0.0,0.0294117647058823,2,1,0.0833333333333333,0.0857142857142857,0.4666666666666667,0.1818181818181818,0,2,1.5060287714004517,0.939436137676239
1.0,0.9925443786982248,0.1276595744680851,0.5301204819277109,0.217391304347826,0.3280918949906568,0.1971008165607045,0.4583333333333333,0.0416666666666666,0.1627906976744186,0.1620553359683794,0.1739130434782608,0.2608695652173913,0.3285015492587741,0.0915188152511373,-0.04302698182486,-0.7119003169962296,3.0,2.0,-0.615893931915712,-0.154421395407195,0.3288451903291194,0.0673076923076923,0.0363636363636363,0.0363636363636363,0.0277777777777777,0.280216452956974,0.076600850264135,0.0909090909090909,0.0588235294117647,1,1,0.0277777777777777,0.0285714285714285,0.4666666666666667,0.1818181818181818,1,2,1.4878572225570679,0.9259304404258728
1.0,0.9925443786982248,0.1276595744680851,0.2409638554216867,0.217391304347826,0.3280918949906568,0.1971008165607045,0.5833333333333333,0.375,0.1627906976744186,0.1620553359683794,0.7391304347826086,0.1304347826086956,0.4290465271464924,-0.6815482233301868,0.3124269791225654,0.0108594786393483,0.0,1.0,-0.5789630816416148,0.3805689221268368,0.0234387947139002,0.0288461538461538,0.0454545454545454,0.0636363636363636,0.0277777777777777,-0.3216185026689789,0.1613195087282378,0.0,0.0588235294117647,2,2,0.0833333333333333,0.0,0.4666666666666667,0.1818181818181818,-1,2,1.519726276397705,0.9410826563835144
1.0,0.9925443786982248,0.1276595744680851,0.0,0.217391304347826,0.3280918949906568,0.1971008165607045,0.6875,0.9791666666666666,0.1627906976744186,0.1620553359683794,0.0,0.3913043478260869,1.0348695283031215,0.3358547684095887,0.0884758237563281,2.5893815264237306e-15,1.0,0.0,-0.9016509925356154,0.6933251491952606,0.6463600838398857,0.125,0.0727272727272727,0.0636363636363636,0.0648148148148148,0.5381457196538111,0.076600850264135,0.0909090909090909,0.0294117647058823,1,3,0.0277777777777777,0.0,0.4666666666666667,0.1818181818181818,1,2,1.6410861015319824,0.9185036420822144
1.0,0.9925443786982248,0.1276595744680851,0.710843373493976,0.217391304347826,0.3280918949906568,0.1971008165607045,0.7916666666666666,0.9375,0.1627906976744186,0.1620553359683794,0.217391304347826,0.0434782608695652,0.263260743381703,0.7541365820539212,-1.6264589190656924,-0.0074242863746937,1.0,2.0,0.3603268672083911,-0.9216430126275929,-0.7045504386248921,0.0384615384615384,0.0727272727272727,0.0363636363636363,0.0185185185185185,0.022287186260137,0.5001941425846489,0.0606060606060606,0.1176470588235294,2,1,0.0277777777777777,0.0,0.4666666666666667,0.1818181818181818,-1,2,1.358214020729065,1.0966554880142212
1.0,0.9925443786982248,0.1276595744680851,0.8674698795180723,0.217391304347826,0.3280918949906568,0.1971008165607045,0.8541666666666666,0.2708333333333333,0.1627906976744186,0.1620553359683794,0.5217391304347826,0.0869565217391304,0.47177955323708,0.6882928534327696,-0.580176758212922,0.1195764613549228,1.0,1.0,0.5411114358036283,-1.076854081981862,-0.8038041425818739,0.0769230769230769,0.0454545454545454,0.0909090909090909,0.0462962962962962,-0.1496656582044209,-0.0081178081999676,0.0303030303030303,0.0588235294117647,2,1,0.0555555555555555,0.0571428571428571,0.4666666666666667,0.1818181818181818,0,2,1.3078505992889404,1.102232575416565
1.0,0.9926627218934908,0.1276595744680851,0.0240963855421686,0.217391304347826,0.3280918949906568,0.1971008165607045,0.25,0.5416666666666666,0.1627906976744186,0.1620553359683794,0.3478260869565217,0.3043478260869565,-0.3946213748136963,0.5766098591561631,0.3835589696030061,-0.0402226603643458,1.0,1.0,1.1413259839698977,-0.2503173103505782,-1.380517331007904,0.0769230769230769,0.0818181818181818,0.0727272727272727,0.0833333333333333,0.022287186260137,-0.0081178081999676,0.0303030303030303,0.0588235294117647,2,1,0.0277777777777777,0.0571428571428571,0.5,0.1818181818181818,0,2,1.309720516204834,1.1277693510055542
1.0,0.9928994082840236,0.1489361702127659,0.0963855421686747,0.217391304347826,0.3280918949906568,0.1971008165607045,0.0416666666666666,0.3333333333333333,0.1627906976744186,0.1620553359683794,0.3043478260869565,0.8260869565217391,0.0731282289219196,0.1523380059131723,-0.7694386475047404,0.160166846399134,2.0,1.0,-0.0380037212488559,-0.6179534720272628,-0.3863800494481025,0.0576923076923076,0.0636363636363636,0.0545454545454545,0.1296296296296296,0.022287186260137,-0.6011484174486871,0.0606060606060606,0.0,1,3,0.0555555555555555,0.0857142857142857,0.5666666666666667,0.1818181818181818,1,2,1.4779990911483765,0.9920738935470581
1.0,0.9928994082840236,0.1489361702127659,0.8072289156626506,0.217391304347826,0.3280918949906568,0.1971008165607045,0.0833333333333333,0.9375,0.1627906976744186,0.1620553359683794,0.5217391304347826,0.0,0.6872827660619054,0.7546052609394409,0.3818639450231136,-0.0074242863746937,1.0,0.0,0.2830865665293505,-1.1029476336029211,-0.5767027140974672,0.0673076923076923,0.0909090909090909,0.0909090909090909,0.0277777777777777,-0.2356420804366999,0.5849128010487517,0.0303030303030303,0.1470588235294117,2,1,0.0833333333333333,0.0,0.5666666666666667,0.1818181818181818,1,2,1.3163890838623047,1.0796242952346802
1.0,0.9928994082840236,0.1489361702127659,0.036144578313253,0.217391304347826,0.3280918949906568,0.1971008165607045,0.375,0.7916666666666666,0.1627906976744186,0.1620553359683794,0.1304347826086956,0.1739130434782608,-0.7087182464111333,0.2870180352934613,-0.0322304681947919,-1.5521240335978803,2.0,0.0,-0.8820994261788107,0.5381140798409912,0.667909523281476,0.0576923076923076,0.0454545454545454,0.0272727272727272,0.0555555555555555,0.280216452956974,-0.0928364666640704,0.0909090909090909,0.0588235294117647,2,2,0.0,0.0571428571428571,0.5666666666666667,0.1818181818181818,1,2,1.5376646518707275,0.9225541949272156
1.0,0.9928994082840236,0.1489361702127659,0.0,0.217391304347826,0.3280918949906568,0.1971008165607045,0.6875,0.1666666666666666,0.1627906976744186,0.1620553359683794,0.0434782608695652,0.6956521739130435,1.0351464637675862,-0.1980448355675396,0.0884758237563281,0.1076684920328081,2.0,1.0,-1.18346202941712,1.333639810891608,1.2157296847372672,0.1346153846153846,0.0636363636363636,0.0636363636363636,0.0833333333333333,0.62412214188609,-0.1775551251281732,0.1212121212121212,0.0294117647058823,1,0,0.0277777777777777,0.0857142857142857,0.5666666666666667,0.1818181818181818,1,2,1.7341667413711548,0.9351719617843628
1.0,0.9928994082840236,0.1489361702127659,0.5301204819277109,0.217391304347826,0.3280918949906568,0.1971008165607045,0.9791666666666666,0.2916666666666666,0.1627906976744186,0.1620553359683794,0.4347826086956522,0.2608695652173913,0.3379507302769394,-0.6429048765047546,2.641144751217104e-15,-0.0677545498116896,0.0,1.0,-0.9016509925356154,0.3351174167375081,0.8251845857926003,0.0769230769230769,0.0727272727272727,0.0727272727272727,0.0555555555555555,0.022287186260137,0.1613195087282378,0.0303030303030303,0.088235294117647,3,1,0.0277777777777777,0.0571428571428571,0.5666666666666667,0.1818181818181818,-1,2,1.5313321352005005,0.9336196780204773
1.0,0.99301775147929,0.1489361702127659,0.5301204819277109,0.217391304347826,0.3280918949906568,0.1971008165607045,0.4375,1.0,0.1627906976744186,0.1620553359683794,0.217391304347826,0.7391304347826086,1.155008694516889,0.3358547684095887,0.115225467772681,2.5893815264237306e-15,3.0,0.0,-1.963845406590744,6.6687560078741335,4.033205146304604,0.0865384615384615,0.0545454545454545,0.0363636363636363,0.1018518518518518,0.452169297421532,-0.4317111005204815,0.0909090909090909,0.0,1,3,0.0277777777777777,0.0857142857142857,0.6,0.1818181818181818,1,2,1.7903200387954712,0.8641059994697571
1.0,0.99301775147929,0.1489361702127659,0.1325301204819277,0.217391304347826,0.3280918949906568,0.1971008165607045,0.5416666666666666,0.3958333333333333,0.1627906976744186,0.1620553359683794,0.3478260869565217,0.6521739130434783,0.5537300007653686,-0.9581189931462836,-0.0843337685133374,-0.4362856828031928,2.0,0.0,-0.615893931915712,-0.154421395407195,0.3407284708103074,0.0961538461538461,0.0636363636363636,0.0909090909090909,0.074074074074074,0.022287186260137,-0.0928364666640704,0.0606060606060606,0.0588235294117647,2,1,0.0555555555555555,0.0571428571428571,0.6,0.1818181818181818,1,2,1.5137810707092285,0.9256598949432373
1.0,0.99301775147929,0.1489361702127659,0.8674698795180723,0.217391304347826,0.3280918949906568,0.1971008165607045,0.8541666666666666,0.5833333333333333,0.1627906976744186,0.1620553359683794,0.5652173913043479,0.782608695652174,0.4720074632444886,0.4464552061507056,-0.580176758212922,0.3487620591838878,1.0,2.0,-0.0712414594522267,-0.59303894052313,-0.3716191945857079,0.0865384615384615,0.0272727272727272,0.0999999999999999,0.074074074074074,-0.1496656582044209,-0.4317111005204815,0.0303030303030303,0.0,3,2,0.0555555555555555,0.1142857142857142,0.6,0.1818181818181818,-1,2,1.480626106262207,1.0066463947296143
1.0,0.99301775147929,0.1489361702127659,0.8433734939759037,0.217391304347826,0.3280918949906568,0.1971008165607045,0.9583333333333331,0.4583333333333333,0.1627906976744186,0.1620553359683794,0.6086956521739131,0.0869565217391304,-0.454437062918882,0.3541858658092266,-0.3932256955276284,0.0002745635450137,3.0,2.0,1.888210804695751,-0.8448913465681646,-1.5657223375682274,0.0769230769230769,0.0909090909090909,0.0909090909090909,0.0555555555555555,-0.1496656582044209,0.3307568256564434,0.0303030303030303,0.1176470588235294,2,1,0.0833333333333333,0.0285714285714285,0.6,0.1818181818181818,1,0,1.1744916439056396,1.154030680656433
1.0,0.9931360946745564,0.1489361702127659,0.0240963855421686,0.217391304347826,0.3280918949906568,0.1971008165607045,0.25,0.2708333333333333,0.1627906976744186,0.1620553359683794,0.4782608695652174,0.3913043478260869,-0.3945751199513908,0.6876612972382901,0.3835589696030061,0.1195764613549228,0.0,0.0,1.5587577476077388,-0.8704128100053846,-1.4207828498346022,0.0865384615384615,0.0545454545454545,0.0818181818181818,0.0555555555555555,0.022287186260137,-0.0081178081999676,0.0303030303030303,0.0588235294117647,3,2,0.0277777777777777,0.0571428571428571,0.6333333333333333,0.1818181818181818,0,2,1.294927716255188,1.0828577280044556
1.0,0.9932544378698224,0.1702127659574468,0.5301204819277109,0.217391304347826,0.3280918949906568,0.1971008165607045,0.4583333333333333,0.0833333333333333,0.1627906976744186,0.1620553359683794,0.0869565217391304,0.6521739130434783,0.3296581414335048,0.7059441065502021,-0.04302698182486,0.4168381450064988,1.0,0.0,-0.9016509925356154,0.1048541793500865,0.9210406117131332,0.1153846153846153,0.0727272727272727,0.0818181818181818,0.0925925925925925,0.280216452956974,-0.1775551251281732,0.1212121212121212,0.0588235294117647,1,2,0.0555555555555555,0.0857142857142857,0.6666666666666666,0.1818181818181818,1,2,1.543203592300415,0.9334077835083008
1.0,0.9932544378698224,0.1702127659574468,0.710843373493976,0.217391304347826,0.3280918949906568,0.1971008165607045,0.7916666666666666,0.1666666666666666,0.1627906976744186,0.1620553359683794,0.3478260869565217,0.6956521739130435,0.2645497881677359,-0.1977756727376212,-1.6264589190656924,0.1076684920328081,1.0,2.0,-0.415974149226847,-0.2022596317693716,-0.0159828156045751,0.048076923076923,0.0727272727272727,0.0727272727272727,0.1018518518518518,-0.2356420804366999,-0.262273783592276,0.0606060606060606,0.0294117647058823,2,0,0.0833333333333333,0.1142857142857142,0.6666666666666666,0.1818181818181818,-1,2,1.5192534923553467,0.9437459111213684
1.0,0.993372781065089,0.1702127659574468,0.0963855421686747,0.217391304347826,0.3280918949906568,0.1971008165607045,0.0416666666666666,0.2916666666666666,0.1627906976744186,0.1620553359683794,0.3913043478260869,0.217391304347826,0.0737698772668793,-0.6416254825146257,-0.7694386475047404,-0.0677545498116896,2.0,0.0,-0.3451574802028851,-0.7686978793825137,0.1008933122550985,0.0769230769230769,0.0818181818181818,0.0636363636363636,0.0555555555555555,0.108263608492416,0.2460381671923406,0.0909090909090909,0.1176470588235294,1,1,0.0555555555555555,0.0571428571428571,0.7,0.1818181818181818,1,2,1.4880492687225342,0.9399808049201965
1.0,0.993372781065089,0.1702127659574468,0.9759036144578314,0.217391304347826,0.3280918949906568,0.1971008165607045,0.2708333333333333,0.4375,0.1627906976744186,0.1620553359683794,0.3043478260869565,0.1739130434782608,0.670496584972238,1.1783578200523153,0.0786598294833466,0.1554254576072724,1.0,1.0,1.6071321082045085,-1.0508253591272612,-1.4106701994281576,0.0576923076923076,0.109090909090909,0.0545454545454545,0.037037037037037,0.022287186260137,0.6696314595128544,0.0606060606060606,0.1176470588235294,3,1,0.0555555555555555,0.0285714285714285,0.7,0.1818181818181818,0,2,1.2952487468719482,1.1192494630813599
1.0,0.993372781065089,0.1702127659574468,0.4698795180722891,0.217391304347826,0.3280918949906568,0.1971008165607045,0.3333333333333333,0.8541666666666666,0.1627906976744186,0.1620553359683794,0.782608695652174,0.5652173913043479,0.1264778089040482,0.5011968006257658,0.1200616396512995,-0.5263477305420222,0.0,0.0,-0.8238860209011809,0.2665682808359271,0.6192233669284828,0.0769230769230769,0.0909090909090909,0.1454545454545454,0.1203703703703703,-0.665524191598095,-0.262273783592276,0.0,0.0294117647058823,3,3,0.1111111111111111,0.0857142857142857,0.7,0.1818181818181818,0,2,1.5178457498550415,0.9399346709251404
1.0,0.993372781065089,0.1702127659574468,0.5903614457831325,0.217391304347826,0.3280918949906568,0.1971008165607045,0.3958333333333333,0.9791666666666666,0.1627906976744186,0.1620553359683794,0.4347826086956522,0.5217391304347826,-0.9620253052278444,0.3358547684095887,-0.4883143183824354,2.5893815264237306e-15,1.0,0.0,0.5853334373848265,-0.9473523643270856,-0.8888648218835974,0.0673076923076923,0.0727272727272727,0.0909090909090909,0.0833333333333333,-0.2356420804366999,-0.0928364666640704,0.0606060606060606,0.0294117647058823,1,3,0.0833333333333333,0.0571428571428571,0.7,0.1818181818181818,1,2,1.3386896848678589,1.0381613969802856
1.0,0.993372781065089,0.1702127659574468,0.2409638554216867,0.217391304347826,0.3280918949906568,0.1971008165607045,0.5833333333333333,0.25,0.1627906976744186,0.1620553359683794,0.8260869565217391,0.4782608695652174,0.4304853762293477,-0.3648164671996016,0.3124269791225654,0.4184999491662236,2.0,0.0,-1.4379251847504722,2.618089850077587,1.7361065328345973,0.048076923076923,0.0818181818181818,0.0818181818181818,0.0833333333333333,-0.3216185026689789,-0.0081178081999676,0.0303030303030303,0.0294117647058823,2,4,0.1111111111111111,0.0285714285714285,0.7,0.1818181818181818,1,2,1.672620415687561,0.9182361960411072
1.0,0.993372781065089,0.1702127659574468,0.3012048192771084,0.217391304347826,0.3280918949906568,0.1971008165607045,0.9375,0.6875,0.1627906976744186,0.1620553359683794,0.0,0.0434782608695652,0.7305103769714972,1.0607728655824813,-0.0508797361788803,0.1292000740789988,0.0,1.0,0.7443085954400285,-1.2079766391580398,-0.923514248333601,0.0961538461538461,0.1454545454545454,0.0363636363636363,0.074074074074074,0.5381457196538111,0.6696314595128544,0.1515151515151515,0.1470588235294117,1,1,0.0277777777777777,0.0285714285714285,0.7,0.1818181818181818,-1,2,1.362791657447815,1.09196138381958
1.0,0.993372781065089,0.1702127659574468,0.8433734939759037,0.217391304347826,0.3280918949906568,0.1971008165607045,0.9583333333333331,0.5416666666666666,0.1627906976744186,0.1620553359683794,0.6086956521739131,0.2608695652173913,-0.4538934925780585,0.5781422179719743,-0.3932256955276284,-0.0402226603643458,2.0,1.0,-0.4877778418888012,-0.0122035251548139,0.0169012252991774,0.1057692307692307,0.109090909090909,0.109090909090909,0.0925925925925925,-0.0636892359721419,0.1613195087282378,0.0606060606060606,0.088235294117647,2,2,0.0833333333333333,0.0571428571428571,0.7,0.1818181818181818,1,2,1.4937814474105835,0.9331492781639099
1.0,0.993372781065089,0.1702127659574468,0.5301204819277109,0.217391304347826,0.3280918949906568,0.1971008165607045,1.0,0.375,0.1627906976744186,0.1620553359683794,0.7391304347826086,0.1304347826086956,0.3379507302769394,-0.6804851732229665,2.641144751217104e-15,0.0108594786393483,4.0,1.0,1.1544852032617183,-0.8194319037593477,-1.2625943283557728,0.0576923076923076,0.0727272727272727,0.1272727272727272,0.0277777777777777,-0.665524191598095,0.4154754841205461,0.0,0.1176470588235294,3,2,0.1111111111111111,0.0,0.7,0.1818181818181818,1,2,1.346502661705017,1.0880826711654663
1.0,0.9942011834319526,0.1914893617021276,0.0963855421686747,0.217391304347826,0.3280918949906568,0.1971008165607045,0.0416666666666666,0.1666666666666666,0.1627906976744186,0.1620553359683794,0.3043478260869565,0.7391304347826086,0.0750959493166416,-0.1967126448087137,-0.7694386475047404,0.1076684920328081,4.0,1.0,-0.3101108719071423,-0.59303894052313,-0.0692902983490712,0.0961538461538461,0.0909090909090909,0.0636363636363636,0.1111111111111111,0.280216452956974,-0.1775551251281732,0.1212121212121212,0.0588235294117647,1,0,0.0555555555555555,0.1142857142857142,0.9333333333333332,0.1818181818181818,1,2,1.517731785774231,0.9818296432495117
1.0,0.9945562130177515,0.2127659574468085,0.746987951807229,0.217391304347826,0.3280918949906568,0.1971008165607045,0.1666666666666666,0.9791666666666666,0.1627906976744186,0.1620553359683794,0.6086956521739131,0.6521739130434783,-0.2216892244085337,0.3358547684095887,0.0665138130111448,2.5893815264237306e-15,3.0,2.0,0.2046705693382438,-0.5186488843484226,-0.7045504386248921,0.1057692307692307,0.0727272727272727,0.1454545454545454,0.0925925925925925,-0.4075949249012579,-0.1775551251281732,0.0606060606060606,0.0294117647058823,0,3,0.1388888888888889,0.0857142857142857,0.0,0.2727272727272727,1,2,1.3553181886672974,1.0312703847885132
1.0,0.9945562130177515,0.2127659574468085,0.2409638554216867,0.217391304347826,0.3280918949906568,0.1971008165607045,0.5833333333333333,0.9375,0.1627906976744186,0.1620553359683794,0.7391304347826086,0.0434782608695652,0.4326237790345309,0.7578868038959047,0.3124269791225654,-0.0074242863746937,1.0,1.0,0.0766681698861375,-0.9216430126275929,-0.4235744013296885,0.0673076923076923,0.0909090909090909,0.0818181818181818,0.0462962962962962,-0.1496656582044209,0.4154754841205461,0.0606060606060606,0.1470588235294117,2,1,0.1111111111111111,0.0571428571428571,0.0,0.2727272727272727,0,2,1.3725593090057373,1.0725321769714355
1.0,0.9946745562130176,0.2127659574468085,0.0240963855421686,0.217391304347826,0.3280918949906568,0.1971008165607045,0.25,0.0833333333333333,0.1627906976744186,0.1620553359683794,0.5652173913043479,0.4347826086956522,-0.3943432958887506,0.7047658218002937,0.3835589696030061,0.4168381450064988,0.0,4.0,1.583001705533243,-0.6429273946042767,-1.4821199994840062,0.0865384615384615,0.0727272727272727,0.0999999999999999,0.1018518518518518,-0.1496656582044209,-0.262273783592276,0.0303030303030303,0.0588235294117647,4,2,0.0555555555555555,0.1142857142857142,0.0333333333333333,0.2727272727272727,-1,0,1.2896480560302734,1.0833005905151367
1.0,0.9946745562130176,0.2127659574468085,0.5783132530120483,0.217391304347826,0.3280918949906568,0.1971008165607045,0.2916666666666666,0.9583333333333331,0.1627906976744186,0.1620553359683794,0.2608695652173913,0.3913043478260869,-0.6741237228186902,-0.428805224277049,-0.1124160362529128,-0.343060681303428,1.0,1.0,0.8009226986988794,-1.2608886483974704,-0.9497427944244294,0.0865384615384615,0.1181818181818181,0.0727272727272727,0.1203703703703703,0.108263608492416,-0.0081178081999676,0.1212121212121212,0.088235294117647,1,2,0.0833333333333333,0.0857142857142857,0.0333333333333333,0.2727272727272727,0,2,1.3084222078323364,1.039542555809021
1.0,0.9946745562130176,0.2127659574468085,0.4698795180722891,0.217391304347826,0.3280918949906568,0.1971008165607045,0.3333333333333333,0.3958333333333333,0.1627906976744186,0.1620553359683794,0.782608695652174,0.5217391304347826,0.1303040099696308,-0.9550915957491576,0.1200616396512995,-0.4362856828031928,3.0,0.0,-1.1628133783213062,1.0609613108719451,1.202061851459821,0.0769230769230769,0.0727272727272727,0.1454545454545454,0.0925925925925925,-0.665524191598095,-0.1775551251281732,0.0,0.088235294117647,4,1,0.1111111111111111,0.0857142857142857,0.0333333333333333,0.2727272727272727,1,2,1.6889015436172485,0.9428869485855103
1.0,0.9946745562130176,0.2127659574468085,0.036144578313253,0.217391304347826,0.3280918949906568,0.1971008165607045,0.375,0.0416666666666666,0.1627906976744186,0.1620553359683794,0.0869565217391304,0.217391304347826,-0.7058098196031273,0.098609638145265,-0.0322304681947919,-0.7119003169962296,3.0,0.0,-0.6344591107512245,0.0581879304310744,0.2748330649591438,0.0865384615384615,0.1272727272727272,0.0636363636363636,0.074074074074074,0.194240030724695,0.5001941425846489,0.1212121212121212,0.1470588235294117,2,1,0.0277777777777777,0.0571428571428571,0.0333333333333333,0.2727272727272727,1,2,1.51004159450531,0.9312058687210083
1.0,0.9946745562130176,0.2127659574468085,0.5301204819277109,0.217391304347826,0.3280918949906568,0.1971008165607045,0.4583333333333333,0.2708333333333333,0.1627906976744186,0.1620553359683794,0.1739130434782608,0.3478260869565217,0.3322144852958103,0.6898722400864389,-0.04302698182486,0.1195764613549228,3.0,1.0,-0.5973954145480654,-0.3714349085548058,0.3936786493353707,0.125,0.0636363636363636,0.0818181818181818,0.0648148148148148,0.3661928751892531,-0.0081178081999676,0.1515151515151515,0.0588235294117647,1,4,0.0555555555555555,0.0571428571428571,0.0333333333333333,0.2727272727272727,1,2,1.4609119892120361,0.9292380213737488
1.0,0.9946745562130176,0.2127659574468085,0.8674698795180723,0.217391304347826,0.3280918949906568,0.1971008165607045,0.8541666666666666,1.0,0.1627906976744186,0.1620553359683794,0.6956521739130435,0.8260869565217391,0.4731157386234731,0.3358547684095887,-0.580176758212922,2.5893815264237306e-15,2.0,0.0,-0.9212770412297816,0.4258240921077591,0.8046437071654308,0.0961538461538461,0.0909090909090909,0.1181818181818181,0.1388888888888889,-0.2356420804366999,-0.4317111005204815,0.0303030303030303,0.0294117647058823,4,3,0.0833333333333333,0.1142857142857142,0.0333333333333333,0.2727272727272727,1,2,1.5687905550003052,0.9364072680473328
1.0,0.9947928994082836,0.2127659574468085,0.0,0.217391304347826,0.3280918949906568,0.1971008165607045,0.6875,0.5416666666666666,0.1627906976744186,0.1620553359683794,0.0,0.3043478260869565,1.0372124660499784,0.5801310657131014,0.0884758237563281,-0.0402226603643458,2.0,1.0,-1.1628133783213062,1.5183439094408548,0.9703918377614016,0.1634615384615384,0.1181818181818181,0.0727272727272727,0.1111111111111111,0.7960749863506482,0.076600850264135,0.1818181818181818,0.088235294117647,1,2,0.0277777777777777,0.0857142857142857,0.0666666666666666,0.2727272727272727,1,2,1.6407530307769775,0.9237806797027588
1.0,0.9947928994082836,0.2127659574468085,0.710843373493976,0.217391304347826,0.3280918949906568,0.1971008165607045,0.7916666666666666,0.4375,0.1627906976744186,0.1620553359683794,0.4782608695652174,0.1304347826086956,0.2677449249445104,1.1787781841871896,-1.6264589190656924,0.1554254576072724,3.0,0.0,2.0674230151064275,-0.7686978793825137,-1.6298477119947157,0.0576923076923076,0.1181818181818181,0.0909090909090909,0.0462962962962962,-0.3216185026689789,0.6696314595128544,0.0606060606060606,0.1176470588235294,2,2,0.1111111111111111,0.0285714285714285,0.0666666666666666,0.2727272727272727,1,0,1.1747171878814697,1.1089928150177002
1.0,0.9949112426035502,0.2340425531914893,0.3012048192771084,0.217391304347826,0.3280918949906568,0.1971008165607045,0.9375,0.3333333333333333,0.1627906976744186,0.1620553359683794,0.0869565217391304,0.8260869565217391,0.7338620511620348,0.1577808818211351,-0.0508797361788803,0.160166846399134,4.0,1.0,0.1250425304829062,-0.9216430126275929,-0.4611938407198777,0.1057692307692307,0.0999999999999999,0.0545454545454545,0.1481481481481481,0.452169297421532,-0.4317111005204815,0.1515151515151515,0.0294117647058823,2,4,0.0555555555555555,0.1142857142857142,0.1,0.2727272727272727,1,2,1.4348944425582886,0.9843077063560486
1.0,0.9950295857988164,0.2340425531914893,0.8072289156626506,0.217391304347826,0.3280918949906568,0.1971008165607045,0.0833333333333333,0.0416666666666666,0.1627906976744186,0.1620553359683794,0.5217391304347826,0.0434782608695652,0.6902014760791123,0.0984962402272131,0.3818639450231136,-0.7119003169962296,2.0,1.0,0.0441643929711289,-0.6930545503312608,-0.4687695980760509,0.1153846153846153,0.1272727272727272,0.0999999999999999,0.1018518518518518,0.108263608492416,0.2460381671923406,0.0909090909090909,0.1470588235294117,2,1,0.1111111111111111,0.0857142857142857,0.1333333333333333,0.2727272727272727,1,2,1.4096956253051758,1.0763698816299438
1.0,0.9950295857988164,0.2340425531914893,0.0240963855421686,0.217391304347826,0.3280918949906568,0.1971008165607045,0.25,0.3958333333333333,0.1627906976744186,0.1620553359683794,0.6086956521739131,0.3913043478260869,-0.394312104228098,-0.9550693625682593,0.3835589696030061,-0.4362856828031928,1.0,1.0,0.6146052863139619,-0.7182083572767156,-0.9761820138244468,0.0865384615384615,0.0727272727272727,0.1363636363636363,0.1203703703703703,-0.4935713471335369,-0.4317111005204815,0.0303030303030303,0.088235294117647,4,1,0.0833333333333333,0.1142857142857142,0.1333333333333333,0.2727272727272727,0,2,1.345107913017273,1.0313700437545776
1.0,0.9950295857988164,0.2340425531914893,0.9759036144578314,0.217391304347826,0.3280918949906568,0.1971008165607045,0.2708333333333333,0.5833333333333333,0.1627906976744186,0.1620553359683794,0.4347826086956522,0.4782608695652174,0.6733792345562454,0.4511769965866881,0.0786598294833466,0.3487620591838878,0.0,1.0,0.0114542414871538,-1.0508253591272612,-0.3204713156955137,0.0769230769230769,0.0727272727272727,0.0909090909090909,0.0925925925925925,-0.1496656582044209,-0.1775551251281732,0.0606060606060606,0.0588235294117647,4,3,0.0833333333333333,0.1142857142857142,0.1333333333333333,0.2727272727272727,-1,2,1.3785450458526611,1.0109201669692993
1.0,0.9950295857988164,0.2340425531914893,0.5783132530120483,0.217391304347826,0.3280918949906568,0.1971008165607045,0.2916666666666666,0.4583333333333333,0.1627906976744186,0.1620553359683794,0.2608695652173913,0.1304347826086956,-0.673961461137835,0.3578478364169469,-0.1124160362529128,0.0002745635450137,1.0,1.0,1.3098285766897175,-1.2608886483974704,-1.2337620407890717,0.0961538461538461,0.1454545454545454,0.0818181818181818,0.0925925925925925,0.108263608492416,0.5001941425846489,0.1212121212121212,0.1764705882352941,2,1,0.0833333333333333,0.0571428571428571,0.1333333333333333,0.2727272727272727,0,2,1.304570198059082,1.0787758827209473
1.0,0.9950295857988164,0.2340425531914893,0.036144578313253,0.217391304347826,0.3280918949906568,0.1971008165607045,0.375,0.6875,0.1627906976744186,0.1620553359683794,0.217391304347826,0.0,-0.7054364801550187,1.06267749800459,-0.0322304681947919,0.1292000740789988,1.0,2.0,0.6146052863139619,-0.9216430126275929,-0.923514248333601,0.1153846153846153,0.1727272727272727,0.0636363636363636,0.0833333333333333,0.452169297421532,0.83906877644106,0.1515151515151515,0.2058823529411764,2,1,0.0277777777777777,0.0285714285714285,0.1333333333333333,0.2727272727272727,-1,2,1.356104850769043,1.0924299955368042
1.0,0.9950295857988164,0.2340425531914893,0.5301204819277109,0.217391304347826,0.3280918949906568,0.1971008165607045,0.4375,0.8541666666666666,0.1627906976744186,0.1620553359683794,0.1739130434782608,0.6521739130434783,1.157499750513906,0.5022269104215358,0.115225467772681,-0.5263477305420222,3.0,1.0,-1.525618051834204,2.4705302901583264,2.2656255804870957,0.125,0.109090909090909,0.0727272727272727,0.1203703703703703,0.452169297421532,-0.0928364666640704,0.1212121212121212,0.0588235294117647,2,4,0.0555555555555555,0.0857142857142857,0.1333333333333333,0.2727272727272727,1,2,1.7421530485153198,0.8727343678474426
1.0,0.9950295857988164,0.2340425531914893,0.8433734939759037,0.217391304347826,0.3280918949906568,0.1971008165607045,0.9583333333333331,0.1666666666666666,0.1627906976744186,0.1620553359683794,0.3478260869565217,0.6956521739130435,-0.4503341846618029,-0.1954489359093858,-0.3932256955276284,0.1076684920328081,1.0,2.0,-0.3451574802028851,-0.2744290714194711,-0.1234753098305023,0.1346153846153846,0.1272727272727272,0.1272727272727272,0.1666666666666666,0.022287186260137,-0.3469924420563787,0.0909090909090909,0.088235294117647,3,0,0.0833333333333333,0.1428571428571428,0.1333333333333333,0.2727272727272727,-1,2,1.5176907777786255,1.0064570903778076
1.0,0.9951479289940828,0.2340425531914893,0.1325301204819277,0.217391304347826,0.3280918949906568,0.1971008165607045,0.5416666666666666,1.0,0.1627906976744186,0.1620553359683794,0.3043478260869565,0.782608695652174,0.558696514855703,0.3358547684095887,-0.0843337685133374,2.5893815264237306e-15,0.0,0.0,-0.8238860209011809,0.6492132711410479,0.4857592023276227,0.1346153846153846,0.0909090909090909,0.1272727272727272,0.1574074074074073,0.022287186260137,-0.6011484174486871,0.0909090909090909,0.0294117647058823,2,3,0.1111111111111111,0.1428571428571428,0.1666666666666666,0.2727272727272727,0,2,1.5616296529769897,0.9263737797737122
1.0,0.9951479289940828,0.2340425531914893,0.5301204819277109,0.217391304347826,0.3280918949906568,0.1971008165607045,0.9791666666666666,0.7916666666666666,0.1627906976744186,0.1620553359683794,0.7391304347826086,0.5652173913043479,0.3379507302769394,0.2918459413105013,2.641144751217104e-15,-1.5521240335978803,0.0,1.0,-0.0545957856764702,-0.4693473554356376,-0.4235744013296885,0.0961538461538461,0.0818181818181818,0.1181818181818181,0.0925925925925925,-0.2356420804366999,-0.0928364666640704,0.0303030303030303,0.088235294117647,3,2,0.1111111111111111,0.1142857142857142,0.1666666666666666,0.2727272727272727,-1,2,1.4614981412887573,1.0239814519882202
1.0,0.9957396449704145,0.2553191489361702,0.5903614457831325,0.217391304347826,0.3280918949906568,0.1971008165607045,0.3958333333333333,0.9375,0.1627906976744186,0.1620553359683794,0.4782608695652174,0.1304347826086956,-0.9543787886269062,0.7602301391596572,-0.4883143183824354,-0.0074242863746937,2.0,0.0,1.193762381194773,-1.1291063377300967,-1.2051801090961558,0.0865384615384615,0.1363636363636363,0.1272727272727272,0.0648148148148148,-0.4075949249012579,0.6696314595128544,0.0909090909090909,0.1764705882352941,2,2,0.1111111111111111,0.0571428571428571,0.3333333333333333,0.2727272727272727,1,2,1.3009611368179321,1.079924464225769
1.0,0.9957396449704145,0.2553191489361702,0.5301204819277109,0.217391304347826,0.3280918949906568,0.1971008165607045,0.9791666666666666,0.375,0.1627906976744186,0.1620553359683794,0.782608695652174,0.0869565217391304,0.3379507302769394,-0.6770279216045114,2.641144751217104e-15,0.0108594786393483,1.0,2.0,0.0604419153646142,-0.3714349085548058,-0.5924147492674755,0.0961538461538461,0.1181818181818181,0.1272727272727272,0.0833333333333333,-0.3216185026689789,0.3307568256564434,0.0303030303030303,0.1470588235294117,3,2,0.1388888888888889,0.0571428571428571,0.3333333333333333,0.2727272727272727,-1,2,1.3868094682693481,1.1034842729568481
1.0,0.9957396449704145,0.2553191489361702,0.5301204819277109,0.217391304347826,0.3280918949906568,0.1971008165607045,1.0,0.9583333333333331,0.1627906976744186,0.1620553359683794,0.8260869565217391,0.3043478260869565,0.3379507302769394,-0.4264314654526526,2.641144751217104e-15,-0.343060681303428,1.0,1.0,1.0750209303695433,-0.6179534720272628,-1.2625943283557728,0.0961538461538461,0.1363636363636363,0.1545454545454545,0.1481481481481481,-0.579547769365816,-0.0928364666640704,0.0303030303030303,0.088235294117647,4,3,0.1388888888888889,0.1142857142857142,0.3333333333333333,0.2727272727272727,0,2,1.3460593223571777,1.080483317375183
1.0,0.9958579881656804,0.2553191489361702,0.0963855421686747,0.217391304347826,0.3280918949906568,0.1971008165607045,0.0416666666666666,0.25,0.1627906976744186,0.1620553359683794,0.1739130434782608,0.7391304347826086,0.0781785035744546,-0.3636818545960744,-0.7694386475047404,0.4184999491662236,2.0,0.0,-1.245909237057441,1.497981307189877,1.260883549417025,0.1442307692307692,0.0909090909090909,0.1181818181818181,0.1481481481481481,0.194240030724695,-0.5164297589845843,0.1515151515151515,0.0294117647058823,1,5,0.1111111111111111,0.0857142857142857,0.3666666666666667,0.2727272727272727,1,2,1.6968655586242676,0.9405983686447144
1.0,0.9958579881656804,0.2553191489361702,0.746987951807229,0.217391304347826,0.3280918949906568,0.1971008165607045,0.1666666666666666,0.2916666666666666,0.1627906976744186,0.1620553359683794,0.6086956521739131,0.2608695652173913,-0.219979149546205,-0.6409676367876889,0.0665138130111448,-0.0677545498116896,2.0,2.0,-0.5240584957145404,-0.2503173103505782,0.1890119809757278,0.1538461538461538,0.0999999999999999,0.1727272727272727,0.0925925925925925,-0.2356420804366999,0.076600850264135,0.1212121212121212,0.1176470588235294,0,3,0.1388888888888889,0.0857142857142857,0.3666666666666667,0.2727272727272727,0,2,1.4753398895263672,0.9365314841270447
1.0,0.9958579881656804,0.2553191489361702,0.9759036144578314,0.217391304347826,0.3280918949906568,0.1971008165607045,0.2708333333333333,0.6875,0.1627906976744186,0.1620553359683794,0.5652173913043479,0.0,0.6746249156736289,1.0630327844883476,0.0786598294833466,0.1292000740789988,0.0,0.0,0.8429787000162084,-1.3675211776985083,-0.923514248333601,0.0769230769230769,0.1909090909090909,0.0999999999999999,0.0925925925925925,-0.2356420804366999,0.9237874349051628,0.0606060606060606,0.2352941176470588,4,1,0.1111111111111111,0.0285714285714285,0.3666666666666667,0.2727272727272727,0,2,1.3033931255340576,1.1055777072906494
1.0,0.9958579881656804,0.2553191489361702,0.4698795180722891,0.217391304347826,0.3280918949906568,0.1971008165607045,0.3333333333333333,0.7916666666666666,0.1627906976744186,0.1620553359683794,0.6956521739130435,0.4347826086956522,0.1336502045368988,0.2921727967602869,0.1200616396512995,-1.5521240335978803,2.0,1.0,-0.3451574802028851,-0.3228197143115979,-0.0760148463839867,0.1153846153846153,0.0909090909090909,0.1818181818181818,0.0925925925925925,-0.665524191598095,-0.0081178081999676,0.0303030303030303,0.1176470588235294,4,2,0.1388888888888889,0.1142857142857142,0.3666666666666667,0.2727272727272727,1,2,1.4788707494735718,1.0410497188568115
1.0,0.9958579881656804,0.2553191489361702,0.5301204819277109,0.217391304347826,0.3280918949906568,0.1971008165607045,0.4583333333333333,0.4375,0.1627906976744186,0.1620553359683794,0.0434782608695652,0.217391304347826,0.3342412299932414,1.1802746630257803,-0.04302698182486,0.1554254576072724,1.0,2.0,1.34794341060196,-1.1029476336029211,-1.2916813964334075,0.1634615384615384,0.1454545454545454,0.0999999999999999,0.0833333333333333,0.5381457196538111,0.5849128010487517,0.1818181818181818,0.1470588235294117,2,2,0.0555555555555555,0.0571428571428571,0.3666666666666667,0.2727272727272727,-1,2,1.3488730192184448,1.0609267950057983
1.0,0.9958579881656804,0.2553191489361702,0.2409638554216867,0.217391304347826,0.3280918949906568,0.1971008165607045,0.5833333333333333,0.5416666666666666,0.1627906976744186,0.1620553359683794,0.6521739130434783,0.3913043478260869,0.434946983469426,0.5826518402765744,0.3124269791225654,-0.0402226603643458,0.0,0.0,-0.6530914332367731,0.0815470383468714,0.3169188543898358,0.0865384615384615,0.1272727272727272,0.0909090909090909,0.1296296296296296,-0.0636892359721419,-0.0081178081999676,0.0909090909090909,0.088235294117647,3,3,0.1111111111111111,0.1142857142857142,0.3666666666666667,0.2727272727272727,0,2,1.4923458099365234,0.9361942410469055
1.0,0.9958579881656804,0.2553191489361702,0.8674698795180723,0.217391304347826,0.3280918949906568,0.1971008165607045,0.8541666666666666,0.0833333333333333,0.1627906976744186,0.1620553359683794,0.5217391304347826,0.3478260869565217,0.4738549424584152,0.70708396963507,-0.580176758212922,0.4168381450064988,1.0,0.0,0.0766681698861375,-0.7434227029254181,-0.4916020488248334,0.125,0.1272727272727272,0.1454545454545454,0.1111111111111111,-0.2356420804366999,0.1613195087282378,0.0606060606060606,0.1176470588235294,4,2,0.1111111111111111,0.1142857142857142,0.3666666666666667,0.2727272727272727,1,2,1.3782563209533691,1.0148650407791138
1.0,0.996568047337278,0.2765957446808511,0.0240963855421686,0.217391304347826,0.3280918949906568,0.1971008165607045,0.25,0.1666666666666666,0.1627906976744186,0.1620553359683794,0.6956521739130435,0.3913043478260869,-0.3940956295827933,-0.1936209540252446,0.3835589696030061,0.1076684920328081,1.0,4.0,1.8539032535944813,-0.1068006063244312,-1.6623850291631883,0.0961538461538461,0.1636363636363636,0.1636363636363636,0.1944444444444444,-0.665524191598095,-0.262273783592276,0.0303030303030303,0.1176470588235294,5,1,0.1111111111111111,0.1428571428571428,0.5666666666666667,0.2727272727272727,-1,0,1.1837908029556274,1.140676736831665
1.0,0.996568047337278,0.2765957446808511,0.8433734939759037,0.217391304347826,0.3280918949906568,0.1971008165607045,0.9583333333333331,0.9375,0.1627906976744186,0.1620553359683794,0.4782608695652174,0.0434782608695652,-0.4470537299936075,0.7616599051798227,-0.3932256955276284,-0.0074242863746937,2.0,1.0,-0.0214649219672212,-0.6429273946042767,-0.3937853734224945,0.1538461538461538,0.1363636363636363,0.1545454545454545,0.0833333333333333,-0.0636892359721419,0.5001941425846489,0.0909090909090909,0.1764705882352941,4,2,0.1111111111111111,0.0857142857142857,0.5666666666666667,0.2727272727272727,1,2,1.4280834197998047,1.0816277265548706
1.0,0.9966863905325444,0.2765957446808511,0.5783132530120483,0.217391304347826,0.3280918949906568,0.1971008165607045,0.2916666666666666,0.0833333333333333,0.1627906976744186,0.1620553359683794,0.2608695652173913,0.3043478260869565,-0.6727449419371567,0.7070738753707174,-0.1124160362529128,0.4168381450064988,2.0,0.0,0.1570415870942253,-0.8704128100053846,-0.5069121467431923,0.125,0.1272727272727272,0.109090909090909,0.1203703703703703,0.108263608492416,0.076600850264135,0.1212121212121212,0.1176470588235294,4,2,0.0833333333333333,0.1428571428571428,0.6,0.2727272727272727,1,2,1.3577696084976196,1.0140761137008667
1.0,0.9966863905325444,0.2765957446808511,0.4698795180722891,0.217391304347826,0.3280918949906568,0.1971008165607045,0.3333333333333333,0.5416666666666666,0.1627906976744186,0.1620553359683794,0.782608695652174,0.4347826086956522,0.135781471961357,0.5838520512054178,0.1200616396512995,-0.0402226603643458,2.0,0.0,-0.8432174940591176,0.4483785799578783,0.6137690738523607,0.1346153846153846,0.1272727272727272,0.1909090909090909,0.1296296296296296,-0.579547769365816,-0.0081178081999676,0.0606060606060606,0.088235294117647,4,4,0.1388888888888889,0.1142857142857142,0.6,0.2727272727272727,1,2,1.5222232341766357,0.9406201839447021
1.0,0.9966863905325444,0.2765957446808511,0.5903614457831325,0.217391304347826,0.3280918949906568,0.1971008165607045,0.3958333333333333,0.2708333333333333,0.1627906976744186,0.1620553359683794,0.5652173913043479,0.6521739130434783,-0.9519076674382608,0.6940856054065763,-0.4883143183824354,0.1195764613549228,0.0,0.0,0.7157665193787079,-1.2343992396960164,-0.8716759310311647,0.1057692307692307,0.0727272727272727,0.1272727272727272,0.1018518518518518,-0.2356420804366999,-0.262273783592276,0.1212121212121212,0.0588235294117647,2,5,0.1111111111111111,0.1142857142857142,0.6,0.2727272727272727,0,2,1.3022326231002808,1.0432753562927246
1.0,0.9966863905325444,0.2765957446808511,0.5301204819277109,0.217391304347826,0.3280918949906568,0.1971008165607045,0.4375,0.375,0.1627906976744186,0.1620553359683794,0.1304347826086956,0.1739130434782608,1.159413812640427,-0.675717626464062,0.115225467772681,0.0108594786393483,2.0,0.0,-1.3091226872144894,2.130720321626321,1.405643649967396,0.173076923076923,0.1363636363636363,0.0909090909090909,0.0925925925925925,0.7100985641183691,0.4154754841205461,0.1818181818181818,0.1764705882352941,2,2,0.0555555555555555,0.0571428571428571,0.6,0.2727272727272727,1,2,1.667911410331726,0.9210793375968933
1.0,0.9966863905325444,0.2765957446808511,0.2409638554216867,0.217391304347826,0.3280918949906568,0.1971008165607045,0.5833333333333333,0.9791666666666666,0.1627906976744186,0.1620553359683794,0.5217391304347826,0.8260869565217391,0.4362784866143414,0.3358547684095887,0.3124269791225654,2.5893815264237306e-15,1.0,2.0,-0.4338314688449361,-0.1305839435759947,0.0234387947139002,0.0865384615384615,0.0999999999999999,0.0909090909090909,0.1481481481481481,-0.0636892359721419,-0.4317111005204815,0.0909090909090909,0.0294117647058823,4,3,0.1111111111111111,0.1714285714285714,0.6,0.2727272727272727,-1,2,1.5127383470535278,0.9316616654396057
1.0,0.9966863905325444,0.2765957446808511,0.0,0.217391304347826,0.3280918949906568,0.1971008165607045,0.6875,0.0416666666666666,0.1627906976744186,0.1620553359683794,0.0,0.217391304347826,1.0392183058321636,0.1009599825816215,0.0884758237563281,-0.7119003169962296,1.0,0.0,-1.040629828196984,0.737252071242866,1.0716818332267446,0.2019230769230769,0.1545454545454545,0.0909090909090909,0.1203703703703703,0.9680278308152062,0.3307568256564434,0.2424242424242424,0.1764705882352941,2,1,0.0277777777777777,0.1142857142857142,0.6,0.2727272727272727,1,2,1.6374638080596924,0.9328189492225647
1.0,0.9966863905325444,0.2765957446808511,0.710843373493976,0.217391304347826,0.3280918949906568,0.1971008165607045,0.7916666666666666,1.0,0.1627906976744186,0.1620553359683794,0.3478260869565217,0.7391304347826086,0.2716920076910885,0.3358547684095887,-1.6264589190656924,2.5893815264237306e-15,4.0,2.0,-1.18346202941712,1.312914669493756,1.260883549417025,0.1057692307692307,0.0999999999999999,0.109090909090909,0.1666666666666666,-0.0636892359721419,-0.6011484174486871,0.1212121212121212,0.0294117647058823,2,5,0.1388888888888889,0.1428571428571428,0.6,0.2727272727272727,1,2,1.7060961723327637,0.9396578669548035
1.0,0.9966863905325444,0.2765957446808511,0.8674698795180723,0.217391304347826,0.3280918949906568,0.1971008165607045,0.8541666666666666,0.4583333333333333,0.1627906976744186,0.1620553359683794,0.6086956521739131,0.0869565217391304,0.4743151358267278,0.3602158171357559,-0.580176758212922,0.0002745635450137,2.0,3.0,0.1410669028165541,-0.6679609920828745,-0.5610653207061289,0.1346153846153846,0.1636363636363636,0.1454545454545454,0.1203703703703703,-0.1496656582044209,0.4154754841205461,0.0909090909090909,0.1764705882352941,4,2,0.1111111111111111,0.0857142857142857,0.6,0.2727272727272727,-1,2,1.3593506813049316,1.076181173324585
1.0,0.997396449704142,0.2978723404255319,0.746987951807229,0.217391304347826,0.3280918949906568,0.1971008165607045,0.1666666666666666,0.5833333333333333,0.1627906976744186,0.1620553359683794,0.4347826086956522,0.5652173913043479,-0.2179747415392057,0.4549629966770881,0.0665138130111448,0.3487620591838878,2.0,2.0,0.5411114358036283,-0.6679609920828745,-0.9497427944244294,0.2115384615384615,0.0909090909090909,0.1999999999999999,0.1111111111111111,0.022287186260137,-0.1775551251281732,0.1515151515151515,0.088235294117647,1,4,0.1388888888888889,0.1428571428571428,0.8,0.2727272727272727,0,2,1.3416012525558472,1.038043737411499
1.0,0.997396449704142,0.2978723404255319,0.036144578313253,0.217391304347826,0.3280918949906568,0.1971008165607045,0.375,0.8541666666666666,0.1627906976744186,0.1620553359683794,0.1739130434782608,0.6086956521739131,-0.7017249738505892,0.5038312372034914,-0.0322304681947919,-0.5263477305420222,2.0,2.0,-0.98060781080609,0.9111408027685832,0.7105897337793636,0.1442307692307692,0.1454545454545454,0.109090909090909,0.1759259259259259,0.280216452956974,-0.262273783592276,0.1818181818181818,0.088235294117647,2,4,0.0833333333333333,0.1428571428571428,0.8,0.2727272727272727,0,2,1.6335397958755493,0.9319474101066589
1.0,0.997396449704142,0.2978723404255319,0.5301204819277109,0.217391304347826,0.3280918949906568,0.1971008165607045,1.0,0.3333333333333333,0.1627906976744186,0.1620553359683794,0.7391304347826086,0.6956521739130435,0.3379507302769394,0.1643447798894907,2.641144751217104e-15,0.160166846399134,0.0,1.0,1.021355533113248,-0.4202767478793102,-1.2916813964334075,0.125,0.1454545454545454,0.1999999999999999,0.1944444444444444,-0.7515006138303739,-0.4317111005204815,0.0303030303030303,0.088235294117647,5,4,0.1666666666666666,0.1428571428571428,0.8,0.2727272727272727,-1,2,1.3434054851531982,1.0681335926055908
1.0,0.9975147928994086,0.2978723404255319,0.0963855421686747,0.217391304347826,0.3280918949906568,0.1971008165607045,0.0416666666666666,0.3958333333333333,0.1627906976744186,0.1620553359683794,0.217391304347826,0.3913043478260869,0.0812342840756767,-0.944088079412802,-0.7694386475047404,-0.4362856828031928,3.0,1.0,-0.98060781080609,0.4258240921077591,1.0045026623745992,0.1634615384615384,0.0999999999999999,0.1272727272727272,0.1296296296296296,0.280216452956974,-0.262273783592276,0.1818181818181818,0.1176470588235294,1,3,0.1388888888888889,0.1142857142857142,0.8333333333333334,0.2727272727272727,1,2,1.5442450046539307,0.9280661344528198
1.0,0.9975147928994086,0.2978723404255319,0.9759036144578314,0.217391304347826,0.3280918949906568,0.1971008165607045,0.2708333333333333,0.9583333333333331,0.1627906976744186,0.1620553359683794,0.6521739130434783,0.5217391304347826,0.6773146728948489,-0.4231798744254581,0.0786598294833466,-0.343060681303428,1.0,0.0,0.0114542414871538,-0.59303894052313,-0.4687695980760509,0.0769230769230769,0.1636363636363636,0.0999999999999999,0.1666666666666666,-0.2356420804366999,-0.0081178081999676,0.0606060606060606,0.1176470588235294,6,4,0.1111111111111111,0.1142857142857142,0.8333333333333334,0.2727272727272727,1,2,1.413048505783081,1.0082314014434814
1.0,0.9975147928994086,0.2978723404255319,0.1325301204819277,0.217391304347826,0.3280918949906568,0.1971008165607045,0.5416666666666666,0.2916666666666666,0.1627906976744186,0.1620553359683794,0.4782608695652174,0.2608695652173913,0.5640670760504167,-0.6398178430954014,-0.0843337685133374,-0.0677545498116896,1.0,0.0,-0.4517509010041132,-0.4447833217673027,0.1008933122550985,0.1346153846153846,0.1363636363636363,0.1454545454545454,0.1111111111111111,-0.1496656582044209,0.2460381671923406,0.0909090909090909,0.1470588235294117,4,4,0.1388888888888889,0.0857142857142857,0.8333333333333334,0.2727272727272727,1,2,1.4867805242538452,0.936159610748291
1.0,0.9975147928994086,0.2978723404255319,0.710843373493976,0.217391304347826,0.3280918949906568,0.1971008165607045,0.7916666666666666,0.6875,0.1627906976744186,0.1620553359683794,0.3478260869565217,0.0,0.2731188817656871,1.0646249758423645,-1.6264589190656924,0.1292000740789988,0.0,1.0,0.9943117358328,-0.7940341808724144,-1.1957076849526804,0.1442307692307692,0.1999999999999999,0.1272727272727272,0.0925925925925925,0.108263608492416,1.0085060933692656,0.1515151515151515,0.2647058823529412,2,2,0.1388888888888889,0.0285714285714285,0.8333333333333334,0.2727272727272727,-1,2,1.3432540893554688,1.1231526136398315
1.0,0.9975147928994086,0.2978723404255319,0.3012048192771084,0.217391304347826,0.3280918949906568,0.1971008165607045,0.9375,0.9791666666666666,0.1627906976744186,0.1620553359683794,0.0869565217391304,0.8260869565217391,0.7396302466629664,0.3358547684095887,-0.0508797361788803,2.5893815264237306e-15,1.0,0.0,-0.3101108719071423,-0.3958273655809532,-0.1166532035164105,0.1538461538461538,0.1181818181818181,0.0999999999999999,0.1574074074074073,0.452169297421532,-0.3469924420563787,0.1818181818181818,0.0588235294117647,2,3,0.1111111111111111,0.1714285714285714,0.8333333333333334,0.2727272727272727,1,2,1.5377808809280396,0.9844741225242615
1.0,0.9976331360946746,0.2978723404255319,0.8072289156626506,0.217391304347826,0.3280918949906568,0.1971008165607045,0.0833333333333333,0.4375,0.1627906976744186,0.1620553359683794,0.3043478260869565,0.0434782608695652,0.6936366948426256,1.1821586858982216,0.3818639450231136,0.1554254576072724,0.0,4.0,2.992014433153636,0.0347766233480473,-1.982660460506242,0.1346153846153846,0.1818181818181818,0.1363636363636363,0.0925925925925925,-0.0636892359721419,0.83906877644106,0.1212121212121212,0.2058823529411764,2,2,0.1666666666666666,0.0571428571428571,0.8666666666666667,0.2727272727272727,-1,0,1.1846706867218018,1.2430715560913086
1.0,0.9976331360946746,0.2978723404255319,0.5301204819277109,0.217391304347826,0.3280918949906568,0.1971008165607045,0.4583333333333333,0.25,0.1627906976744186,0.1620553359683794,0.1304347826086956,0.782608695652174,0.3373467578027735,-0.3630428858526112,-0.04302698182486,0.4184999491662236,2.0,1.0,-1.637375830112444,3.5799167406558463,2.4142441444767213,0.2019230769230769,0.0999999999999999,0.1363636363636363,0.2037037037037037,0.5381457196538111,-0.940023051305098,0.2121212121212121,0.0294117647058823,2,5,0.0833333333333333,0.1428571428571428,0.8666666666666667,0.2727272727272727,1,2,1.8067857027053833,0.8902552723884583
1.0,0.9982248520710058,0.3191489361702128,0.746987951807229,0.217391304347826,0.3280918949906568,0.1971008165607045,0.1666666666666666,1.0,0.1627906976744186,0.1620553359683794,0.3478260869565217,0.782608695652174,-0.2170377550984047,0.3358547684095887,0.0665138130111448,2.5893815264237306e-15,1.0,2.0,-1.1013593905706476,1.1666792166131024,0.9556640050559816,0.2307692307692307,0.1181818181818181,0.2181818181818181,0.2129629629629629,0.022287186260137,-0.8553043928409952,0.1515151515151515,0.0294117647058823,2,5,0.1388888888888889,0.1999999999999999,0.0333333333333333,0.3636363636363636,-1,2,1.6326689720153809,0.933424711227417
1.0,0.9982248520710058,0.3191489361702128,0.5903614457831325,0.217391304347826,0.3280918949906568,0.1971008165607045,0.3958333333333333,0.2916666666666666,0.1627906976744186,0.1620553359683794,0.4347826086956522,0.2608695652173913,-0.94761173271347,-0.6388012074521692,-0.4883143183824354,-0.0677545498116896,4.0,1.0,0.0441643929711289,-1.1029476336029211,-0.3350040771310876,0.1153846153846153,0.1363636363636363,0.1545454545454545,0.1203703703703703,-0.4075949249012579,0.1613195087282378,0.1212121212121212,0.1470588235294117,3,4,0.1388888888888889,0.1142857142857142,0.0333333333333333,0.3636363636363636,1,2,1.3861706256866455,1.0091968774795532
1.0,0.9982248520710058,0.3191489361702128,0.0,0.217391304347826,0.3280918949906568,0.1971008165607045,0.6875,0.8541666666666666,0.1627906976744186,0.1620553359683794,0.0,0.6086956521739131,1.0407343572231793,0.5047219254728752,0.0884758237563281,-0.5263477305420222,1.0,1.0,-1.060793578209874,0.7591466571844859,1.1328582138649903,0.2211538461538461,0.1636363636363636,0.0909090909090909,0.1944444444444444,1.139980675279764,-0.262273783592276,0.303030303030303,0.088235294117647,2,5,0.0277777777777777,0.1428571428571428,0.0333333333333333,0.3636363636363636,0,2,1.7166997194290161,0.9155857563018799
1.0,0.9983431952662722,0.3191489361702128,0.0963855421686747,0.217391304347826,0.3280918949906568,0.1971008165607045,0.0416666666666666,0.5416666666666666,0.1627906976744186,0.1620553359683794,0.217391304347826,0.5217391304347826,0.0825119815337567,0.5875066678544567,-0.7694386475047404,-0.0402226603643458,0.0,0.0,-0.7283019887119154,-0.2262609150274557,0.5863612126053239,0.1923076923076923,0.1363636363636363,0.1363636363636363,0.1481481481481481,0.452169297421532,-0.0928364666640704,0.2121212121212121,0.1176470588235294,1,4,0.1388888888888889,0.1428571428571428,0.0666666666666666,0.3636363636363636,0,2,1.489093542098999,0.9175054430961609
1.0,0.9983431952662722,0.3191489361702128,0.0240963855421686,0.217391304347826,0.3280918949906568,0.1971008165607045,0.25,0.7916666666666666,0.1627906976744186,0.1620553359683794,0.8260869565217391,0.3043478260869565,-0.3938248810983135,0.2970345355165641,0.3835589696030061,-1.5521240335978803,1.0,2.0,2.449214804282041,-0.2262609150274557,-1.830078255598412,0.1153846153846153,0.1363636363636363,0.2181818181818181,0.1388888888888889,-1.0094298805272108,-0.0081178081999676,0.0303030303030303,0.1470588235294117,5,2,0.1666666666666666,0.1714285714285714,0.0666666666666666,0.3636363636363636,-1,0,1.161855697631836,1.1645973920822144
1.0,0.9983431952662722,0.3191489361702128,0.4698795180722891,0.217391304347826,0.3280918949906568,0.1971008165607045,0.3333333333333333,0.0833333333333333,0.1627906976744186,0.1620553359683794,0.6521739130434783,0.4782608695652174,0.1404422098226459,0.7101593739254972,0.1200616396512995,0.4168381450064988,1.0,3.0,-0.5422950866216237,-0.3958273655809532,0.2808783653145138,0.1634615384615384,0.1272727272727272,0.1909090909090909,0.1759259259259259,-0.3216185026689789,-0.4317111005204815,0.1212121212121212,0.1176470588235294,4,2,0.1388888888888889,0.1999999999999999,0.0666666666666666,0.3636363636363636,-1,2,1.4585953950881958,0.940516471862793
1.0,0.9983431952662722,0.3191489361702128,0.5301204819277109,0.217391304347826,0.3280918949906568,0.1971008165607045,0.4375,0.9583333333333331,0.1627906976744186,0.1620553359683794,0.0434782608695652,0.3913043478260869,1.1612382220404325,-0.4221374227855153,0.115225467772681,-0.343060681303428,2.0,2.0,-1.3091226872144894,1.65978460918794,1.564813683763892,0.2307692307692307,0.1636363636363636,0.0909090909090909,0.1759259259259259,1.225957097512043,-0.0928364666640704,0.2424242424242424,0.1176470588235294,2,4,0.0555555555555555,0.1428571428571428,0.0666666666666666,0.3636363636363636,0,2,1.7357443571090698,0.9112101793289185
1.0,0.9983431952662722,0.3191489361702128,0.2409638554216867,0.217391304347826,0.3280918949906568,0.1971008165607045,0.5833333333333333,0.4583333333333333,0.1627906976744186,0.1620553359683794,0.5652173913043479,0.0869565217391304,0.4391503713486516,0.3628798849525051,0.3124269791225654,0.0002745635450137,2.0,0.0,0.0604419153646142,-0.7182083572767156,-0.4839736210344957,0.1153846153846153,0.209090909090909,0.1272727272727272,0.1481481481481481,-0.1496656582044209,0.5849128010487517,0.0909090909090909,0.2352941176470588,5,2,0.1388888888888889,0.0857142857142857,0.0666666666666666,0.3636363636363636,1,2,1.3838965892791748,1.0601059198379517
1.0,0.9983431952662722,0.3191489361702128,0.3012048192771084,0.217391304347826,0.3280918949906568,0.1971008165607045,0.9375,0.375,0.1627906976744186,0.1620553359683794,0.1304347826086956,0.1739130434782608,0.7411295557024759,-0.6734033141194373,-0.0508797361788803,0.0108594786393483,2.0,2.0,-0.2579839696756624,-0.178313208635131,-0.2772540850286735,0.1634615384615384,0.1545454545454545,0.0999999999999999,0.1296296296296296,0.5381457196538111,0.2460381671923406,0.2121212121212121,0.1764705882352941,2,3,0.1111111111111111,0.0857142857142857,0.0666666666666666,0.3636363636363636,0,2,1.4767646789550781,1.0036507844924927
1.0,0.9984615384615388,0.3191489361702128,0.5301204819277109,0.217391304347826,0.3280918949906568,0.1971008165607045,0.9791666666666666,0.2708333333333333,0.1627906976744186,0.1620553359683794,0.7391304347826086,0.6956521739130435,0.3379507302769394,0.6965030665726858,2.641144751217104e-15,0.1195764613549228,2.0,1.0,0.6582035568204213,-1.3675211776985083,-0.8375651064179669,0.125,0.0818181818181818,0.1636363636363636,0.1018518518518518,-0.4075949249012579,-0.1775551251281732,0.0606060606060606,0.088235294117647,3,6,0.1944444444444444,0.1142857142857142,0.1,0.3636363636363636,1,2,1.303512692451477,1.0509907007217407
1.0,0.99905325443787,0.3404255319148936,0.5783132530120483,0.217391304347826,0.3280918949906568,0.1971008165607045,0.2916666666666666,0.5833333333333333,0.1627906976744186,0.1620553359683794,0.2608695652173913,0.6521739130434783,-0.6708541580695788,0.457482409430944,-0.1124160362529128,0.3487620591838878,2.0,2.0,0.8009226986988794,-0.97312496172793,-1.0297062031833464,0.1538461538461538,0.1272727272727272,0.1545454545454545,0.1296296296296296,-0.0636892359721419,-0.0081178081999676,0.1515151515151515,0.1176470588235294,4,5,0.1388888888888889,0.1428571428571428,0.2666666666666666,0.3636363636363636,0,2,1.340105652809143,1.0291752815246582
1.0,0.99905325443787,0.3404255319148936,0.5301204819277109,0.217391304347826,0.3280918949906568,0.1971008165607045,0.4583333333333333,0.3958333333333333,0.1627906976744186,0.1620553359683794,0.0869565217391304,0.5217391304347826,0.33969233967151,-0.9398584402835932,-0.04302698182486,-0.4362856828031928,2.0,2.0,-1.18346202941712,1.41613280057261,1.2066241046063666,0.2211538461538461,0.1454545454545454,0.1636363636363636,0.1666666666666666,0.452169297421532,-0.1775551251281732,0.2424242424242424,0.1470588235294117,2,3,0.1111111111111111,0.1428571428571428,0.2666666666666666,0.3636363636363636,0,2,1.7116328477859497,0.9310047030448914
1.0,0.999171597633136,0.3404255319148936,0.8072289156626506,0.217391304347826,0.3280918949906568,0.1971008165607045,0.0833333333333333,0.1666666666666666,0.1627906976744186,0.1620553359683794,0.6086956521739131,0.3043478260869565,0.6954515742116553,-0.1905082179776043,0.3818639450231136,0.1076684920328081,1.0,1.0,0.0278352777104329,-0.3958273655809532,-0.5610653207061289,0.1634615384615384,0.2272727272727272,0.1818181818181818,0.2407407407407407,-0.2356420804366999,-0.0928364666640704,0.1515151515151515,0.1470588235294117,2,2,0.1944444444444444,0.1714285714285714,0.3,0.3636363636363636,0,2,1.4109610319137573,1.0062335729599
1.0,0.999171597633136,0.3404255319148936,0.9759036144578314,0.217391304347826,0.3280918949906568,0.1971008165607045,0.2708333333333333,0.9375,0.1627906976744186,0.1620553359683794,0.5652173913043479,0.1304347826086956,0.6799242014575911,0.7669517278910657,0.0786598294833466,-0.0074242863746937,3.0,2.0,-0.1552862523908431,-0.9216430126275929,-0.1371620867983627,0.0961538461538461,0.1727272727272727,0.1181818181818181,0.1203703703703703,-0.2356420804366999,0.5001941425846489,0.0909090909090909,0.2058823529411764,6,3,0.1388888888888889,0.1142857142857142,0.3,0.3636363636363636,1,2,1.4600114822387695,1.0145480632781982
1.0,0.999171597633136,0.3404255319148936,0.036144578313253,0.217391304347826,0.3280918949906568,0.1971008165607045,0.375,0.3333333333333333,0.1627906976744186,0.1620553359683794,0.217391304347826,0.4782608695652174,-0.6990593605840992,0.1689290294462818,-0.0322304681947919,0.160166846399134,1.0,2.0,-0.3451574802028851,-0.0122035251548139,-0.2134738634434134,0.1826923076923077,0.1636363636363636,0.1454545454545454,0.2222222222222222,0.280216452956974,-0.5164297589845843,0.1818181818181818,0.1176470588235294,4,4,0.0833333333333333,0.1714285714285714,0.3,0.3636363636363636,-1,2,1.4925388097763062,0.9927532076835632
1.0,0.999171597633136,0.3404255319148936,0.1325301204819277,0.217391304347826,0.3280918949906568,0.1971008165607045,0.5416666666666666,0.4375,0.1627906976744186,0.1620553359683794,0.4347826086956522,0.0434782608695652,0.5675255858142226,1.1838621927733668,-0.0843337685133374,0.1554254576072724,0.0,1.0,2.3040831914853626,-0.3714349085548058,-1.784518149465468,0.1442307692307692,0.2363636363636363,0.1454545454545454,0.1111111111111111,-0.0636892359721419,1.177943410297471,0.1212121212121212,0.2352941176470588,5,3,0.1388888888888889,0.0571428571428571,0.3,0.3636363636363636,-1,0,1.1816222667694092,1.193588376045227
1.0,0.999171597633136,0.3404255319148936,0.8674698795180723,0.217391304347826,0.3280918949906568,0.1971008165607045,0.8541666666666666,0.7916666666666666,0.1627906976744186,0.1620553359683794,0.6956521739130435,0.3478260869565217,0.4759726739106437,0.297877699275826,-0.580176758212922,-1.5521240335978803,2.0,0.0,-0.0380037212488559,-0.3714349085548058,-0.4839736210344957,0.1826923076923077,0.1545454545454545,0.1999999999999999,0.1481481481481481,-0.2356420804366999,0.076600850264135,0.0909090909090909,0.1764705882352941,6,2,0.1388888888888889,0.1714285714285714,0.3,0.3636363636363636,1,2,1.4678552150726318,1.036487102508545
1.0,0.999171597633136,0.3404255319148936,0.5301204819277109,0.217391304347826,0.3280918949906568,0.1971008165607045,0.9791666666666666,0.25,0.1627906976744186,0.1620553359683794,0.7391304347826086,0.8260869565217391,0.3379507302769394,-0.3630485299852693,2.641144751217104e-15,0.4184999491662236,1.0,1.0,-1.287965238374771,1.71982234117294,1.4736030211356606,0.1442307692307692,0.1181818181818181,0.1727272727272727,0.2407407407407407,-0.3216185026689789,-1.1094603682333035,0.0909090909090909,0.0294117647058823,3,5,0.1944444444444444,0.1999999999999999,0.3,0.3636363636363636,0,2,1.7077654600143433,0.9452812075614929
1.0,0.999171597633136,0.3404255319148936,0.5301204819277109,0.217391304347826,0.3280918949906568,0.1971008165607045,1.0,0.6875,0.1627906976744186,0.1620553359683794,0.782608695652174,0.0,0.3379507302769394,1.0661016909294618,2.641144751217104e-15,0.1292000740789988,1.0,1.0,2.3040831914853626,-0.178313208635131,-1.7958491937640486,0.1442307692307692,0.2181818181818181,0.2181818181818181,0.1018518518518518,-0.7515006138303739,1.0932247518333684,0.0606060606060606,0.2941176470588235,5,3,0.1944444444444444,0.0285714285714285,0.3,0.3636363636363636,0,0,1.1692622900009155,1.2161033153533936
1.0,0.9992899408284024,0.3404255319148936,0.8433734939759037,0.217391304347826,0.3280918949906568,0.1971008165607045,0.9583333333333331,0.0416666666666666,0.1627906976744186,0.1620553359683794,0.3913043478260869,0.1739130434782608,-0.4410393169038287,0.1054006830759728,-0.3932256955276284,-0.7119003169962296,1.0,0.0,-0.5973954145480654,-0.2744290714194711,0.2989479355854295,0.1923076923076923,0.1818181818181818,0.1909090909090909,0.1388888888888889,-0.0636892359721419,0.4154754841205461,0.1212121212121212,0.2058823529411764,5,2,0.1388888888888889,0.1428571428571428,0.3333333333333333,0.3636363636363636,1,2,1.4904543161392212,0.9428292512893677
1.0,0.999881656804734,0.3617021276595745,0.8072289156626506,0.217391304347826,0.3280918949906568,0.1971008165607045,0.0833333333333333,0.9791666666666666,0.1627906976744186,0.1620553359683794,0.4347826086956522,0.7391304347826086,0.6961548342872216,0.3358547684095887,0.3818639450231136,2.5893815264237306e-15,3.0,1.0,-0.3101108719071423,-0.4202767478793102,-0.1166532035164105,0.173076923076923,0.1454545454545454,0.1909090909090909,0.1851851851851851,-0.2356420804366999,-0.3469924420563787,0.1515151515151515,0.088235294117647,3,4,0.1944444444444444,0.1999999999999999,0.5,0.3636363636363636,1,2,1.5066105127334595,1.0001137256622314
1.0,0.999881656804734,0.3617021276595745,0.5301204819277109,0.217391304347826,0.3280918949906568,0.1971008165607045,0.4583333333333333,0.9375,0.1627906976744186,0.1620553359683794,0.0869565217391304,0.1304347826086956,0.3409115557479184,0.76799542213208,-0.04302698182486,-0.0074242863746937,2.0,1.0,-0.7663230583428943,0.3805689221268368,0.4111411047105699,0.2403846153846154,0.1909090909090909,0.1818181818181818,0.1481481481481481,0.452169297421532,0.4154754841205461,0.2424242424242424,0.2058823529411764,3,3,0.1111111111111111,0.1428571428571428,0.5,0.3636363636363636,1,2,1.5071083307266235,0.9233559966087341
1.0,0.999881656804734,0.3617021276595745,0.2409638554216867,0.217391304347826,0.3280918949906568,0.1971008165607045,0.5833333333333333,0.9583333333333331,0.1627906976744186,0.1620553359683794,0.4782608695652174,0.5217391304347826,0.4417238999610302,-0.4183585656152756,0.3124269791225654,-0.343060681303428,4.0,1.0,-0.3804441356314412,-0.4447833217673027,0.0037870042940468,0.1538461538461538,0.1909090909090909,0.1454545454545454,0.1944444444444444,0.022287186260137,-0.0081178081999676,0.1212121212121212,0.1470588235294117,6,5,0.1388888888888889,0.1428571428571428,0.5,0.3636363636363636,1,2,1.4899804592132568,0.9267995953559875
1.0,1.0,0.3617021276595745,0.0963855421686747,0.217391304347826,0.3280918949906568,0.1971008165607045,0.0416666666666666,0.4375,0.1627906976744186,0.1620553359683794,0.1739130434782608,0.0434782608695652,0.0853658189352954,1.18423953571856,-0.7694386475047404,0.1554254576072724,1.0,1.0,1.8653645076023508,-0.6930545503312608,-1.5976288728615955,0.1923076923076923,0.2454545454545454,0.1454545454545454,0.1111111111111111,0.3661928751892531,1.262662068761574,0.2121212121212121,0.2647058823529412,2,3,0.1666666666666666,0.0571428571428571,0.5333333333333333,0.3636363636363636,0,0,1.1845364570617676,1.1581836938858032
1.0,1.0,0.3617021276595745,0.746987951807229,0.217391304347826,0.3280918949906568,0.1971008165607045,0.1666666666666666,0.2708333333333333,0.1627906976744186,0.1620553359683794,0.3913043478260869,0.6956521739130435,-0.2148310043606075,0.6989489979133573,0.0665138130111448,0.1195764613549228,3.0,1.0,0.7014359634020871,-0.9473523643270856,-0.9585322926196832,0.25,0.1181818181818181,0.2454545454545454,0.1388888888888889,-0.0636892359721419,-0.1775551251281732,0.1515151515151515,0.1176470588235294,3,6,0.1666666666666666,0.1428571428571428,0.5333333333333333,0.3636363636363636,1,2,1.3380571603775024,1.034224510192871
1.0,1.0,0.3617021276595745,0.0240963855421686,0.217391304347826,0.3280918949906568,0.1971008165607045,0.25,1.0,0.1627906976744186,0.1620553359683794,0.8260869565217391,0.782608695652174,-0.3935744107418457,0.3358547684095887,0.3835589696030061,2.5893815264237306e-15,2.0,3.0,0.5114177999890718,-0.59303894052313,-0.9409767037087994,0.1346153846153846,0.1454545454545454,0.2454545454545454,0.2314814814814814,-1.0954063027594898,-0.7705857343768925,0.0303030303030303,0.0588235294117647,6,6,0.1944444444444444,0.1999999999999999,0.5333333333333333,0.3636363636363636,-1,2,1.3427115678787231,1.0614880323410034
1.0,1.0,0.3617021276595745,0.036144578313253,0.217391304347826,0.3280918949906568,0.1971008165607045,0.375,0.5416666666666666,0.1627906976744186,0.1620553359683794,0.217391304347826,0.5652173913043479,-0.6980068720327811,0.5908134504190732,-0.0322304681947919,-0.0402226603643458,1.0,1.0,-0.8820994261788107,0.8895618959428312,0.474389017901951,0.1923076923076923,0.1363636363636363,0.1636363636363636,0.1574074074074073,0.194240030724695,-0.1775551251281732,0.1818181818181818,0.1176470588235294,4,5,0.1111111111111111,0.1714285714285714,0.5333333333333333,0.3636363636363636,0,2,1.5969635248184204,0.927955150604248
1.0,1.0,0.3617021276595745,0.0,0.217391304347826,0.3280918949906568,0.1971008165607045,0.6875,0.3333333333333333,0.1627906976744186,0.1620553359683794,0.0,0.6086956521739131,1.042431672357916,0.1709200880384568,0.0884758237563281,0.160166846399134,1.0,1.0,-0.4338314688449361,-0.2985964536704366,-0.0159828156045751,0.2403846153846154,0.1818181818181818,0.109090909090909,0.2314814814814814,1.139980675279764,-0.4317111005204815,0.303030303030303,0.1470588235294117,4,4,0.0277777777777777,0.1714285714285714,0.5333333333333333,0.3636363636363636,0,2,1.6436595916748047,0.9217854142189026
1.0,1.0,0.3617021276595745,0.710843373493976,0.217391304347826,0.3280918949906568,0.1971008165607045,0.7916666666666666,0.3958333333333333,0.1627906976744186,0.1620553359683794,0.2608695652173913,0.3478260869565217,0.2780738110176275,-0.9404862420917728,-1.6264589190656924,-0.4362856828031928,2.0,0.0,-1.081036557306445,1.2296016613746394,0.9110809517144808,0.1634615384615384,0.1636363636363636,0.1636363636363636,0.1851851851851851,-0.0636892359721419,-0.1775551251281732,0.1818181818181818,0.1470588235294117,2,4,0.1944444444444444,0.1428571428571428,0.5333333333333333,0.3636363636363636,1,2,1.6157035827636719,0.9368007183074951
1.0,1.0,0.3617021276595745,0.8674698795180723,0.217391304347826,0.3280918949906568,0.1971008165607045,0.8541666666666666,0.2916666666666666,0.1627906976744186,0.1620553359683794,0.6521739130434783,0.3043478260869565,0.4764094283679369,-0.6379874910671132,-0.580176758212922,-0.0677545498116896,0.0,3.0,-1.060793578209874,0.8895618959428312,1.0045026623745992,0.2019230769230769,0.1636363636363636,0.1999999999999999,0.1759259259259259,-0.0636892359721419,-0.0928364666640704,0.1212121212121212,0.1470588235294117,6,5,0.1388888888888889,0.1428571428571428,0.5333333333333333,0.3636363636363636,-1,2,1.6139947175979614,0.9448298215866089
0.9130434782608745,0.909585798816568,0.0,0.5060240963855422,0.038647342995169,0.2309282127709322,-1.7176600994610265,0.3125,0.6458333333333333,0.1511627906976744,0.8221343873517786,0.3913043478260869,0.4347826086956522,-3.619107851109965,-3.2847112354461943,2.849319357087208,2.325742158680861,1.0,1.0,-0.0049790469337583,-1.1291063377300967,-0.0760148463839867,0.0,0.0,0.0,0.0,0.022287186260137,-0.0081178081999676,0.0,0.0,0,0,0.0,0.0,0.4,0.2727272727272727,0,2,1.4375431537628174,1.0751397609710693
0.9130434782608745,0.909585798816568,0.0,0.2409638554216867,0.1594202898550724,0.4448969723505058,0.523517335924494,0.5833333333333333,0.375,0.2364341085271318,0.826086956521739,0.1739130434782608,0.6521739130434783,-0.8730745864859932,-1.6228783626421963,0.2473628064031379,1.3053576118976908,2.0,1.0,-0.4517509010041132,-0.178313208635131,0.1952168180972665,0.0,0.0,0.0,0.0,0.022287186260137,-0.0081178081999676,0.0,0.0,0,0,0.0,0.0,0.4,0.2727272727272727,1,2,1.5116491317749023,0.9165857434272766
0.9130434782608745,0.9097041420118344,0.0,0.9518072289156628,0.0917874396135265,0.4469851892916855,0.1033261407851909,0.0416666666666666,0.3541666666666666,0.1627906976744186,0.5217391304347826,0.0,0.8260869565217391,-1.506386277047705,-2.9943738093778065,0.3217044221369668,1.4511268328667146,4.0,0.0,-1.0205446894947852,0.5381140798409912,1.3797927439216342,0.0,0.0,0.0,0.0,0.022287186260137,-0.0081178081999676,0.0,0.0,0,0,0.0,0.0,0.4333333333333333,0.2727272727272727,1,2,1.816101312637329,0.9335477352142334
0.9130434782608745,0.9097041420118344,0.0,0.8313253012048193,0.0144927536231884,0.6190630753075154,0.4847644964594666,0.0625,0.4375,0.4224806201550387,0.901185770750988,0.6086956521739131,0.0869565217391304,-3.221440037085788,-0.1854687934314965,-0.7934198138704915,0.5765115070525685,1.0,2.0,3.199377727347515,0.5381140798409912,-2.006775331132528,0.0,0.0,0.0,0.0,0.022287186260137,-0.0081178081999676,0.0,0.0,0,0,0.0,0.0,0.4333333333333333,0.2727272727272727,-1,2,1.218005657196045,1.252615213394165
0.9130434782608745,0.9097041420118344,0.0,0.9879518072289156,0.178743961352657,0.7072094176849942,0.4478321031164581,0.2708333333333333,0.0833333333333333,0.8992248062015504,0.3478260869565217,0.5217391304347826,0.4782608695652174,-1.2797821655553432,-0.9114830696123454,0.5447292693384591,1.815549885289276,0.0,0.0,0.6582035568204213,-1.1816205106413085,-0.7373035956097309,0.0,0.0,0.0,0.0,0.022287186260137,-0.0081178081999676,0.0,0.0,0,0,0.0,0.0,0.4333333333333333,0.2727272727272727,0,2,1.393716812133789,1.036316156387329
0.9130434782608745,0.9097041420118344,0.0,0.4698795180722891,0.1304347826086956,0.6342563486612882,0.9777269597738448,0.3333333333333333,0.1666666666666666,0.3178294573643411,0.075098814229249,0.0434782608695652,0.5652173913043479,-1.904829451282492,-1.4679426969596423,1.288145426676765,1.3053576118976908,3.0,2.0,0.108968160026659,-0.8194319037593477,-0.3496012856130612,0.0,0.0,0.0,0.0,0.022287186260137,-0.0081178081999676,0.0,0.0,0,0,0.0,0.0,0.4333333333333333,0.2727272727272727,1,2,1.553653597831726,1.0066611766815186
0.9130434782608745,0.9097041420118344,0.0,0.5903614457831325,0.0241545893719806,0.5693180590086374,-0.6453268123326239,0.3958333333333333,0.6875,0.5465116279069767,0.0039525691699604,0.782608695652174,0.2608695652173913,-2.777594574678317,0.065949107655481,0.3960460378707985,-0.8082960921531629,0.0,1.0,2.111268654664467,-0.3228197143115979,-1.64065778778032,0.0,0.0,0.0,0.0,0.022287186260137,-0.0081178081999676,0.0,0.0,0,0,0.0,0.0,0.4333333333333333,0.2727272727272727,-1,2,1.1716276407241821,1.1422501802444458
0.9130434782608745,0.9097041420118344,0.0,0.5301204819277109,0.1207729468599033,0.3620130250310378,1.631364811325387,0.4583333333333333,0.7916666666666666,0.3062015503875969,0.7233201581027667,0.3478260869565217,0.3043478260869565,-0.8501827245160511,-1.682843993549241,3.0723442042886973,-1.97444985990536,2.0,2.0,-0.615893931915712,0.0581879304310744,0.4800790195232833,0.0,0.0,0.0,0.0,0.022287186260137,-0.0081178081999676,0.0,0.0,0,0,0.0,0.0,0.4333333333333333,0.2727272727272727,0,2,1.4974942207336426,0.9569311738014221
0.9130434782608745,0.9097041420118344,0.0,0.963855421686747,0.0,0.6175791837615671,1.3262537354088335,0.9375,0.4791666666666666,0.872093023255814,0.4703557312252964,0.7391304347826086,0.1304347826086956,-1.314396479940081,-2.5943031819660245,0.7677541165399513,2.90881904255696,1.0,2.0,-0.4338314688449361,-0.3958273655809532,0.2929357601819815,0.0,0.0,0.0,0.0,0.022287186260137,-0.0081178081999676,0.0,0.0,0,0,0.0,0.0,0.4333333333333333,0.2727272727272727,-1,2,1.4714703559875488,0.9490518569946289
0.9130434782608745,0.9097041420118344,0.0,0.8433734939759037,0.072463768115942,0.3705645318533668,-1.1510893651853014,0.9583333333333331,0.5416666666666666,0.751937984496124,0.7707509881422925,0.217391304347826,0.6956521739130435,-1.848130290195696,-1.257486391689561,0.7677541165399513,1.2324730014131775,2.0,1.0,0.0604419153646142,-0.5681835182832995,-0.4235744013296885,0.0,0.0,0.0,0.0,0.022287186260137,-0.0081178081999676,0.0,0.0,0,0,0.0,0.0,0.4333333333333333,0.2727272727272727,1,2,1.4016246795654297,1.0061591863632202
0.9130434782608745,0.9100591715976328,0.0,0.1325301204819277,0.0241545893719806,0.3280918949906568,0.1971008165607045,0.5416666666666666,0.0416666666666666,0.7674418604651163,0.1620553359683794,0.2608695652173913,0.8260869565217391,0.0113749815314094,-0.333146929198636,-0.0843337685133374,-0.7119003169962296,2.0,0.0,0.7157665193787079,-0.5681835182832995,-0.9497427944244294,0.0096153846153846,0.0363636363636363,0.0181818181818181,0.0,-0.0636892359721419,0.3307568256564434,0.0,0.0294117647058823,0,0,0.0277777777777777,0.0,0.5333333333333333,0.2727272727272727,1,2,1.3531005382537842,1.0208290815353394
0.9130434782608745,0.9100591715976328,0.0,0.710843373493976,0.0241545893719806,0.3280918949906568,0.1971008165607045,0.7916666666666666,0.9583333333333331,0.7209302325581395,0.7470355731225296,0.0869565217391304,0.0,-0.2747492834908193,-0.9082464259254656,-1.6264589190656924,-0.343060681303428,2.0,1.0,-0.3276043744598828,-0.035772838942667,-0.0292289707769464,0.0192307692307692,0.0181818181818181,0.0181818181818181,0.0092592592592592,0.022287186260137,0.076600850264135,0.0,0.0294117647058823,1,0,0.0,0.0,0.5333333333333333,0.2727272727272727,1,2,1.511792778968811,0.9699187874794006
0.9130434782608745,0.9100591715976328,0.0212765957446808,0.036144578313253,0.0966183574879227,0.4619779331879808,0.3599636414504472,0.375,0.4583333333333333,0.8217054263565892,0.3122529644268774,0.3478260869565217,0.6086956521739131,-1.6317958616575765,-0.83438093123893,1.0651205794752725,2.325742158680861,2.0,1.0,-0.0380037212488559,-0.1305839435759947,-0.4012073948720659,0.0096153846153846,0.0181818181818181,0.0181818181818181,0.0185185185185185,-0.0636892359721419,-0.0081178081999676,0.0,0.0,0,1,0.0277777777777777,0.0,0.5333333333333333,0.2727272727272727,1,2,1.4722572565078735,1.0329806804656982
0.9130434782608745,0.9101775147928994,0.0212765957446808,0.0602409638554216,0.1352657004830917,0.4859194227113009,0.2926303474825015,0.0833333333333333,0.3125,0.3488372093023256,0.150197628458498,0.5652173913043479,0.5217391304347826,-1.1032972115017925,-3.46126350576234,1.2138038109429332,2.90881904255696,1.0,1.0,-1.3091226872144894,1.838875390043456,1.8692364960509489,0.0,0.009090909090909,0.0,0.0092592592592592,0.022287186260137,-0.0081178081999676,0.0,0.0,1,1,0.0,0.0,0.5666666666666667,0.2727272727272727,0,2,1.6337260007858276,0.9050589799880981
0.9130434782608745,0.9101775147928994,0.0212765957446808,0.5301204819277109,0.0048309178743961,0.7353843087034426,1.534072046965655,0.4375,0.9375,0.8953488372093024,0.8735177865612648,0.0,0.782608695652174,-0.4366124982597498,-1.377598603038093,1.0651205794752725,0.7222807280215924,2.0,1.0,-0.7663230583428943,-0.035772838942667,0.8860491571795696,0.0192307692307692,0.009090909090909,0.009090909090909,0.0185185185185185,0.108263608492416,-0.0928364666640704,0.0303030303030303,0.0,0,0,0.0,0.0285714285714285,0.5666666666666667,0.2727272727272727,1,2,1.6700626611709595,0.9140036702156067
0.9130434782608745,0.9101775147928994,0.0212765957446808,0.4819277108433735,0.0338164251207729,0.4463464956201369,0.9173706228809037,0.4791666666666666,0.3333333333333333,0.4728682170542636,0.3201581027667984,0.217391304347826,0.1739130434782608,-2.457058787949217,-1.9773609766986129,2.477611278418055,1.0867037804441535,1.0,1.0,-0.292676569137816,-0.4202767478793102,0.0688417920422762,0.0192307692307692,0.0272727272727272,0.009090909090909,0.0185185185185185,0.108263608492416,0.076600850264135,0.0303030303030303,0.0294117647058823,0,0,0.0,0.0,0.5666666666666667,0.2727272727272727,0,2,1.4750515222549438,0.9314637184143066
0.9130434782608745,0.9101775147928994,0.0212765957446808,0.1325301204819277,0.1256038647342995,0.2634582247357186,0.9255303612728571,0.5416666666666666,0.0416666666666666,0.7674418604651163,0.1620553359683794,0.3043478260869565,0.2608695652173913,-1.3899642045767784,-1.552908120562282,1.4368286581444254,0.5765115070525685,2.0,0.0,0.4994922586645958,-0.5632195022889821,-0.5814084548821703,0.0288461538461538,0.0363636363636363,0.0181818181818181,0.0185185185185185,0.108263608492416,0.1613195087282378,0.0303030303030303,0.0294117647058823,0,0,0.0277777777777777,0.0285714285714285,0.5666666666666667,0.2727272727272727,1,2,1.36302649974823,1.0089772939682007
0.9130434782608745,0.9101775147928994,0.0212765957446808,0.216867469879518,0.0289855072463768,0.0424201907565798,-1.232945508814998,0.6458333333333333,0.2708333333333333,0.8178294573643411,0.9051383399209486,0.0869565217391304,0.6956521739130435,-3.1286202346351746,-1.2660803655848942,1.6598535053459176,1.0867037804441535,2.0,0.0,1.8309039673979877,-1.3140692476668494,-1.340738416469995,0.0096153846153846,0.0,0.009090909090909,0.0,0.022287186260137,-0.0081178081999676,0.0,0.0,1,1,0.0,0.0,0.5666666666666667,0.2727272727272727,1,2,1.3714510202407837,1.037657380104065
0.9130434782608745,0.9101775147928994,0.0212765957446808,0.0120481927710843,0.1062801932367149,0.2634582247357186,-0.4928212121932296,0.6875,0.5833333333333333,0.003875968992248,0.2450592885375493,0.4782608695652174,0.0434782608695652,0.0753113730478965,-0.8483939066311044,-0.4960533509351677,1.378242222382204,0.0,1.0,-0.804626815101258,0.2206184020877981,0.8860491571795696,0.0096153846153846,0.0181818181818181,0.0,0.0092592592592592,0.108263608492416,0.076600850264135,0.0303030303030303,0.0294117647058823,0,0,0.0,0.0,0.5666666666666667,0.2727272727272727,-1,2,1.505864143371582,0.9798294305801392
0.9130434782608745,0.9101775147928994,0.0212765957446808,0.710843373493976,0.1400966183574879,-0.0697818412349784,-2.287934555322679,0.7916666666666666,0.9583333333333331,0.7209302325581395,0.7549407114624506,0.1304347826086956,0.4347826086956522,-1.987551514154397,-1.6287388515298382,-2.354593744280932,0.139203844145494,2.0,1.0,0.0016005600291755,-0.59303894052313,-0.1605610174477769,0.0384615384615384,0.0272727272727272,0.0272727272727272,0.0277777777777777,0.108263608492416,-0.0081178081999676,0.0303030303030303,0.0294117647058823,1,0,0.0,0.0285714285714285,0.5666666666666667,0.2727272727272727,1,2,1.4381107091903687,1.016031265258789
0.9130434782608745,0.910295857988166,0.0212765957446808,0.746987951807229,0.1159420289855072,0.0904573412642305,0.3388011684746753,0.1666666666666666,0.0625,0.0736434108527131,0.4268774703557312,0.3913043478260869,0.8260869565217391,-1.3470486180879346,-3.000663750552436,-0.2730285037336781,-0.2981038187615778,1.0,0.0,-0.6530914332367731,0.2206184020877981,0.4457905311605735,0.0192307692307692,0.009090909090909,0.0272727272727272,0.0185185185185185,-0.0636892359721419,-0.0928364666640704,0.0,0.0,0,0,0.0277777777777777,0.0285714285714285,0.6,0.2727272727272727,1,2,1.5308767557144165,1.0144295692443848
0.9130434782608745,0.910414201183432,0.0425531914893616,0.5301204819277109,0.1739130434782608,0.5040598957881345,1.631364811325387,0.4583333333333333,0.9583333333333331,0.3062015503875969,0.7549407114624506,0.3913043478260869,0.6086956521739131,-0.904652571219615,-1.8289859676472888,3.5183938986916816,0.7951653385061056,2.0,1.0,-0.292676569137816,-0.178313208635131,-0.0491986889623719,0.0288461538461538,0.0363636363636363,0.0363636363636363,0.0462962962962962,-0.0636892359721419,-0.0928364666640704,0.0,0.0294117647058823,1,0,0.0277777777777777,0.0571428571428571,0.6333333333333333,0.2727272727272727,1,2,1.5028023719787598,1.1648681163787842
0.9130434782608745,0.910414201183432,0.0425531914893616,0.1325301204819277,0.038647342995169,0.459128087163451,0.9255303612728571,0.5416666666666666,0.3541666666666666,0.7674418604651163,0.5217391304347826,0.1739130434782608,0.782608695652174,-1.2998496134006612,-2.554831628769423,-0.5703949666689994,1.1595883909286668,1.0,0.0,-0.7663230583428943,-0.0122035251548139,0.8455980783068804,0.048076923076923,0.0,0.0181818181818181,0.037037037037037,0.280216452956974,-0.3469924420563787,0.0606060606060606,0.0,0,0,0.0277777777777777,0.0285714285714285,0.6333333333333333,0.2727272727272727,1,2,1.53146231174469,0.9176778197288513
0.9130434782608745,0.910414201183432,0.0425531914893616,0.710843373493976,0.144927536231884,0.1359146247680259,-2.287934555322679,0.7916666666666666,0.2708333333333333,0.7209302325581395,0.9051383399209486,0.0,0.7391304347826086,-1.4377557600751376,-1.246124828856659,-2.4289353600147634,0.7222807280215924,1.0,0.0,0.1410669028165541,-0.4939691189659106,-0.4916020488248334,0.0576923076923076,0.0,0.0363636363636363,0.0185185185185185,0.194240030724695,-0.1775551251281732,0.0606060606060606,0.0,1,1,0.0,0.0285714285714285,0.6333333333333333,0.2727272727272727,1,2,1.4728957414627075,1.0136289596557617
0.9130434782608745,0.9105325443786983,0.0425531914893616,0.9518072289156628,0.0676328502415458,0.5569146383081462,0.1033261407851909,0.0416666666666666,0.5833333333333333,0.1627906976744186,0.2450592885375493,0.1304347826086956,0.217391304347826,-1.506386277047705,-0.8759009866280699,0.3960460378707985,0.3578576755990312,1.0,0.0,-0.2407248863590593,-0.2985964536704366,-0.0895052960794426,0.0384615384615384,0.0272727272727272,0.0363636363636363,0.0092592592592592,0.022287186260137,0.1613195087282378,0.0303030303030303,0.0588235294117647,0,0,0.0555555555555555,0.0,0.6666666666666666,0.2727272727272727,1,2,1.4837790727615356,1.0304204225540161
0.9130434782608745,0.9105325443786983,0.0425531914893616,0.2289156626506024,0.0241545893719806,0.1120877424193476,-2.619197084504813,0.0625,0.9375,0.4224806201550387,0.6284584980237153,0.8260869565217391,0.5652173913043479,-2.780652977744336,-1.3011000462861442,-0.7934198138704915,0.7951653385061056,0.0,3.0,1.088350385545969,-1.1553305205341426,-1.038712132517488,0.0096153846153846,0.0181818181818181,0.0272727272727272,0.037037037037037,-0.1496656582044209,-0.1775551251281732,0.0,0.0,0,0,0.0555555555555555,0.0571428571428571,0.6666666666666666,0.2727272727272727,-1,2,1.370970606803894,1.0738027095794678
0.9130434782608745,0.9105325443786983,0.0425531914893616,0.0602409638554216,0.1497584541062802,0.6624112404497923,0.2926303474825015,0.0833333333333333,0.3333333333333333,0.3488372093023256,0.3201581027667984,0.2608695652173913,0.4782608695652174,-0.8974474452675304,-2.0994928433380413,2.0315615840150705,1.0138191699596428,3.0,0.0,-0.4338314688449361,-0.2744290714194711,0.2322022085365805,0.0096153846153846,0.0363636363636363,0.009090909090909,0.0277777777777777,0.022287186260137,0.076600850264135,0.0,0.0294117647058823,2,1,0.0,0.0,0.6666666666666666,0.2727272727272727,1,2,1.4716613292694092,0.9303439259529114
0.9130434782608745,0.9105325443786983,0.0425531914893616,0.746987951807229,0.0193236714975845,0.2560162618541788,0.3388011684746753,0.1666666666666666,0.6458333333333333,0.0736434108527131,0.8221343873517786,0.0869565217391304,0.5217391304347826,-1.7700633685641,-3.120062092688566,0.6190708850722907,0.9409345594751296,5.0,1.0,-0.9607548708172284,0.5826952346024562,1.1188411659200224,0.0288461538461538,0.0272727272727272,0.0272727272727272,0.0092592592592592,0.022287186260137,0.1613195087282378,0.0303030303030303,0.0294117647058823,0,1,0.0277777777777777,0.0,0.6666666666666666,0.2727272727272727,1,2,1.6036704778671265,0.9626908302307129
0.9130434782608745,0.9105325443786983,0.0425531914893616,0.5903614457831325,0.1545893719806763,0.5286836902403294,-0.6453268123326239,0.3958333333333333,0.375,0.5465116279069767,0.826086956521739,0.6956521739130435,0.3478260869565217,-2.772514876648277,-1.603552190931424,0.3960460378707985,1.1595883909286668,2.0,2.0,1.583001705533243,-0.4939691189659106,-1.4106701994281576,0.0,0.0272727272727272,0.009090909090909,0.0277777777777777,-0.0636892359721419,-0.0081178081999676,0.0,0.0294117647058823,0,0,0.0277777777777777,0.0285714285714285,0.6666666666666666,0.2727272727272727,0,2,1.3158109188079834,1.105688452720642
0.9130434782608745,0.9105325443786983,0.0425531914893616,0.0,0.1594202898550724,0.5590584277711289,0.1751220466067397,0.6875,0.4375,0.003875968992248,0.901185770750988,0.4347826086956522,0.0434782608695652,0.0708222000468512,-0.8494012680283989,0.0986795749354746,1.3053576118976908,0.0,0.0,-0.0712414594522267,-0.6679609920828745,-0.1509060112261558,0.0096153846153846,0.0363636363636363,0.009090909090909,0.0185185185185185,0.022287186260137,0.1613195087282378,0.0303030303030303,0.0588235294117647,0,0,0.0277777777777777,0.0,0.6666666666666666,0.2727272727272727,0,2,1.4764360189437866,1.0814354419708252
0.9130434782608745,0.9112426035502956,0.0638297872340425,0.072289156626506,0.1642512077294685,0.0021356856084608,0.1355119066584327,0.3541666666666666,0.0833333333333333,0.5348837209302325,0.3478260869565217,0.8260869565217391,0.0434782608695652,-2.566622700149256,-1.0512460122870135,0.5447292693384591,0.5036268965680551,0.0,3.0,1.876800320403936,-1.5295329974116838,-1.3210277880031775,0.0,0.0363636363636363,0.0454545454545454,0.0092592592592592,-0.4075949249012579,0.2460381671923406,0.0,0.0294117647058823,0,2,0.0555555555555555,0.0,0.8666666666666667,0.2727272727272727,-1,2,1.2267848253250122,1.1682204008102417
0.9130434782608745,0.9112426035502956,0.0638297872340425,0.8433734939759037,0.0434782608695652,0.3508550524554881,-1.1510893651853014,0.9583333333333331,0.3125,0.751937984496124,0.150197628458498,0.6956521739130435,0.3913043478260869,-1.6491875429021348,-3.564693281263496,0.8420957322737803,2.9817036530414724,0.0,4.0,-0.8432174940591176,0.2665682808359271,0.9010910650837676,0.048076923076923,0.0181818181818181,0.0636363636363636,0.0185185185185185,-0.1496656582044209,-0.0081178081999676,0.0303030303030303,0.0,0,2,0.0833333333333333,0.0,0.8666666666666667,0.2727272727272727,-1,2,1.5048480033874512,0.987808108329773
0.9130434782608745,0.911360946745562,0.0638297872340425,0.9879518072289156,0.1497584541062802,0.6859259424937035,0.4478321031164581,0.2708333333333333,0.4583333333333333,0.8992248062015504,0.3122529644268774,0.6086956521739131,0.6521739130434783,-1.7657554115527458,-1.3510255456931983,-0.1986868879998465,3.346126705464034,3.0,0.0,0.0928434784697544,-0.7940341808724144,-0.3642635152827687,0.0,0.0454545454545454,0.0272727272727272,0.0462962962962962,-0.2356420804366999,-0.0081178081999676,0.0,0.0294117647058823,1,1,0.0555555555555555,0.0285714285714285,0.9,0.2727272727272727,1,2,1.3807586431503296,1.0112388134002686
0.9130434782608745,0.911360946745562,0.0638297872340425,0.4698795180722891,0.0772946859903381,0.4101950091609309,0.9777269597738448,0.3333333333333333,0.3958333333333333,0.3178294573643411,0.533596837944664,0.2608695652173913,0.7391304347826086,-1.6298792620226152,-2.582763224616068,0.3960460378707985,0.7951653385061056,3.0,1.0,-1.1013593905706476,1.1033765735041865,1.2653650546950983,0.0384615384615384,0.0181818181818181,0.0545454545454545,0.0277777777777777,-0.1496656582044209,-0.0928364666640704,0.0303030303030303,0.0,1,1,0.0277777777777777,0.0285714285714285,0.9,0.2727272727272727,1,2,1.6506047248840332,0.9318558573722839
0.9130434782608745,0.911360946745562,0.0638297872340425,0.036144578313253,0.0241545893719806,0.628164469479953,0.3599636414504472,0.375,0.5416666666666666,0.8217054263565892,0.7707509881422925,0.1739130434782608,0.3478260869565217,-1.60900064019277,-1.6464980615878044,0.7677541165399513,2.398626769165374,1.0,0.0,-0.7283019887119154,0.6933251491952606,0.3995097671017144,0.048076923076923,0.0545454545454545,0.0454545454545454,0.0185185185185185,0.022287186260137,0.3307568256564434,0.0303030303030303,0.088235294117647,1,0,0.0277777777777777,0.0285714285714285,0.9,0.2727272727272727,1,2,1.5179760456085205,0.9201599955558777
0.9130434782608745,0.911360946745562,0.0638297872340425,0.5301204819277109,0.1545893719806763,0.7762449780997223,1.534072046965655,0.4375,0.1666666666666666,0.8953488372093024,0.075098814229249,0.3043478260869565,0.0,-0.3890789901572849,-1.5238971307144067,1.288145426676765,1.0867037804441535,0.0,2.0,-1.0005375515276804,1.1666792166131024,0.9010910650837676,0.0384615384615384,0.0727272727272727,0.0181818181818181,0.037037037037037,0.194240030724695,0.3307568256564434,0.0606060606060606,0.0588235294117647,1,0,0.0,0.0285714285714285,0.9,0.2727272727272727,-1,2,1.574296236038208,0.9743380546569824
0.9130434782608745,0.911360946745562,0.0638297872340425,0.4819277108433735,0.0483091787439613,0.3717585532234323,0.9173706228809037,0.4791666666666666,0.7916666666666666,0.4728682170542636,0.7233201581027667,0.4347826086956522,0.0869565217391304,-2.81693584168864,-1.4031706708480651,2.1802448154827307,-1.6829114179673117,1.0,1.0,0.108968160026659,-0.6679609920828745,-0.4385706237061197,0.0288461538461538,0.0636363636363636,0.0181818181818181,0.037037037037037,0.108263608492416,0.2460381671923406,0.0303030303030303,0.088235294117647,1,1,0.0,0.0,0.9,0.2727272727272727,0,2,1.378226399421692,1.0946513414382935
0.9130434782608745,0.911360946745562,0.0638297872340425,0.216867469879518,0.0,-0.1050445875163884,-1.232945508814998,0.6458333333333333,0.0416666666666666,0.8178294573643411,0.1620553359683794,0.5217391304347826,0.1304347826086956,-3.192090610120524,-1.3665837600269517,1.288145426676765,-0.5896422606996283,1.0,1.0,1.1413259839698977,-1.2079766391580398,-1.0658787113544044,0.0384615384615384,0.0454545454545454,0.0545454545454545,0.037037037037037,-0.1496656582044209,0.076600850264135,0.0303030303030303,0.0588235294117647,1,0,0.0277777777777777,0.0571428571428571,0.9,0.2727272727272727,0,2,1.3061870336532593,1.071758508682251
0.9130434782608745,0.9114792899408286,0.0638297872340425,0.2409638554216867,0.0579710144927536,0.4739771289181137,0.523517335924494,0.5833333333333333,0.0625,0.2364341085271318,0.4268774703557312,0.217391304347826,0.782608695652174,-1.0263884898369475,-2.892303262437661,0.7677541165399513,-0.3709884292460911,1.0,1.0,-1.1013593905706476,0.7591466571844859,1.3884322898742774,0.0288461538461538,0.009090909090909,0.0181818181818181,0.0555555555555555,0.108263608492416,-0.4317111005204815,0.0606060606060606,0.0,0,0,0.0277777777777777,0.0857142857142857,0.9333333333333332,0.2727272727272727,0,2,1.6200019121170044,0.9305676817893982
0.9130434782608745,0.9115976331360948,0.0638297872340425,0.963855421686747,0.1739130434782608,0.7899367390133847,1.3262537354088335,0.9375,0.6875,0.5271317829457365,0.0039525691699604,0.5652173913043479,0.4782608695652174,-1.731849315299365,0.1479906316421948,0.8420957322737803,-0.516757650215115,0.0,0.0,0.7300573234152988,-1.3407611234046146,-0.7538032046842718,0.048076923076923,0.009090909090909,0.0363636363636363,0.0092592592592592,0.108263608492416,-0.0081178081999676,0.0303030303030303,0.0294117647058823,0,1,0.0555555555555555,0.0285714285714285,0.9666666666666668,0.2727272727272727,0,2,1.3710366487503052,1.0451527833938599
0.9130434782608745,0.9120710059171596,0.0851063829787234,0.3855421686746988,0.1545893719806763,0.2812013925460067,-1.4882057929269268,0.4583333333333333,0.0833333333333333,0.3062015503875969,0.3478260869565217,0.6521739130434783,0.1304347826086956,-1.4491927600804502,-0.8697323189290223,3.8901019773608345,2.034203716742813,2.0,2.0,1.796211367935834,-0.5186488843484226,-1.5132225784634474,0.048076923076923,0.0636363636363636,0.0727272727272727,0.0092592592592592,-0.2356420804366999,0.5001941425846489,0.0303030303030303,0.0588235294117647,1,2,0.0555555555555555,0.0,0.1,0.3636363636363636,0,0,1.1908458471298218,1.1291768550872803
0.9130434782608745,0.9120710059171596,0.0851063829787234,0.710843373493976,0.1400966183574879,0.149526497874228,-2.287934555322679,0.7916666666666666,0.4375,0.7209302325581395,0.901185770750988,0.217391304347826,0.3913043478260869,-1.536063083988188,-0.2932757410665252,-1.5368359712087971,-0.2252192082770671,1.0,1.0,0.9943117358328,-0.8448913465681646,-1.0841151298458631,0.0769230769230769,0.0363636363636363,0.0454545454545454,0.037037037037037,0.280216452956974,-0.0081178081999676,0.0909090909090909,0.0588235294117647,2,1,0.0,0.0285714285714285,0.1,0.3636363636363636,0,2,1.3626015186309814,1.0426604747772217
0.9130434782608745,0.9121893491124258,0.0851063829787234,0.9518072289156628,0.0048309178743961,0.574111093102586,0.1033261407851909,0.0416666666666666,0.9583333333333331,0.1627906976744186,0.7470355731225296,0.0,0.6956521739130435,-1.298404792159808,-1.9773609766986129,-0.4960533509351677,1.0867037804441535,1.0,0.0,-0.8432174940591176,0.6270874855992962,0.7158860585234431,0.0576923076923076,0.0454545454545454,0.0454545454545454,0.1018518518518518,0.108263608492416,-0.5164297589845843,0.0606060606060606,0.0294117647058823,1,0,0.0555555555555555,0.1142857142857142,0.1333333333333333,0.3636363636363636,1,2,1.6856305599212646,0.934111475944519
0.9130434782608745,0.9121893491124258,0.0851063829787234,0.746987951807229,0.144927536231884,0.4555512383834798,0.3388011684746753,0.1666666666666666,0.375,0.0736434108527131,0.826086956521739,0.0869565217391304,0.0434782608695652,-1.4232128986807688,-1.5807733762377103,0.3960460378707985,0.8680499489906164,1.0,2.0,-0.0380037212488559,0.0581879304310744,-0.4687695980760509,0.0961538461538461,0.0545454545454545,0.0363636363636363,0.0462962962962962,0.5381457196538111,0.076600850264135,0.0909090909090909,0.0588235294117647,0,1,0.0277777777777777,0.0285714285714285,0.1333333333333333,0.3636363636363636,-1,2,1.488731026649475,1.1284672021865845
0.9130434782608745,0.9121893491124258,0.0851063829787234,0.9879518072289156,0.0676328502415458,0.690834564731965,0.4478321031164581,0.2708333333333333,0.4791666666666666,0.8992248062015504,0.4703557312252964,0.6086956521739131,0.5217391304347826,-1.7235236280417752,-2.525024212491133,-0.6447365824028309,2.325742158680861,0.0,0.0,-0.0049790469337583,-0.97312496172793,-0.1509060112261558,0.0288461538461538,0.0363636363636363,0.0272727272727272,0.0277777777777777,0.022287186260137,0.076600850264135,0.0303030303030303,0.0294117647058823,1,2,0.0555555555555555,0.0,0.1333333333333333,0.3636363636363636,0,2,1.4416120052337646,1.018479824066162
0.9130434782608745,0.9121893491124258,0.0851063829787234,0.072289156626506,0.0289855072463768,0.1786025946314928,0.1355119066584327,0.3541666666666666,0.6875,0.7829457364341085,0.0039525691699604,0.8260869565217391,0.2608695652173913,-2.453190854876993,0.1522891794735547,-0.2730285037336781,-0.516757650215115,0.0,2.0,3.3388605361225085,-0.6679609920828745,-1.876277822666244,0.0,0.009090909090909,0.0727272727272727,0.0092592592592592,-0.665524191598095,-0.0081178081999676,0.0,0.0294117647058823,0,2,0.0833333333333333,0.0285714285714285,0.1333333333333333,0.3636363636363636,-1,0,1.1578121185302734,1.130652666091919
0.9130434782608745,0.9121893491124258,0.0851063829787234,0.5903614457831325,0.1497584541062802,0.5025730584868446,-0.6453268123326239,0.3958333333333333,0.9375,0.5465116279069767,0.5138339920948616,0.7391304347826086,0.4782608695652174,-3.3837269799142016,-1.584539261012691,1.0651205794752725,0.9409345594751296,1.0,3.0,2.045359462961048,-1.0248611437064463,-1.492454906304575,0.0288461538461538,0.0454545454545454,0.0545454545454545,0.037037037037037,-0.2356420804366999,0.076600850264135,0.0,0.0294117647058823,1,1,0.0555555555555555,0.0571428571428571,0.1333333333333333,0.3636363636363636,-1,2,1.195051908493042,1.1031183004379272
0.9130434782608745,0.9128994082840238,0.1063829787234042,0.5301204819277109,0.1497584541062802,0.7974476706936802,1.534072046965655,0.4375,0.2708333333333333,0.8953488372093024,0.9051383399209486,0.1304347826086956,0.6521739130434783,-0.2932740339545934,-1.7991702155537932,-0.1986868879998465,0.2849730651145205,2.0,0.0,-0.98060781080609,0.7809955818084239,1.1188411659200224,0.048076923076923,0.0272727272727272,0.0454545454545454,0.0277777777777777,0.022287186260137,-0.0081178081999676,0.0606060606060606,0.0294117647058823,2,2,0.0277777777777777,0.0571428571428571,0.3333333333333333,0.3636363636363636,1,2,1.5969808101654053,0.9293376207351685
0.9130434782608745,0.91301775147929,0.1063829787234042,0.2289156626506024,0.1594202898550724,0.0472669879270535,-2.619197084504813,0.0625,0.3333333333333333,0.4224806201550387,0.3201581027667984,0.8260869565217391,0.217391304347826,-3.14939805162871,-1.680794958850574,-0.4960533509351677,0.3578576755990312,0.0,1.0,1.232742377129445,-0.8448913465681646,-1.1957076849526804,0.0192307692307692,0.0636363636363636,0.0636363636363636,0.0648148148148148,-0.4075949249012579,-0.0081178081999676,0.0,0.0588235294117647,1,1,0.0833333333333333,0.0285714285714285,0.3666666666666667,0.3636363636363636,-1,2,1.3446956872940063,1.0799624919891357
0.9130434782608745,0.91301775147929,0.1063829787234042,0.036144578313253,0.0821256038647342,0.6358675253375825,0.3599636414504472,0.375,0.7916666666666666,0.8217054263565892,0.7233201581027667,0.0434782608695652,0.3913043478260869,-1.60900064019277,-1.1801736623079573,0.8420957322737803,-1.9015652494208464,1.0,0.0,-0.5973954145480654,0.5604283706198082,0.2075915135674927,0.0769230769230769,0.0818181818181818,0.0545454545454545,0.0555555555555555,0.194240030724695,0.2460381671923406,0.0909090909090909,0.088235294117647,1,3,0.0277777777777777,0.0,0.3666666666666667,0.3636363636363636,1,2,1.5814638137817383,0.9172110557556152
0.9130434782608745,0.91301775147929,0.1063829787234042,0.4819277108433735,0.1739130434782608,0.3235733263490427,0.9173706228809037,0.4791666666666666,0.1666666666666666,0.4728682170542636,0.075098814229249,0.5217391304347826,0.2608695652173913,-2.4726592383862487,-1.5474136275653336,1.8828783525474095,0.2120884546300072,1.0,1.0,-0.292676569137816,-0.178313208635131,-0.0225992301303433,0.0384615384615384,0.0999999999999999,0.0272727272727272,0.0555555555555555,0.108263608492416,0.4154754841205461,0.0303030303030303,0.088235294117647,3,0,0.0,0.0571428571428571,0.3666666666666667,0.3636363636363636,0,2,1.4716211557388306,0.9421138167381287
0.9130434782608745,0.91301775147929,0.1063829787234042,0.0120481927710843,0.0241545893719806,0.2218167074763554,-0.4928212121932296,0.6875,0.0416666666666666,0.003875968992248,0.1620553359683794,0.4347826086956522,0.0,0.1192834541361006,-1.385530155629502,0.2473628064031379,-0.0065653768235299,0.0,2.0,-0.7663230583428943,0.493342406745466,0.5753338484617933,0.0288461538461538,0.0636363636363636,0.009090909090909,0.0462962962962962,0.194240030724695,0.1613195087282378,0.0606060606060606,0.088235294117647,2,1,0.0277777777777777,0.0571428571428571,0.3666666666666667,0.3636363636363636,-1,2,1.527641773223877,1.0070768594741821
0.9130434782608745,0.91301775147929,0.1063829787234042,0.8433734939759037,0.1545893719806763,0.1889210208641278,-1.1510893651853014,0.9583333333333331,0.3958333333333333,0.7441860465116279,0.533596837944664,0.6086956521739131,0.782608695652174,-1.62224400247419,-2.6537698327317853,1.6598535053459176,-0.3709884292460911,2.0,1.0,-0.7093961636354963,0.3351174167375081,0.5364445255180685,0.048076923076923,0.0363636363636363,0.109090909090909,0.0833333333333333,-0.579547769365816,-0.4317111005204815,0.0303030303030303,0.0,0,1,0.1388888888888889,0.0857142857142857,0.3666666666666667,0.3636363636363636,1,2,1.5435429811477661,0.9792994260787964
0.9130434782608745,0.9132544378698224,0.1063829787234042,0.963855421686747,0.0048309178743961,0.6621663568037213,1.3262537354088335,0.9375,0.4583333333333333,0.5271317829457365,0.3122529644268774,0.3043478260869565,0.6956521739130435,-1.731849315299365,-1.12663519924526,0.0986795749354746,0.8680499489906164,2.0,1.0,-0.7854393383531333,0.3351174167375081,0.6786315689776655,0.0769230769230769,0.0636363636363636,0.0454545454545454,0.0925925925925925,0.280216452956974,-0.262273783592276,0.0606060606060606,0.0294117647058823,1,2,0.0555555555555555,0.0571428571428571,0.4333333333333333,0.3636363636363636,1,2,1.546502947807312,0.9245708584785461
0.9130434782608745,0.9153846153846152,0.1276595744680851,0.072289156626506,0.0096618357487922,-0.0555887924831992,0.1355119066584327,0.3541666666666666,0.5833333333333333,0.7286821705426356,0.2450592885375493,0.782608695652174,0.0869565217391304,-2.480537902933408,-0.8914660836596286,0.5447292693384591,1.378242222382204,0.0,1.0,2.0564030503661823,-1.2079766391580398,-1.4615470255251903,0.0,0.0363636363636363,0.0909090909090909,0.0277777777777777,-0.8374770360626529,0.076600850264135,0.0,0.0588235294117647,0,1,0.1111111111111111,0.0285714285714285,0.0,0.4545454545454545,-1,0,1.183397650718689,1.189042091369629
0.9130434782608745,0.9153846153846152,0.1276595744680851,0.5903614457831325,0.1014492753623188,0.325765848800376,-0.6453268123326239,0.3958333333333333,0.0625,0.872093023255814,0.4268774703557312,0.8260869565217391,0.7391304347826086,-2.790905587662344,-3.253004686642547,-0.3473701194675071,0.6493961175370817,0.0,2.0,0.108968160026659,-0.8194319037593477,-0.3422945897864637,0.048076923076923,0.0181818181818181,0.0999999999999999,0.074074074074074,-0.4935713471335369,-0.5164297589845843,0.0,0.0,1,1,0.1111111111111111,0.1142857142857142,0.0,0.4545454545454545,-1,2,1.3790372610092163,1.0669759511947632
0.9130434782608745,0.9153846153846152,0.1276595744680851,0.5301204819277109,0.1304347826086956,0.4274726451546484,1.631364811325387,0.4583333333333333,0.6458333333333333,0.3062015503875969,0.8221343873517786,0.6521739130434783,0.5217391304347826,-1.1777564597926955,-3.155505001934415,3.1466858200225287,1.2324730014131775,1.0,1.0,-1.040629828196984,1.2921484475112557,1.0093469091919458,0.0769230769230769,0.0454545454545454,0.109090909090909,0.0648148148148148,-0.3216185026689789,-0.1775551251281732,0.0303030303030303,0.0294117647058823,2,2,0.0833333333333333,0.0285714285714285,0.0,0.4545454545454545,0,2,1.599034309387207,0.9897119998931885
0.9130434782608745,0.9153846153846152,0.1276595744680851,0.5783132530120483,0.1497584541062802,0.0466276637294959,0.9255303612728571,0.5416666666666666,0.7916666666666666,0.7674418604651163,0.7233201581027667,0.5652173913043479,0.3043478260869565,-1.6708000145399644,-1.1381800162967972,0.1730211906693063,-1.5371421969982852,0.0,2.0,1.472994005157938,-0.7434227029254181,-1.3308683487501232,0.0576923076923076,0.0818181818181818,0.0272727272727272,0.0648148148148148,0.280216452956974,0.1613195087282378,0.0909090909090909,0.088235294117647,0,3,0.0555555555555555,0.0285714285714285,0.0,0.4545454545454545,-1,2,1.3486907482147217,1.0666801929473877
0.9130434782608745,0.9155029585798816,0.1276595744680851,0.0602409638554216,0.0289855072463768,0.647552869397522,0.2926303474825015,0.0833333333333333,0.375,0.3488372093023256,0.826086956521739,0.2608695652173913,0.0434782608695652,-0.9542100940215886,-1.5807733762377103,0.916437348007612,0.8680499489906164,1.0,1.0,-0.6344591107512245,0.403220942973219,0.3049491498608237,0.0865384615384615,0.0818181818181818,0.0272727272727272,0.0555555555555555,0.5381457196538111,0.2460381671923406,0.0606060606060606,0.1176470588235294,3,1,0.0,0.0285714285714285,0.0333333333333333,0.4545454545454545,0,2,1.5152292251586914,0.9449490904808044
0.9130434782608745,0.9155029585798816,0.1276595744680851,0.9879518072289156,0.0048309178743961,0.675328585357549,0.4478321031164581,0.2708333333333333,0.1666666666666666,0.8992248062015504,0.075098814229249,0.6956521739130435,0.1304347826086956,-1.1106572177651144,-1.5203206885572735,-1.611177586942626,0.9409345594751296,0.0,1.0,0.0114542414871538,-0.5433869255002135,-0.3422945897864637,0.0288461538461538,0.109090909090909,0.0454545454545454,0.0648148148148148,-0.1496656582044209,0.4154754841205461,0.0303030303030303,0.088235294117647,2,1,0.0833333333333333,0.0571428571428571,0.0333333333333333,0.4545454545454545,-1,2,1.4175834655761719,1.0376485586166382
0.9130434782608745,0.9155029585798816,0.1276595744680851,0.5060240963855422,0.144927536231884,0.3900859524598242,-1.7176600994610265,0.3125,0.6875,0.1511627906976744,0.1106719367588932,0.4782608695652174,0.3478260869565217,-3.584185659359346,-0.4092290560638572,2.998002588554868,0.2120884546300072,1.0,2.0,3.0012059281015104,-0.4202767478793102,-1.8415674997873623,0.0576923076923076,0.0272727272727272,0.0181818181818181,0.0277777777777777,0.3661928751892531,-0.0081178081999676,0.0303030303030303,0.0588235294117647,2,2,0.0,0.0571428571428571,0.0333333333333333,0.4545454545454545,-1,0,1.1791247129440308,1.1256959438323975
0.9130434782608745,0.9155029585798816,0.1276595744680851,0.7951807228915663,0.0966183574879227,0.2243599505966045,-1.5893403680795375,0.4791666666666666,0.0416666666666666,0.4728682170542636,0.1620553359683794,0.4347826086956522,0.217391304347826,-2.284430327996032,-1.4645326011409965,0.7677541165399513,0.2849730651145205,1.0,0.0,-0.3451574802028851,-0.3714349085548058,0.1072663348040449,0.048076923076923,0.0818181818181818,0.0363636363636363,0.0462962962962962,0.108263608492416,0.3307568256564434,0.0303030303030303,0.1176470588235294,4,1,0.0,0.0571428571428571,0.0333333333333333,0.4545454545454545,1,2,1.472815990447998,0.9819037318229675
0.9130434782608745,0.9155029585798816,0.1276595744680851,0.963855421686747,0.1062801932367149,0.7099624301861833,1.3262537354088335,0.9375,0.3333333333333333,0.5271317829457365,0.3201581027667984,0.1739130434782608,0.3913043478260869,-1.5396043145614988,-1.4920950351757314,0.0986795749354746,0.139203844145494,2.0,0.0,-0.3276043744598828,-0.6930545503312608,0.2137614593632656,0.0961538461538461,0.0727272727272727,0.0545454545454545,0.0648148148148148,0.3661928751892531,0.076600850264135,0.0909090909090909,0.088235294117647,1,1,0.0555555555555555,0.0285714285714285,0.0333333333333333,0.4545454545454545,1,2,1.476782202720642,0.9244109392166138
0.9130434782608745,0.9155029585798816,0.1276595744680851,0.5301204819277109,0.0241545893719806,0.8312371341682282,1.5266360963959602,0.9583333333333331,0.4375,0.996124031007752,0.901185770750988,0.6086956521739131,0.0,-1.4590853781954336,-0.2016016734962772,0.6934125008061197,1.3053576118976908,1.0,6.0,3.2521273167012787,0.6712924269632286,-2.0432821576615945,0.0673076923076923,0.0636363636363636,0.1181818181818181,0.0462962962962962,-0.4935713471335369,0.1613195087282378,0.0606060606060606,0.088235294117647,0,2,0.1388888888888889,0.0285714285714285,0.0333333333333333,0.4545454545454545,-1,0,1.2035497426986694,1.8110333681106567
0.9130434782608745,0.9158579881656808,0.0,0.2048192771084337,0.0241545893719806,0.3280918949906568,0.1971008165607045,0.6458333333333333,0.0625,0.4224806201550387,0.91699604743083,0.1739130434782608,0.782608695652174,-2.062735946576331,-1.5802811692251284,0.4785870965164475,-0.0965243540998689,1.0,0.0,0.3756369276637238,-1.3140692476668494,-0.4536354789182888,0.0576923076923076,0.0363636363636363,0.0727272727272727,0.074074074074074,-0.1496656582044209,-0.3469924420563787,0.0303030303030303,0.0294117647058823,3,1,0.0277777777777777,0.1142857142857142,0.1333333333333333,0.4545454545454545,1,2,1.3273342847824097,0.9973326921463013
0.9130434782608745,0.9159763313609468,0.0212765957446808,0.072289156626506,0.1739130434782608,-0.2282503442662847,0.1355119066584327,0.3541666666666666,0.3958333333333333,0.7286821705426356,0.8735177865612648,0.7391304347826086,0.6521739130434783,-2.730691548417818,-2.4934970514494235,0.1730211906693063,0.2120884546300072,0.0,0.0,0.0766681698861375,-1.2608886483974704,-0.1371620867983627,0.0,0.0454545454545454,0.0999999999999999,0.1203703703703703,-0.923453458294932,-0.6858670759127897,0.0,0.0,0,1,0.1388888888888889,0.1428571428571428,0.1666666666666666,0.4545454545454545,0,2,1.3918648958206177,1.0417495965957642
0.9130434782608745,0.9159763313609468,0.0851063829787234,0.216867469879518,0.1545893719806763,-0.0983731441580932,-1.232945508814998,0.6458333333333333,0.0625,0.8178294573643411,0.4268774703557312,0.4347826086956522,0.782608695652174,-3.192090610120524,-3.253004686642547,1.3624870424105964,0.6493961175370817,1.0,0.0,-0.3311102143717804,-0.3131236881127919,0.1902538844495407,0.0673076923076923,0.0363636363636363,0.0727272727272727,0.0833333333333333,-0.0636892359721419,-0.4317111005204815,0.0606060606060606,0.0294117647058823,3,1,0.0277777777777777,0.1428571428571428,0.1666666666666666,0.4545454545454545,1,2,1.5030382871627808,1.0223512649536133
0.9130434782608745,0.9163313609467454,0.1063829787234042,0.5060240963855422,0.0289855072463768,0.2717505028382066,-1.7070176610963443,0.3125,0.3541666666666666,0.1511627906976744,0.7312252964426877,0.3478260869565217,0.7391304347826086,-3.3550729124961283,-2.58985129204537,2.9236609728210365,0.6493961175370817,2.0,5.0,-0.0049790469337583,-0.97312496172793,-0.1647075623399614,0.0673076923076923,0.0,0.0363636363636363,0.1018518518518518,0.280216452956974,-0.940023051305098,0.0303030303030303,0.0,2,1,0.0277777777777777,0.1428571428571428,0.2666666666666666,0.4545454545454545,-1,2,1.4405995607376099,1.0621312856674194
0.9130434782608745,0.916568047337278,0.0212765957446808,0.2289156626506024,0.0241545893719806,0.3280918949906568,0.1971008165607045,0.0625,0.2708333333333333,0.9108527131782944,0.7549407114624506,0.0434782608695652,0.3043478260869565,-1.7342593631329897,0.364724613970076,-0.1417609654624038,0.1195764613549228,2.0,2.0,0.7014359634020871,-1.076854081981862,-0.8122119763186683,0.0384615384615384,0.0272727272727272,0.0909090909090909,0.0555555555555555,-0.4935713471335369,-0.262273783592276,0.0303030303030303,0.0294117647058823,1,2,0.1666666666666666,0.1142857142857142,0.3333333333333333,0.4545454545454545,0,2,1.4578951597213745,1.0391149520874023
0.9130434782608745,0.916568047337278,0.0212765957446808,0.2048192771084337,0.0241545893719806,0.3280918949906568,0.1971008165607045,0.6458333333333333,0.3958333333333333,0.4224806201550387,0.8735177865612648,0.0,0.3913043478260869,-2.1114828615270667,-1.68075772334072,0.4785870965164475,-0.4362856828031928,1.0,1.0,-0.2753010668267623,-0.7686978793825137,0.1578111301353347,0.0769230769230769,0.0454545454545454,0.0727272727272727,0.1203703703703703,0.022287186260137,-0.6858670759127897,0.0909090909090909,0.0,3,2,0.0277777777777777,0.1428571428571428,0.3333333333333333,0.4545454545454545,0,2,1.5839215517044067,0.9401766657829285
0.9130434782608745,0.9166863905325444,0.1489361702127659,0.2289156626506024,0.1400966183574879,0.2212320674930488,-2.619197084504813,0.0625,0.2708333333333333,0.4224806201550387,0.9051383399209486,0.7391304347826086,0.6521739130434783,-3.121775223812885,-1.207204171753925,-0.4217117352013387,-1.2456037550602377,2.0,2.0,1.463100902642582,-0.8704128100053846,-1.2261158930576357,0.0576923076923076,0.0454545454545454,0.109090909090909,0.074074074074074,-0.4935713471335369,-0.262273783592276,0.0303030303030303,0.0294117647058823,2,3,0.1666666666666666,0.1142857142857142,0.3666666666666667,0.4545454545454545,0,2,1.345466136932373,1.0624134540557861
0.9130434782608745,0.9166863905325444,0.1489361702127659,0.746987951807229,0.072463768115942,0.5236606816336037,0.3388011684746753,0.1666666666666666,0.4583333333333333,0.0736434108527131,0.3122529644268774,0.0869565217391304,0.6956521739130435,-1.5847953078697798,-1.4560504807634873,1.808536736813578,2.835934432072449,1.0,0.0,-0.292676569137816,-0.3958273655809532,0.0364751092513681,0.125,0.0818181818181818,0.0636363636363636,0.1203703703703703,0.5381457196538111,-0.3469924420563787,0.1212121212121212,0.0294117647058823,1,3,0.0555555555555555,0.0857142857142857,0.3666666666666667,0.4545454545454545,1,2,1.531268835067749,0.927987813949585
0.9130434782608745,0.9166863905325444,0.1489361702127659,0.216867469879518,0.1690821256038647,-0.0281875462650217,-1.232945508814998,0.6458333333333333,0.3958333333333333,0.8178294573643411,0.8735177865612648,0.4782608695652174,0.8260869565217391,-3.3803193847924087,-2.4934970514494235,1.3624870424105964,0.2120884546300072,1.0,1.0,0.3172150545231437,-0.6779912040122626,-0.3175724470640408,0.0865384615384615,0.0545454545454545,0.0818181818181818,0.1296296296296296,0.022287186260137,-0.6858670759127897,0.0909090909090909,0.0,4,3,0.0277777777777777,0.1428571428571428,0.3666666666666667,0.4545454545454545,0,2,1.3603289127349854,1.0188450813293457
0.9130434782608745,0.9166863905325444,0.1489361702127659,0.710843373493976,0.144927536231884,-0.1453164517232307,-2.287934555322679,0.7916666666666666,0.0833333333333333,0.7209302325581395,0.3478260869565217,0.3913043478260869,0.1739130434782608,-1.221559467169711,-1.1603018340107225,-1.6855192026764578,-0.7354114816686522,1.0,2.0,0.2518632494317034,-0.8194319037593477,-0.5222937874349505,0.1057692307692307,0.0909090909090909,0.0636363636363636,0.037037037037037,0.3661928751892531,0.5001941425846489,0.1212121212121212,0.0588235294117647,3,4,0.0277777777777777,0.0,0.3666666666666667,0.4545454545454545,-1,2,1.3716017007827759,1.0140353441238403
0.9130434782608745,0.9168047337278108,0.0212765957446808,0.4698795180722891,0.0241545893719806,0.3280918949906568,0.1971008165607045,0.3333333333333333,0.3541666666666666,0.3178294573643411,0.7312252964426877,0.3478260869565217,0.782608695652174,-0.3518947283227124,-1.968376444166335,0.1200616396512995,1.1144204633044654,2.0,1.0,-1.0005375515276804,0.4483785799578783,1.3580941477580704,0.0769230769230769,0.0454545454545454,0.0818181818181818,0.1203703703703703,-0.0636892359721419,-0.6858670759127897,0.0909090909090909,0.0294117647058823,1,1,0.0555555555555555,0.1428571428571428,0.4,0.4545454545454545,1,2,1.623937726020813,0.9344863891601562
0.9130434782608745,0.916923076923077,0.1489361702127659,0.9518072289156628,0.0917874396135265,0.4674858784906333,0.1033261407851909,0.0416666666666666,0.3125,0.1627906976744186,0.150197628458498,0.1304347826086956,0.5217391304347826,-1.7173178850334945,-3.354222363648537,0.6190708850722907,2.690165211103422,3.0,1.0,-1.2250092832347306,1.6798354393466126,1.4820001305830897,0.0865384615384615,0.0818181818181818,0.0545454545454545,0.0833333333333333,0.280216452956974,-0.0081178081999676,0.1212121212121212,0.0294117647058823,1,2,0.0833333333333333,0.0571428571428571,0.4333333333333333,0.4545454545454545,1,2,1.6658324003219604,0.9701453447341919
0.9130434782608745,0.916923076923077,0.1489361702127659,0.4698795180722891,0.1256038647342995,0.5147529722006204,0.9777269597738448,0.3333333333333333,0.3541666666666666,0.3178294573643411,0.7312252964426877,0.3478260869565217,0.782608695652174,-1.6491875429021348,-2.7164127626594023,-0.2730285037336781,0.5765115070525685,2.0,1.0,-0.4445756469866985,0.3305614020712252,0.5185123593124616,0.0961538461538461,0.0545454545454545,0.0909090909090909,0.1388888888888889,0.022287186260137,-0.7705857343768925,0.1212121212121212,0.0294117647058823,1,1,0.0555555555555555,0.1714285714285714,0.4333333333333333,0.4545454545454545,1,2,1.5459625720977783,0.9404276609420776
0.9130434782608745,0.916923076923077,0.1489361702127659,0.036144578313253,0.0676328502415458,0.5602000587171124,0.3599636414504472,0.375,0.4791666666666666,0.8217054263565892,0.4703557312252964,0.0434782608695652,0.4347826086956522,-1.6550425027132378,-2.3901310472301565,0.9907789637414436,1.9613191062583,1.0,0.0,-0.4877778418888012,0.289467864947733,0.1072663348040449,0.0961538461538461,0.0545454545454545,0.0636363636363636,0.037037037037037,0.280216452956974,0.1613195087282378,0.1212121212121212,0.0588235294117647,2,4,0.0277777777777777,0.0,0.4333333333333333,0.4545454545454545,1,2,1.5750960111618042,0.9285848140716553
0.9130434782608745,0.916923076923077,0.1489361702127659,0.5301204819277109,0.1159420289855072,0.7628436946701831,1.534072046965655,0.4375,0.5416666666666666,0.8953488372093024,0.7707509881422925,0.0,0.5652173913043479,-0.5050985362021326,-1.615109644923772,-0.4217117352013387,2.107088327227326,2.0,1.0,-1.040629828196984,1.0609613108719451,1.1560881276248929,0.125,0.0545454545454545,0.0545454545454545,0.0462962962962962,0.62412214188609,0.076600850264135,0.1212121212121212,0.088235294117647,2,0,0.0277777777777777,0.0857142857142857,0.4333333333333333,0.4545454545454545,1,2,1.6834585666656494,0.9237344861030579
0.9130434782608745,0.916923076923077,0.1489361702127659,0.5060240963855422,0.0241545893719806,0.3691597506434284,-1.644175013363636,0.5833333333333333,0.9375,0.2364341085271318,0.5138339920948616,0.217391304347826,0.2608695652173913,-1.4475520650952356,-1.4509904924470152,2.477611278418055,1.378242222382204,0.0,0.0,0.3909016249104913,-1.1553305205341426,-0.5145939824776892,0.048076923076923,0.109090909090909,0.0272727272727272,0.0555555555555555,0.194240030724695,0.5001941425846489,0.0909090909090909,0.1176470588235294,1,1,0.0277777777777777,0.0571428571428571,0.4333333333333333,0.4545454545454545,0,2,1.3237981796264648,1.0301837921142578
0.9130434782608745,0.916923076923077,0.1489361702127659,0.0,0.1497584541062802,0.6440777013844666,0.1751220466067397,0.6875,0.9583333333333331,0.003875968992248,0.9960474308300394,0.3043478260869565,0.6086956521739131,-0.493403124370437,-1.7525519474529614,0.0986795749354746,1.4511268328667146,2.0,0.0,-1.287965238374771,1.7993411712051106,1.700984698661851,0.048076923076923,0.0727272727272727,0.0363636363636363,0.1759259259259259,0.108263608492416,-0.940023051305098,0.0909090909090909,0.0588235294117647,2,0,0.0555555555555555,0.1714285714285714,0.4333333333333333,0.4545454545454545,1,2,1.6859591007232666,0.8985249400138855
0.9130434782608745,0.9170414201183434,0.1702127659574468,0.710843373493976,0.0628019323671497,-0.257819221530125,-2.287934555322679,0.7916666666666666,0.6458333333333333,0.7209302325581395,0.8221343873517786,0.3043478260869565,0.5217391304347826,-1.2628503751549367,-3.2297748002668367,-1.8342024341441183,0.5036268965680551,2.0,1.0,-0.98060781080609,0.8462702824403396,1.043058477922758,0.1153846153846153,0.0909090909090909,0.0818181818181818,0.0925925925925925,0.280216452956974,-0.0081178081999676,0.1212121212121212,0.088235294117647,3,5,0.0555555555555555,0.0285714285714285,0.4666666666666667,0.4545454545454545,1,2,1.6234540939331055,1.0183254480361938
0.9130434782608745,0.9171597633136096,0.1702127659574468,0.9518072289156628,0.0048309178743961,0.6538393610889954,0.1033261407851909,0.0416666666666666,0.4375,0.1627906976744186,0.901185770750988,0.1304347826086956,0.0434782608695652,-2.1280937224997176,-0.5692393753784138,0.8420957322737803,0.4307422860835445,1.0,1.0,0.6870654337168635,-0.8448913465681646,-0.8716759310311647,0.1153846153846153,0.1363636363636363,0.0636363636363636,0.0648148148148148,0.452169297421532,0.6696314595128544,0.1515151515151515,0.1470588235294117,1,2,0.0833333333333333,0.0285714285714285,0.5,0.4545454545454545,0,2,1.3647994995117188,1.1097241640090942
0.9130434782608745,0.9171597633136096,0.1702127659574468,0.9879518072289156,0.1497584541062802,0.7197839242404653,0.4478321031164581,0.2708333333333333,0.9375,0.8992248062015504,0.5138339920948616,0.6956521739130435,0.2608695652173913,-0.9869726998802596,-1.4679426969596423,-1.7598608184102893,1.669780664320252,2.0,2.0,1.678852499226864,-1.076854081981862,-1.3308683487501232,0.0673076923076923,0.109090909090909,0.0909090909090909,0.0555555555555555,-0.2356420804366999,0.5001941425846489,0.0303030303030303,0.1176470588235294,4,2,0.1111111111111111,0.0571428571428571,0.5,0.4545454545454545,0,2,1.244626760482788,1.116470217704773
0.9130434782608745,0.9171597633136096,0.1702127659574468,0.5060240963855422,0.072463768115942,0.0970923206698187,-1.7176600994610265,0.3125,0.375,0.1511627906976744,0.826086956521739,0.4782608695652174,0.0869565217391304,-3.4594897590299385,-1.6746692422248248,2.2545864312165627,1.378242222382204,2.0,2.0,1.8539032535944813,-0.6679609920828745,-1.492454906304575,0.0961538461538461,0.0999999999999999,0.109090909090909,0.0648148148148148,-0.1496656582044209,0.3307568256564434,0.0303030303030303,0.1470588235294117,2,2,0.0833333333333333,0.0285714285714285,0.5,0.4545454545454545,0,2,1.2103852033615112,1.1924482583999634
0.9130434782608745,0.9171597633136096,0.1702127659574468,0.072289156626506,0.0869565217391304,-0.1487944422367991,0.1355119066584327,0.3541666666666666,0.4791666666666666,0.7286821705426356,0.4703557312252964,0.6086956521739131,0.4347826086956522,-2.601152146371299,-2.5000642997037543,0.6934125008061197,2.6172806006189115,5.0,0.0,1.4853337273489329,-1.4752502046748277,-1.1487501822266803,0.0673076923076923,0.0545454545454545,0.1545454545454545,0.0462962962962962,-0.8374770360626529,0.076600850264135,0.0303030303030303,0.0588235294117647,1,4,0.1944444444444444,0.0285714285714285,0.5,0.4545454545454545,1,2,1.3049615621566772,1.06015944480896
0.9130434782608745,0.9171597633136096,0.1702127659574468,0.5903614457831325,0.0289855072463768,0.2824836350297479,-0.6453268123326239,0.3958333333333333,0.5833333333333333,0.872093023255814,0.2450592885375493,0.8260869565217391,0.3478260869565217,-2.616140394133212,-1.2996198288272922,0.0243379592016457,2.107088327227326,2.0,1.0,0.8569214190858281,-1.556780231391779,-0.7703859355658215,0.0673076923076923,0.0454545454545454,0.1363636363636363,0.0277777777777777,-0.665524191598095,0.1613195087282378,0.0,0.088235294117647,4,2,0.1388888888888889,0.0285714285714285,0.5,0.4545454545454545,1,2,1.3085078001022339,1.0714002847671509
0.9130434782608745,0.9171597633136096,0.1702127659574468,0.5301204819277109,0.0821256038647342,0.2885468247521596,1.631364811325387,0.4583333333333333,0.0625,0.3062015503875969,0.4268774703557312,0.782608695652174,0.5652173913043479,-1.7173178850334945,-2.9634202658115005,4.0387852088284975,-0.0794499873080406,1.0,2.0,-0.4517509010041132,-0.1068006063244312,0.1952168180972665,0.0865384615384615,0.0727272727272727,0.1272727272727272,0.1296296296296296,-0.4075949249012579,-0.5164297589845843,0.0303030303030303,0.0294117647058823,3,3,0.1111111111111111,0.1714285714285714,0.5,0.4545454545454545,-1,2,1.489857792854309,1.2120147943496704
0.9130434782608745,0.9171597633136096,0.1702127659574468,0.3855421686746988,0.1400966183574879,0.321155962714796,-1.4556710993252526,0.5416666666666666,0.1666666666666666,0.7674418604651163,0.075098814229249,0.7391304347826086,0.0,-1.6907990842361678,-1.5751471203616554,0.6190708850722907,1.378242222382204,1.0,2.0,1.8424164449299931,-0.7434227029254181,-1.4821199994840062,0.0673076923076923,0.1272727272727272,0.0636363636363636,0.0648148148148148,0.022287186260137,0.5849128010487517,0.0909090909090909,0.1470588235294117,0,1,0.1111111111111111,0.0571428571428571,0.5,0.4545454545454545,-1,2,1.210262417793274,1.1748138666152954
0.9130434782608745,0.9171597633136096,0.1702127659574468,0.8433734939759037,0.144927536231884,0.1952814285049809,-1.1510893651853014,0.9583333333333331,0.3333333333333333,0.996124031007752,0.3201581027667984,0.6521739130434783,0.3913043478260869,-2.1820075397717837,-1.8105483069030877,0.9907789637414436,0.0663192336609833,0.0,0.0,0.9671252265604388,-0.9473523643270856,-1.0207248466746464,0.0769230769230769,0.109090909090909,0.1909090909090909,0.1018518518518518,-1.0954063027594898,0.076600850264135,0.0606060606060606,0.1470588235294117,0,1,0.1944444444444444,0.0571428571428571,0.5,0.4545454545454545,0,2,1.340762972831726,1.051677942276001
0.9130434782608745,0.917396449704142,0.1702127659574468,0.0602409638554216,0.1594202898550724,0.5771541425578968,0.2926303474825015,0.0833333333333333,0.6875,0.3488372093023256,0.0039525691699604,0.217391304347826,0.1739130434782608,-1.1131208433337685,-0.2074176118359059,-0.3473701194675071,0.139203844145494,0.0,4.0,0.7585205535609649,-0.9473523643270856,-0.8974930446961983,0.1153846153846153,0.0636363636363636,0.0454545454545454,0.037037037037037,0.62412214188609,0.2460381671923406,0.0909090909090909,0.1176470588235294,4,2,0.0,0.0571428571428571,0.5666666666666667,0.4545454545454545,-1,2,1.3632339239120483,1.0278253555297852
0.9130434782608745,0.917514792899408,0.0425531914893616,0.2289156626506024,0.0241545893719806,0.3280918949906568,0.1971008165607045,0.0625,0.3125,0.9108527131782944,0.150197628458498,0.1739130434782608,0.6521739130434783,-1.974172355828038,-3.1763731409360174,-0.1417609654624038,0.6621332339324307,1.0,2.0,-0.8238860209011809,0.5826952346024562,0.7158860585234431,0.0961538461538461,0.109090909090909,0.1363636363636363,0.1296296296296296,-0.4075949249012579,-0.1775551251281732,0.0606060606060606,0.0294117647058823,3,3,0.1666666666666666,0.0857142857142857,0.6,0.4545454545454545,-1,2,1.5543161630630493,0.940546452999115
0.9130434782608745,0.917514792899408,0.0425531914893616,0.746987951807229,0.0241545893719806,0.3280918949906568,0.1971008165607045,0.1666666666666666,0.0416666666666666,0.0736434108527131,0.1620553359683794,0.7391304347826086,0.2608695652173913,-0.8773741966255213,-0.7129916920324826,0.0665138130111448,-0.7119003169962296,1.0,1.0,-0.2579839696756624,-0.4693473554356376,0.0234387947139002,0.1538461538461538,0.1181818181818181,0.0727272727272727,0.074074074074074,0.7100985641183691,0.4154754841205461,0.1818181818181818,0.1470588235294117,1,2,0.0555555555555555,0.0857142857142857,0.6,0.4545454545454545,0,2,1.4758589267730713,0.950034499168396
0.9130434782608745,0.9176331360946746,0.0425531914893616,0.4698795180722891,0.0241545893719806,0.3280918949906568,0.1971008165607045,0.3333333333333333,0.4583333333333333,0.3178294573643411,0.541501976284585,0.0434782608695652,0.6086956521739131,-0.6976119362193218,-0.2295384105647442,0.1200616396512995,0.0002745635450137,2.0,0.0,-0.6717913868051741,0.2665682808359271,0.474389017901951,0.1153846153846153,0.0909090909090909,0.0999999999999999,0.1481481481481481,0.108263608492416,-0.5164297589845843,0.1515151515151515,0.0294117647058823,2,3,0.0555555555555555,0.1428571428571428,0.6333333333333333,0.4545454545454545,1,2,1.6187684535980225,0.9373432397842407
0.9130434782608745,0.9176331360946746,0.0425531914893616,0.5903614457831325,0.0241545893719806,0.3280918949906568,0.1971008165607045,0.3958333333333333,0.0833333333333333,0.872093023255814,0.3478260869565217,0.5652173913043479,0.6956521739130435,-1.931648634253336,0.0129229627082578,-0.4883143183824354,0.4168381450064988,4.0,2.0,1.1413259839698977,-1.3943497597350551,-0.993926882233862,0.0865384615384615,0.109090909090909,0.1454545454545454,0.0833333333333333,-0.579547769365816,0.2460381671923406,0.0303030303030303,0.088235294117647,4,4,0.1388888888888889,0.0285714285714285,0.6333333333333333,0.4545454545454545,1,2,1.302891731262207,1.0458258390426636
0.9130434782608745,0.9176331360946746,0.0425531914893616,0.4819277108433735,0.0241545893719806,0.3280918949906568,0.1971008165607045,0.4791666666666666,0.5416666666666666,0.4728682170542636,0.7707509881422925,0.4347826086956522,0.3043478260869565,-1.5936864033649845,-0.122649475892013,1.5643688612841171,-0.0402226603643458,1.0,0.0,-0.415974149226847,-0.154421395407195,0.1765671074816789,0.0576923076923076,0.0727272727272727,0.0909090909090909,0.0833333333333333,-0.3216185026689789,-0.0928364666640704,0.0606060606060606,0.088235294117647,4,0,0.0555555555555555,0.1428571428571428,0.6333333333333333,0.4545454545454545,1,2,1.4718271493911743,0.9377873539924622
0.9130434782608745,0.9176331360946746,0.0425531914893616,0.2409638554216867,0.0241545893719806,0.3280918949906568,0.1971008165607045,0.5833333333333333,0.2708333333333333,0.8178294573643411,0.7549407114624506,0.3478260869565217,0.0869565217391304,-0.1887062052924634,0.1305910920965295,0.3124269791225654,0.1195764613549228,1.0,0.0,0.108968160026659,-0.8959965969805078,-0.3204713156955137,0.0576923076923076,0.0818181818181818,0.0454545454545454,0.1111111111111111,0.108263608492416,-0.262273783592276,0.0909090909090909,0.0294117647058823,2,5,0.0555555555555555,0.1142857142857142,0.6333333333333333,0.4545454545454545,1,2,1.3725512027740479,1.0736584663391113
0.9130434782608745,0.9176331360946746,0.0425531914893616,0.2048192771084337,0.0241545893719806,0.3280918949906568,0.1971008165607045,0.6458333333333333,0.9583333333333331,0.4224806201550387,0.7470355731225296,0.0,0.5217391304347826,-2.271078837708098,-1.095420759807292,0.4785870965164475,-0.343060681303428,2.0,0.0,0.0114542414871538,-0.97312496172793,-0.1509060112261558,0.1057692307692307,0.0727272727272727,0.109090909090909,0.1944444444444444,-0.0636892359721419,-1.1094603682333035,0.0909090909090909,0.0588235294117647,5,1,0.0555555555555555,0.1999999999999999,0.6333333333333333,0.4545454545454545,1,2,1.5484195947647095,0.9966927766799927
0.9130434782608745,0.9176331360946746,0.0425531914893616,0.3012048192771084,0.0241545893719806,0.3280918949906568,0.1971008165607045,0.9375,0.3541666666666666,0.5271317829457365,0.7312252964426877,0.782608695652174,0.217391304347826,-0.0508041302842555,-2.0414444373063847,-0.0508797361788803,1.1144204633044654,0.0,1.0,-1.1013593905706476,0.7153116327317584,1.5851955762424772,0.1346153846153846,0.109090909090909,0.0727272727272727,0.1574074074074073,0.5381457196538111,-0.4317111005204815,0.1212121212121212,0.0588235294117647,3,1,0.0555555555555555,0.1999999999999999,0.6333333333333333,0.4545454545454545,-1,2,1.6016241312026978,0.9506130814552307
0.9130434782608745,0.9177514792899406,0.0425531914893616,0.5301204819277109,0.0241545893719806,0.3280918949906568,0.1971008165607045,0.4375,0.375,0.8953488372093024,0.826086956521739,0.3913043478260869,0.8260869565217391,0.6115348308968968,-1.1416283139114676,0.115225467772681,0.0108594786393483,2.0,1.0,-0.9607548708172284,1.1245199824162155,0.7994883966076645,0.1538461538461538,0.1181818181818181,0.0727272727272727,0.0833333333333333,0.7100985641183691,0.3307568256564434,0.1515151515151515,0.1470588235294117,3,3,0.0277777777777777,0.0285714285714285,0.6666666666666666,0.4545454545454545,1,2,1.6062058210372925,0.9287299513816833
0.9130434782608745,0.9177514792899406,0.0425531914893616,0.0,0.0241545893719806,0.3280918949906568,0.1971008165607045,0.6875,0.7916666666666666,0.003875968992248,0.7233201581027667,0.4782608695652174,0.1304347826086956,0.5086778834057696,-0.219190454890168,0.0884758237563281,-1.5521240335978803,2.0,1.0,-0.7472774486603239,0.493342406745466,0.5420283523333995,0.1057692307692307,0.1272727272727272,0.0363636363636363,0.0925925925925925,0.62412214188609,0.3307568256564434,0.1515151515151515,0.1470588235294117,2,3,0.0555555555555555,0.0571428571428571,0.6666666666666666,0.4545454545454545,1,2,1.5286730527877808,0.9196586608886719
0.9130434782608745,0.9178698224852072,0.0638297872340425,0.5060240963855422,0.0241545893719806,0.3280918949906568,0.1971008165607045,0.3125,0.1666666666666666,0.1511627906976744,0.075098814229249,0.217391304347826,0.0434782608695652,-3.131436933222787,-0.7128228618206511,0.6320626237442196,0.1076684920328081,2.0,1.0,1.258566148250302,-0.59303894052313,-1.2722614868997255,0.1346153846153846,0.1545454545454545,0.1363636363636363,0.0833333333333333,-0.0636892359721419,0.6696314595128544,0.0606060606060606,0.1764705882352941,3,2,0.0833333333333333,0.0571428571428571,0.7,0.4545454545454545,1,2,1.351096510887146,1.1462278366088867
0.9130434782608745,0.9178698224852072,0.0638297872340425,0.072289156626506,0.0241545893719806,0.3280918949906568,0.1971008165607045,0.3541666666666666,0.0625,0.7286821705426356,0.91699604743083,0.6956521739130435,0.6086956521739131,-2.026425739499429,-1.7503702962215637,1.0933913347543394,-0.0965243540998689,0.0,0.0,-0.1383672501511287,-0.7434227029254181,-0.0625794599017156,0.125,0.0999999999999999,0.1545454545454545,0.1574074074074073,-0.3216185026689789,-0.5164297589845843,0.0909090909090909,0.0588235294117647,1,3,0.1944444444444444,0.1999999999999999,0.7,0.4545454545454545,0,2,1.5015974044799805,1.0233725309371948
0.9130434782608745,0.9178698224852072,0.0638297872340425,0.1325301204819277,0.0241545893719806,0.3280918949906568,0.1971008165607045,0.5416666666666666,0.5833333333333333,0.7674418604651163,0.8221343873517786,0.5652173913043479,0.5217391304347826,-0.0866960694487304,-0.0607350207871501,-0.0843337685133374,0.3487620591838878,0.0,1.0,1.2970607100512506,-1.2079766391580398,-1.1301531546901076,0.0769230769230769,0.0636363636363636,0.0909090909090909,0.0462962962962962,-0.1496656582044209,0.1613195087282378,0.0909090909090909,0.1176470588235294,0,2,0.1666666666666666,0.0571428571428571,0.7,0.4545454545454545,-1,2,1.3053189516067505,1.0443507432937622
0.9130434782608745,0.9179881656804736,0.0638297872340425,0.0963855421686747,0.0241545893719806,0.3280918949906568,0.1971008165607045,0.0416666666666666,0.2708333333333333,0.1627906976744186,0.7549407114624506,0.3043478260869565,0.6521739130434783,-0.5323008177400241,0.2127744380871683,-0.7694386475047404,0.1195764613549228,1.0,1.0,-0.8820994261788107,0.9756121173673628,0.7052848734558554,0.1346153846153846,0.0818181818181818,0.0818181818181818,0.1203703703703703,0.452169297421532,-0.3469924420563787,0.1515151515151515,0.0294117647058823,3,5,0.0833333333333333,0.1428571428571428,0.7333333333333333,0.4545454545454545,0,2,1.6243799924850464,0.9470102787017822
0.9130434782608745,0.9179881656804736,0.0638297872340425,0.8072289156626506,0.0241545893719806,0.3280918949906568,0.1971008165607045,0.0833333333333333,0.4791666666666666,0.3488372093023256,0.4703557312252964,0.4782608695652174,0.0,0.2020923493915436,-1.418973065972,0.3818639450231136,1.5761674031474842,1.0,1.0,-0.6905594642164002,0.1281095841487151,0.5808521483598984,0.1346153846153846,0.0636363636363636,0.1181818181818181,0.0925925925925925,0.108263608492416,-0.262273783592276,0.0909090909090909,0.088235294117647,4,4,0.0555555555555555,0.0571428571428571,0.7333333333333333,0.4545454545454545,0,2,1.4970420598983765,0.9638530015945435
0.9130434782608745,0.9179881656804736,0.0638297872340425,0.036144578313253,0.0241545893719806,0.3280918949906568,0.1971008165607045,0.375,0.3333333333333333,0.8217054263565892,0.3201581027667984,0.1739130434782608,0.3478260869565217,-1.1606075833017984,-0.5240813256451797,-0.0322304681947919,0.160166846399134,4.0,1.0,-0.1383672501511287,-0.4693473554356376,-0.1647075623399614,0.1346153846153846,0.1272727272727272,0.0999999999999999,0.1018518518518518,0.280216452956974,0.2460381671923406,0.1515151515151515,0.1764705882352941,3,2,0.0555555555555555,0.0571428571428571,0.7333333333333333,0.4545454545454545,1,2,1.4715514183044434,0.98626708984375
0.9130434782608745,0.9179881656804736,0.0638297872340425,0.5301204819277109,0.0241545893719806,0.3280918949906568,0.1971008165607045,0.4583333333333333,0.4375,0.5542635658914729,0.901185770750988,0.8260869565217391,0.0869565217391304,-0.168384015250229,0.7239295079083531,-0.04302698182486,0.1554254576072724,0.0,1.0,2.8426755260833367,0.5604283706198082,-1.9468162030278535,0.0961538461538461,0.1636363636363636,0.1636363636363636,0.0833333333333333,-0.665524191598095,0.7543501179769573,0.0303030303030303,0.1764705882352941,3,3,0.1666666666666666,0.0285714285714285,0.7333333333333333,0.4545454545454545,-1,2,1.1944892406463623,1.4415788650512695
0.9130434782608745,0.9179881656804736,0.0638297872340425,0.0,0.0241545893719806,0.3280918949906568,0.1971008165607045,0.6875,0.6458333333333333,0.003875968992248,0.4268774703557312,0.2608695652173913,0.4347826086956522,0.5779988852976945,-2.1303174808354477,0.0884758237563281,0.5116656403714944,3.0,1.0,-1.3946322278676115,2.188126249148567,1.993603081739333,0.125,0.1181818181818181,0.0454545454545454,0.1111111111111111,0.7100985641183691,0.076600850264135,0.1818181818181818,0.1176470588235294,2,5,0.0555555555555555,0.0571428571428571,0.7333333333333333,0.4545454545454545,1,2,1.6670112609863281,0.8893918395042419
0.9130434782608745,0.9179881656804736,0.0638297872340425,0.710843373493976,0.0241545893719806,0.3280918949906568,0.1971008165607045,0.7916666666666666,0.3958333333333333,0.7209302325581395,0.8735177865612648,0.1304347826086956,0.782608695652174,-0.2429056611568555,-1.7573113454745275,-1.6264589190656924,-0.4362856828031928,2.0,1.0,-1.1422471571897612,1.2921484475112557,1.3230761034719871,0.1442307692307692,0.1181818181818181,0.109090909090909,0.1666666666666666,0.280216452956974,-0.4317111005204815,0.1515151515151515,0.0588235294117647,3,4,0.0833333333333333,0.1428571428571428,0.7333333333333333,0.4545454545454545,1,2,1.6853604316711426,0.942198634147644
0.9130434782608745,0.9179881656804736,0.0638297872340425,0.8433734939759037,0.0241545893719806,0.3280918949906568,0.1971008165607045,0.9583333333333331,0.9375,0.7441860465116279,0.5138339920948616,0.7391304347826086,0.3913043478260869,-1.0457063091738308,0.145533600252281,-0.3932256955276284,-0.0074242863746937,4.0,1.0,1.6669682227879228,-0.8194319037593477,-1.3905376282993074,0.0769230769230769,0.1272727272727272,0.209090909090909,0.0833333333333333,-1.267359147224048,0.4154754841205461,0.0606060606060606,0.1176470588235294,1,3,0.2222222222222222,0.0857142857142857,0.7333333333333333,0.4545454545454545,1,2,1.2349066734313965,1.1019723415374756
0.9130434782608745,0.9183431952662722,0.0851063829787234,0.746987951807229,0.0241545893719806,0.3280918949906568,0.1971008165607045,0.1666666666666666,0.7916666666666666,0.0736434108527131,0.7233201581027667,0.0869565217391304,0.2608695652173913,-0.6795529106215089,-0.142263589966177,0.0665138130111448,-1.5521240335978803,2.0,1.0,-0.3101108719071423,-0.1305839435759947,-0.0491986889623719,0.173076923076923,0.1545454545454545,0.0999999999999999,0.1203703703703703,0.62412214188609,0.3307568256564434,0.1818181818181818,0.1764705882352941,2,3,0.0833333333333333,0.0857142857142857,0.8333333333333334,0.4545454545454545,1,2,1.4889988899230957,0.9925292134284973
0.9130434782608745,0.9183431952662722,0.0851063829787234,0.4698795180722891,0.0241545893719806,0.3280918949906568,0.1971008165607045,0.3333333333333333,0.0416666666666666,0.3178294573643411,0.1620553359683794,0.1739130434782608,0.217391304347826,-0.5285841257291858,-0.438622947575468,0.1200616396512995,-0.7119003169962296,2.0,0.0,0.0114542414871538,-0.8704128100053846,-0.2064628594759967,0.1442307692307692,0.1363636363636363,0.1363636363636363,0.0925925925925925,0.022287186260137,0.4154754841205461,0.1818181818181818,0.1470588235294117,2,4,0.0833333333333333,0.0857142857142857,0.8333333333333334,0.4545454545454545,1,2,1.4219918251037598,1.0110011100769043
0.9130434782608745,0.9184615384615382,0.0851063829787234,0.5301204819277109,0.0241545893719806,0.3280918949906568,0.1971008165607045,0.4583333333333333,0.3958333333333333,0.5542635658914729,0.8735177865612648,0.8260869565217391,0.6086956521739131,-0.0954067535161529,-1.6675393788725932,-0.04302698182486,-0.4362856828031928,0.0,1.0,-0.4697328793010963,0.0347766233480473,0.1640750047530544,0.0961538461538461,0.1272727272727272,0.1727272727272727,0.1851851851851851,-0.7515006138303739,-0.5164297589845843,0.0303030303030303,0.0588235294117647,3,4,0.1944444444444444,0.1714285714285714,0.8666666666666667,0.4545454545454545,-1,2,1.5254110097885132,0.9503071308135986
0.9130434782608745,0.9184615384615382,0.2340425531914893,0.2289156626506024,0.0289855072463768,0.1046234039894924,-2.619197084504813,0.0625,0.5416666666666666,0.0348837209302325,0.7707509881422925,0.6956521739130435,0.782608695652174,-2.811683410785345,-1.5401274419532096,0.0243379592016457,1.669780664320252,1.0,1.0,0.0928434784697544,-0.7434227029254181,-0.3642635152827687,0.1057692307692307,0.0727272727272727,0.1545454545454545,0.1018518518518518,-0.4935713471335369,-0.262273783592276,0.0606060606060606,0.088235294117647,4,0,0.1944444444444444,0.1999999999999999,0.8666666666666667,0.4545454545454545,0,2,1.374416470527649,1.0233564376831055
0.9130434782608745,0.9184615384615382,0.2340425531914893,0.746987951807229,0.0821256038647342,0.2576953442071552,0.3388011684746753,0.1666666666666666,0.7916666666666666,0.0736434108527131,0.7233201581027667,0.0869565217391304,0.3913043478260869,-1.6530876029975374,-1.115202894358094,2.626294509885716,-1.172719144575724,2.0,1.0,-0.2303971216874095,0.4483785799578783,0.2456600664581622,0.1923076923076923,0.1636363636363636,0.109090909090909,0.1388888888888889,0.7100985641183691,0.2460381671923406,0.2121212121212121,0.1764705882352941,2,3,0.0833333333333333,0.1142857142857142,0.8666666666666667,0.4545454545454545,1,2,1.5287500619888306,0.9640724062919617
0.9130434782608745,0.9184615384615382,0.2340425531914893,0.9879518072289156,0.0772946859903381,0.6522365392784256,0.4478321031164581,0.2708333333333333,0.3541666666666666,0.8992248062015504,0.7312252964426877,0.7391304347826086,0.5652173913043479,-1.0600806567675216,-2.4477402516342432,-2.205910512813271,1.2324730014131775,1.0,1.0,-0.2235234294713002,-0.6429273946042767,0.0494599983513029,0.0961538461538461,0.1181818181818181,0.1272727272727272,0.1574074074074073,-0.3216185026689789,-0.3469924420563787,0.0303030303030303,0.088235294117647,6,2,0.1388888888888889,0.1999999999999999,0.8666666666666667,0.4545454545454545,0,2,1.4939889907836914,0.9667591452598572
0.9130434782608745,0.9184615384615382,0.2340425531914893,0.4698795180722891,0.0483091787439613,0.5129286865227077,0.9777269597738448,0.3333333333333333,0.0416666666666666,0.3178294573643411,0.4743083003952569,0.217391304347826,0.3043478260869565,-1.5977668987296945,-1.7946497011947993,-0.1986868879998465,0.7222807280215924,2.0,0.0,-0.623311977188305,0.289467864947733,0.4834883052949577,0.1634615384615384,0.1363636363636363,0.1363636363636363,0.1111111111111111,0.194240030724695,0.2460381671923406,0.2121212121212121,0.1470588235294117,2,4,0.0833333333333333,0.1142857142857142,0.8666666666666667,0.4545454545454545,1,2,1.5148799419403076,0.9427814483642578
0.9130434782608745,0.9184615384615382,0.2340425531914893,0.036144578313253,0.0966183574879227,0.6507142417040747,0.3599636414504472,0.375,0.9583333333333331,0.8217054263565892,0.7470355731225296,0.0434782608695652,0.6521739130434783,-1.3790873304468343,-1.6952139366161407,0.8420957322737803,-0.0065653768235299,2.0,1.0,-0.98060781080609,1.0609613108719451,0.9060897981906508,0.173076923076923,0.109090909090909,0.109090909090909,0.2222222222222222,0.5381457196538111,-1.0247417097692009,0.1818181818181818,0.088235294117647,3,1,0.0555555555555555,0.2285714285714285,0.8666666666666667,0.4545454545454545,1,2,1.6731863021850586,0.9350829124450684
0.9130434782608745,0.9184615384615382,0.2340425531914893,0.4819277108433735,0.0,0.5422159457989255,0.9173706228809037,0.4791666666666666,0.6875,0.4728682170542636,0.0039525691699604,0.4347826086956522,0.1304347826086956,-2.356853439489756,-0.6912485738652004,2.0315615840150705,1.0138191699596428,3.0,0.0,1.3857783288878036,-0.8959965969805078,-1.2625943283557728,0.0769230769230769,0.1454545454545454,0.0999999999999999,0.0555555555555555,-0.2356420804366999,0.83906877644106,0.0909090909090909,0.2058823529411764,5,2,0.0555555555555555,0.0571428571428571,0.8666666666666667,0.4545454545454545,1,2,1.345234990119934,1.0916976928710938
0.9130434782608745,0.9184615384615382,0.2340425531914893,0.5060240963855422,0.1159420289855072,0.1497877534883918,-1.644175013363636,0.5833333333333333,0.0833333333333333,0.2364341085271318,0.3478260869565217,0.1739130434782608,0.2608695652173913,-1.1921766171095831,-1.1895636557933182,1.585511889612086,0.7951653385061056,1.0,2.0,-0.0049790469337583,-0.9989611167699352,-0.1371620867983627,0.0769230769230769,0.1363636363636363,0.0454545454545454,0.1296296296296296,0.280216452956974,0.076600850264135,0.1515151515151515,0.088235294117647,2,5,0.0555555555555555,0.0571428571428571,0.8666666666666667,0.4545454545454545,-1,2,1.4331490993499756,1.0107077360153198
0.9130434782608745,0.9184615384615382,0.2340425531914893,0.216867469879518,0.1304347826086956,0.2388540618780774,-1.232945508814998,0.6458333333333333,0.4375,0.8178294573643411,0.901185770750988,0.5217391304347826,0.0,-2.9865451216272527,-0.2262247859586064,1.4368286581444254,-1.0998345340912137,2.0,1.0,2.9458093561594767,-0.3470991123393136,-1.8415674997873623,0.1346153846153846,0.1727272727272727,0.1363636363636363,0.0833333333333333,-0.0636892359721419,0.83906877644106,0.1212121212121212,0.2058823529411764,5,3,0.0833333333333333,0.0285714285714285,0.8666666666666667,0.4545454545454545,1,2,1.212178349494934,1.2388306856155396
0.9130434782608745,0.9185798816568048,0.2340425531914893,0.5301204819277109,0.072463768115942,0.5143888294752611,1.631364811325387,0.4583333333333333,0.3958333333333333,0.5968992248062015,0.8735177865612648,0.8260869565217391,0.6086956521739131,-2.0058738886150187,-2.66983308496354,4.707859750432972,0.139203844145494,0.0,1.0,-0.7739610605599191,0.4618880022811468,0.7180022046061569,0.0961538461538461,0.1363636363636363,0.1818181818181818,0.1851851851851851,-0.8374770360626529,-0.4317111005204815,0.0303030303030303,0.088235294117647,3,4,0.2222222222222222,0.1714285714285714,0.9,0.4545454545454545,-1,2,1.5467896461486816,1.210340976715088
0.9130434782608745,0.9185798816568048,0.2340425531914893,0.963855421686747,0.038647342995169,0.5340255122402772,1.3262537354088335,0.9375,0.3125,0.5271317829457365,0.150197628458498,0.3478260869565217,0.4782608695652174,-1.69686585223233,-3.870630292863943,2.105903199748902,3.1274728740104965,2.0,1.0,-1.1013593905706476,1.312914669493756,1.1699477907042086,0.1442307692307692,0.1454545454545454,0.1181818181818181,0.1481481481481481,0.194240030724695,-0.0081178081999676,0.1212121212121212,0.088235294117647,3,3,0.1111111111111111,0.0857142857142857,0.9,0.4545454545454545,1,2,1.6496775150299072,0.9479984045028687
0.9130434782608745,0.9186982248520708,0.2553191489361702,0.072289156626506,0.0676328502415458,-0.1056368451811866,0.1355119066584327,0.3541666666666666,0.7916666666666666,0.7286821705426356,0.7233201581027667,0.5652173913043479,0.4347826086956522,-2.5413762097537638,-1.158988938278877,0.4703876536046275,-1.3913729760292612,1.0,1.0,0.8429787000162084,-0.9989611167699352,-0.9322338961300513,0.1346153846153846,0.1727272727272727,0.1636363636363636,0.1574074074074073,-0.3216185026689789,0.1613195087282378,0.0909090909090909,0.1764705882352941,3,3,0.1944444444444444,0.1428571428571428,0.9333333333333332,0.4545454545454545,0,2,1.3336809873580933,1.0399153232574463
0.9130434782608745,0.9186982248520708,0.2553191489361702,0.8433734939759037,0.1497584541062802,0.3283845637920751,-1.1510893651853014,0.9583333333333331,0.1666666666666666,0.7441860465116279,0.075098814229249,0.6521739130434783,0.0869565217391304,-1.7962484756723134,-1.571411218787048,-0.1243452722660149,1.815549885289276,1.0,1.0,1.271429654438251,-0.8959965969805078,-1.2051801090961558,0.125,0.1999999999999999,0.2363636363636363,0.1203703703703703,-1.0954063027594898,0.7543501179769573,0.0909090909090909,0.2352941176470588,1,2,0.25,0.0857142857142857,0.9333333333333332,0.4545454545454545,0,2,1.3448048830032349,1.1502399444580078
0.9130434782608745,0.9188165680473372,0.2553191489361702,0.0602409638554216,0.0917874396135265,0.6645330866797201,0.2926303474825015,0.0833333333333333,0.0625,0.3488372093023256,0.0355731225296442,0.3478260869565217,0.6956521739130435,-1.6867719207798015,-2.6537698327317853,-0.3473701194675071,-0.4438730397306017,1.0,1.0,-0.2063792154743537,-0.178313208635131,-0.1855190022762272,0.1634615384615384,0.109090909090909,0.1363636363636363,0.1666666666666666,0.194240030724695,-0.5164297589845843,0.1212121212121212,0.0588235294117647,5,5,0.0555555555555555,0.1999999999999999,0.9666666666666668,0.4545454545454545,0,2,1.4983489513397217,0.9984308481216431
0.9130434782608745,0.9188165680473372,0.2553191489361702,0.5060240963855422,0.1690821256038647,0.3222844542967096,-1.7176600994610265,0.3125,0.5833333333333333,0.1511627906976744,0.2450592885375493,0.4782608695652174,0.217391304347826,-3.17768655261414,-1.5510737619247543,1.6598535053459176,1.669780664320252,1.0,1.0,0.9807364142710372,-1.2343992396960164,-0.9585322926196832,0.1634615384615384,0.0818181818181818,0.1636363636363636,0.0648148148148148,-0.0636892359721419,0.1613195087282378,0.0909090909090909,0.1470588235294117,3,2,0.1111111111111111,0.0857142857142857,0.9666666666666668,0.4545454545454545,0,2,1.3049135208129883,1.057738184928894
0.9130434782608745,0.9188165680473372,0.2553191489361702,0.5903614457831325,0.0289855072463768,0.4184448199986996,-0.6453268123326239,0.3958333333333333,0.0416666666666666,0.872093023255814,0.4743083003952569,0.6086956521739131,0.1739130434782608,-2.616140394133212,-1.7245947368020396,-0.2730285037336781,0.5036268965680551,0.0,1.0,0.2518632494317034,-0.7182083572767156,-0.5377476426669237,0.1538461538461538,0.1363636363636363,0.1818181818181818,0.1296296296296296,-0.3216185026689789,0.076600850264135,0.1212121212121212,0.1470588235294117,4,4,0.1666666666666666,0.1428571428571428,0.9666666666666668,0.4545454545454545,-1,2,1.3601170778274536,1.0245184898376465
0.9130434782608745,0.9188165680473372,0.2553191489361702,0.5301204819277109,0.0241545893719806,0.7937210710770736,1.534072046965655,0.4375,0.3333333333333333,0.8953488372093024,0.3201581027667984,0.0,0.3043478260869565,-0.4160048784599087,-1.682843993549241,0.2473628064031379,0.139203844145494,2.0,1.0,-0.8820994261788107,0.9756121173673628,0.7474862863502884,0.1923076923076923,0.1727272727272727,0.0999999999999999,0.1388888888888889,0.7960749863506482,0.3307568256564434,0.2121212121212121,0.2352941176470588,3,2,0.0555555555555555,0.0857142857142857,0.9666666666666668,0.4545454545454545,1,2,1.6288948059082031,0.9321438670158386
0.9130434782608745,0.9188165680473372,0.2553191489361702,0.4819277108433735,0.1594202898550724,0.6135750881815591,0.9173706228809037,0.4791666666666666,0.6458333333333333,0.4728682170542636,0.8221343873517786,0.3913043478260869,0.5217391304347826,-2.4964556600785963,-2.8144405697880166,2.774977741353376,0.7222807280215924,2.0,1.0,-0.9016509925356154,0.4708846155948588,0.9996512759130826,0.1057692307692307,0.1454545454545454,0.0999999999999999,0.1481481481481481,0.022287186260137,-0.0081178081999676,0.1212121212121212,0.1470588235294117,5,5,0.0555555555555555,0.0857142857142857,0.9666666666666668,0.4545454545454545,1,2,1.5335073471069336,0.9478287696838379
0.9130434782608745,0.9188165680473372,0.2553191489361702,0.4096385542168675,0.1400966183574879,0.3306867470861988,-0.6300251095101157,0.5416666666666666,0.4583333333333333,0.7674418604651163,0.5968379446640316,0.7391304347826086,0.8260869565217391,-1.380635013056554,-1.7656834879957182,2.1802448154827307,4.293626641762693,1.0,0.0,-0.3804441356314412,-0.2985964536704366,0.1640750047530544,0.0865384615384615,0.0909090909090909,0.109090909090909,0.1944444444444444,-0.2356420804366999,-0.940023051305098,0.0909090909090909,0.0294117647058823,1,3,0.1944444444444444,0.2571428571428571,0.9666666666666668,0.4545454545454545,1,2,1.5018807649612427,0.9771722555160522
0.9130434782608745,0.9188165680473372,0.2553191489361702,0.963855421686747,0.1256038647342995,0.5340255122402772,1.3262537354088335,0.9375,0.375,0.5271317829457365,0.826086956521739,0.2608695652173913,0.1304347826086956,-1.69686585223233,-1.3510255456931983,2.105903199748902,0.8680499489906164,3.0,1.0,-0.292676569137816,-0.2262609150274557,-0.0292289707769464,0.1634615384615384,0.1818181818181818,0.1272727272727272,0.1203703703703703,0.280216452956974,0.5849128010487517,0.1515151515151515,0.2058823529411764,3,3,0.1111111111111111,0.0571428571428571,0.9666666666666668,0.4545454545454545,1,2,1.4756802320480347,0.9387732744216919
0.9130434782608745,0.9190532544378698,0.2553191489361702,0.0,0.0048309178743961,0.6774867929076223,0.1751220466067397,0.6875,0.2708333333333333,0.003875968992248,0.9051383399209486,0.0434782608695652,0.782608695652174,-0.3640590547761629,-1.1177337954982878,-0.942103045338152,-2.047334470389873,2.0,0.0,-1.0005375515276804,1.2504921080971378,0.9060897981906508,0.1538461538461538,0.0999999999999999,0.0818181818181818,0.1388888888888889,0.62412214188609,-0.3469924420563787,0.2121212121212121,0.0294117647058823,2,7,0.0833333333333333,0.1428571428571428,0.0333333333333333,0.5454545454545454,1,2,1.6825226545333862,0.9441273212432861
0.9130434782608745,0.9191715976331364,0.1063829787234042,0.072289156626506,0.0241545893719806,0.3280918949906568,0.1971008165607045,0.3541666666666666,0.1666666666666666,0.7286821705426356,0.075098814229249,0.6086956521739131,0.3478260869565217,-2.065199935056855,-0.7871471390704378,1.0933913347543394,0.1076684920328081,1.0,2.0,0.6291790769428647,-1.1553305205341426,-0.7127082250018177,0.1442307692307692,0.209090909090909,0.1727272727272727,0.1296296296296296,-0.3216185026689789,0.7543501179769573,0.0909090909090909,0.2352941176470588,4,3,0.1944444444444444,0.0857142857142857,0.0666666666666666,0.5454545454545454,-1,2,1.3082613945007324,1.0210522413253784
0.9130434782608745,0.9192899408284024,0.1063829787234042,0.036144578313253,0.0241545893719806,0.3280918949906568,0.1971008165607045,0.375,0.6458333333333333,0.8217054263565892,0.4268774703557312,0.4347826086956522,0.4782608695652174,-1.1624064857124885,-2.2115643449035374,-0.0322304681947919,0.5116656403714944,2.0,0.0,-1.1422471571897612,1.65978460918794,1.188337029136655,0.2019230769230769,0.1545454545454545,0.1454545454545454,0.1666666666666666,0.452169297421532,-0.0928364666640704,0.2121212121212121,0.1470588235294117,3,5,0.0833333333333333,0.1142857142857142,0.1,0.5454545454545454,1,2,1.6658129692077637,0.9386109113693237
0.9130434782608745,0.9192899408284024,0.1063829787234042,0.1325301204819277,0.0241545893719806,0.3280918949906568,0.1971008165607045,0.5416666666666666,0.6875,0.7674418604651163,0.0039525691699604,0.0434782608695652,0.3043478260869565,-0.2184391358940583,0.4413009653523888,-0.0843337685133374,0.1292000740789988,2.0,2.0,1.3857783288878036,-0.6179534720272628,-1.3210277880031775,0.0961538461538461,0.1636363636363636,0.109090909090909,0.0833333333333333,-0.1496656582044209,0.7543501179769573,0.1212121212121212,0.2352941176470588,1,2,0.1944444444444444,0.0857142857142857,0.1,0.5454545454545454,0,2,1.3977001905441284,1.0558592081069946
0.9130434782608745,0.9192899408284024,0.2765957446808511,0.9518072289156628,0.0,0.5422289487814121,0.1033261407851909,0.0416666666666666,0.9375,0.4767441860465116,0.5138339920948616,0.2608695652173913,0.1739130434782608,-1.662894819658756,-1.72247152888867,0.0986795749354746,2.179972937711837,1.0,2.0,0.2986275483044809,-0.8704128100053846,-0.5300116458787394,0.1538461538461538,0.1818181818181818,0.1272727272727272,0.1388888888888889,0.194240030724695,0.4154754841205461,0.1818181818181818,0.1764705882352941,4,3,0.1388888888888889,0.1142857142857142,0.1,0.5454545454545454,-1,2,1.364719033241272,1.0103657245635986
0.9130434782608745,0.9192899408284024,0.2765957446808511,0.0602409638554216,0.1497584541062802,0.6666429086419051,0.2926303474825015,0.0833333333333333,0.4375,0.3488372093023256,0.901185770750988,0.3913043478260869,0.0,-1.3187959245858405,-0.8195504899859885,-0.5703949666689994,1.0138191699596428,2.0,4.0,0.9123179910278606,-0.9216430126275929,-1.0028353183026384,0.173076923076923,0.1999999999999999,0.1454545454545454,0.1111111111111111,0.194240030724695,0.83906877644106,0.1212121212121212,0.2352941176470588,6,3,0.0555555555555555,0.0571428571428571,0.1,0.5454545454545454,-1,2,1.3453340530395508,1.1036854982376099
0.9130434782608745,0.9192899408284024,0.2765957446808511,0.5060240963855422,0.0966183574879227,0.2292442391240607,-1.7176600994610265,0.3125,0.3333333333333333,0.1511627906976744,0.3201581027667984,0.4782608695652174,0.3478260869565217,-3.4096041997987143,-1.6464980615878044,2.774977741353376,-0.0065653768235299,1.0,0.0,0.526286011035339,-1.1816205106413085,-0.6480051074620717,0.173076923076923,0.1818181818181818,0.1727272727272727,0.1574074074074073,-0.0636892359721419,0.2460381671923406,0.0909090909090909,0.2352941176470588,4,2,0.1111111111111111,0.1142857142857142,0.1,0.5454545454545454,1,2,1.3087023496627808,1.0389491319656372
0.9130434782608745,0.9192899408284024,0.2765957446808511,0.072289156626506,0.1400966183574879,0.0604452685231476,0.1355119066584327,0.3541666666666666,0.1666666666666666,0.7286821705426356,0.075098814229249,0.6086956521739131,0.0434782608695652,-2.5413762097537638,-1.584539261012691,1.5111702738782569,0.7222807280215924,1.0,2.0,0.3511189442000398,-0.6429273946042767,-0.4415780840508204,0.1538461538461538,0.2272727272727272,0.1909090909090909,0.1388888888888889,-0.4075949249012579,0.83906877644106,0.0909090909090909,0.2647058823529412,4,3,0.2222222222222222,0.0857142857142857,0.1,0.5454545454545454,-1,2,1.3588811159133911,1.1005498170852661
0.9130434782608745,0.9192899408284024,0.2765957446808511,0.710843373493976,0.0483091787439613,-0.2851101258009955,-2.287934555322679,0.7916666666666666,0.0625,0.7209302325581395,0.0355731225296442,0.3043478260869565,0.782608695652174,-1.2940809673426523,-2.625948650113092,-1.0164446610719835,-0.2981038187615778,3.0,1.0,-0.5422950866216237,-0.0830711385125294,0.3228874237826939,0.1923076923076923,0.1181818181818181,0.1636363636363636,0.1759259259259259,0.194240030724695,-0.5164297589845843,0.1818181818181818,0.0588235294117647,4,6,0.1388888888888889,0.1999999999999999,0.1,0.5454545454545454,1,2,1.5215176343917847,1.0162755250930786
0.9130434782608745,0.9192899408284024,0.2765957446808511,0.8433734939759037,0.1304347826086956,0.2859419097233812,-1.1510893651853014,0.9583333333333331,0.4791666666666666,0.7441860465116279,0.4703557312252964,0.5652173913043479,0.4347826086956522,-1.74444961851339,-2.5722107852675573,1.3624870424105964,2.90881904255696,2.0,0.0,0.2204495450779915,-0.6429273946042767,-0.5377476426669237,0.1346153846153846,0.1181818181818181,0.2454545454545454,0.1111111111111111,-1.0954063027594898,0.076600850264135,0.0909090909090909,0.1470588235294117,2,5,0.25,0.0571428571428571,0.1,0.5454545454545454,1,2,1.359253168106079,1.0274012088775635
0.9130434782608745,0.9194082840236688,0.2765957446808511,0.9879518072289156,0.0821256038647342,0.6445521553065062,0.4478321031164581,0.2708333333333333,0.3958333333333333,0.7558139534883721,0.8735177865612648,0.6956521739130435,0.6521739130434783,-1.0838931803577003,-2.525024212491133,-0.4960533509351677,-0.2252192082770671,3.0,2.0,-0.5240584957145404,-0.3714349085548058,0.4515301404932588,0.1057692307692307,0.1454545454545454,0.1545454545454545,0.1944444444444444,-0.4935713471335369,-0.4317111005204815,0.0303030303030303,0.1176470588235294,7,4,0.1666666666666666,0.1999999999999999,0.1333333333333333,0.5454545454545454,1,2,1.5139875411987305,0.956088662147522
0.9130434782608745,0.9194082840236688,0.2765957446808511,0.036144578313253,0.1690821256038647,0.670799403329182,0.3599636414504472,0.375,0.6458333333333333,0.8217054263565892,0.8221343873517786,0.1304347826086956,0.5217391304347826,-1.3790873304468343,-2.841659224464847,0.8420957322737803,1.5968960538357386,2.0,0.0,-0.6717913868051741,0.1420380890498802,0.6322769139162924,0.2211538461538461,0.1545454545454545,0.1454545454545454,0.1851851851851851,0.62412214188609,-0.262273783592276,0.2424242424242424,0.1470588235294117,3,5,0.0833333333333333,0.1428571428571428,0.1333333333333333,0.5454545454545454,1,2,1.5081892013549805,0.9289809465408325
0.9130434782608745,0.9194082840236688,0.2765957446808511,0.5301204819277109,0.0676328502415458,0.6698315432854123,1.631364811325387,0.4583333333333333,0.5833333333333333,0.5542635658914729,0.2450592885375493,0.8260869565217391,0.217391304347826,-1.1020750175813645,-1.6665510640075014,3.295369051490189,1.669780664320252,1.0,1.0,0.8846941631735368,-1.1291063377300967,-0.9322338961300513,0.0961538461538461,0.0909090909090909,0.1999999999999999,0.074074074074074,-1.0094298805272108,0.1613195087282378,0.0303030303030303,0.1470588235294117,3,3,0.2777777777777778,0.0857142857142857,0.1333333333333333,0.5454545454545454,0,2,1.304559350013733,1.089518427848816
0.9130434782608745,0.9194082840236688,0.2765957446808511,0.4096385542168675,0.1256038647342995,0.4232009712248329,-0.6512044215146839,0.5416666666666666,0.6875,0.7674418604651163,0.0039525691699604,0.7391304347826086,0.0869565217391304,-1.2379019648817848,-0.4245635533392053,1.808536736813578,-1.3913729760292612,2.0,2.0,1.5270690694289804,-0.7636379635343331,-1.2299367467870443,0.1153846153846153,0.1818181818181818,0.1272727272727272,0.1018518518518518,-0.1496656582044209,0.7543501179769573,0.1212121212121212,0.2352941176470588,2,3,0.1944444444444444,0.0857142857142857,0.1333333333333333,0.5454545454545454,0,2,1.346101999282837,1.1554237604141235
0.9130434782608745,0.9196449704142008,0.2978723404255319,0.2289156626506024,0.0966183574879227,-0.0302391670911364,-2.619197084504813,0.0625,0.0416666666666666,0.0348837209302325,0.4743083003952569,0.782608695652174,0.217391304347826,-2.790905587662344,-2.042397783918778,-0.3473701194675071,-1.172719144575724,1.0,2.0,-0.3276043744598828,-0.2262609150274557,0.0103506457874875,0.1346153846153846,0.1545454545454545,0.1999999999999999,0.1481481481481481,-0.665524191598095,0.076600850264135,0.0606060606060606,0.1764705882352941,6,4,0.2222222222222222,0.1714285714285714,0.2,0.5454545454545454,-1,2,1.4872263669967651,1.034944772720337
0.9130434782608745,0.9196449704142008,0.2978723404255319,0.4698795180722891,0.0,0.7865252974003116,0.9777269597738448,0.3333333333333333,0.2708333333333333,0.3178294573643411,0.758893280632411,0.2608695652173913,0.6956521739130435,-1.3261651710342093,-0.9264541129896444,0.0986795749354746,-1.6829114179673117,3.0,0.0,-0.5973954145480654,0.1975676654840635,0.3288451903291194,0.1923076923076923,0.1272727272727272,0.1636363636363636,0.1759259259259259,0.194240030724695,-0.4317111005204815,0.2424242424242424,0.0588235294117647,2,7,0.1388888888888889,0.1714285714285714,0.2,0.5454545454545454,1,2,1.5225235223770142,0.9386502504348755
0.9130434782608745,0.9196449704142008,0.2978723404255319,0.5903614457831325,0.0338164251207729,0.3396212955195013,-0.6453268123326239,0.3958333333333333,0.3125,0.872093023255814,0.150197628458498,0.6086956521739131,0.4782608695652174,-2.687475020202741,-3.279900275020664,-0.6447365824028309,2.4715113796498875,2.0,1.0,0.0604419153646142,-0.7434227029254181,-0.3132289252748387,0.173076923076923,0.1727272727272727,0.2181818181818181,0.1759259259259259,-0.4935713471335369,-0.0081178081999676,0.1212121212121212,0.1176470588235294,4,4,0.2222222222222222,0.1142857142857142,0.2,0.5454545454545454,1,2,1.3919658660888672,1.0299640893936157
0.9130434782608745,0.9196449704142008,0.2978723404255319,0.5301204819277109,0.1594202898550724,0.784916206509381,1.534072046965655,0.4375,0.3541666666666666,0.8953488372093024,0.7312252964426877,0.0,0.6521739130434783,-0.5154284843908267,-2.378941088957109,1.0651205794752725,0.5765115070525685,1.0,1.0,-1.3517000498186804,1.7993411712051106,1.9756059613555217,0.25,0.1545454545454545,0.1272727272727272,0.2129629629629629,1.0540042530474851,-0.5164297589845843,0.2727272727272727,0.088235294117647,3,4,0.0555555555555555,0.2571428571428571,0.2,0.5454545454545454,0,2,1.7418948411941528,0.9009683728218079
0.9130434782608745,0.9196449704142008,0.2978723404255319,0.4819277108433735,0.0483091787439613,0.6151925865121007,0.9173706228809037,0.4791666666666666,0.4583333333333333,0.4728682170542636,0.541501976284585,0.3043478260869565,0.8260869565217391,-2.488469802068214,-1.3479385118910605,2.626294509885716,1.815549885289276,1.0,0.0,-0.7283019887119154,0.2206184020877981,0.6246686371831551,0.125,0.0999999999999999,0.1272727272727272,0.2129629629629629,-0.0636892359721419,-1.0247417097692009,0.1515151515151515,0.0294117647058823,5,4,0.0833333333333333,0.2857142857142857,0.2,0.5454545454545454,1,2,1.5232716798782349,0.9379384517669678
0.9130434782608745,0.9196449704142008,0.2978723404255319,0.2409638554216867,0.0821256038647342,0.6821412638124933,0.523517335924494,0.5833333333333333,0.9583333333333331,0.2364341085271318,0.7470355731225296,0.3478260869565217,0.5652173913043479,-2.0461264101614205,-1.9157412821888944,1.7341951210797493,-0.7354114816686522,1.0,2.0,-0.8238860209011809,0.2665682808359271,0.8810198741258812,0.1057692307692307,0.1454545454545454,0.0818181818181818,0.25,0.194240030724695,-0.940023051305098,0.1515151515151515,0.1176470588235294,4,2,0.0833333333333333,0.2571428571428571,0.2,0.5454545454545454,-1,2,1.5162904262542725,0.928861141204834
0.9130434782608745,0.9196449704142008,0.2978723404255319,0.216867469879518,0.1304347826086956,0.066793583487775,-1.232945508814998,0.6458333333333333,0.5416666666666666,0.8178294573643411,0.7707509881422925,0.5217391304347826,0.7391304347826086,-2.8874462337766253,-1.1642493606075517,1.4368286581444254,1.524011443351228,3.0,0.0,0.7014359634020871,-0.7686978793825137,-0.8974930446961983,0.1634615384615384,0.1272727272727272,0.1999999999999999,0.1481481481481481,-0.4075949249012579,-0.1775551251281732,0.1515151515151515,0.1176470588235294,5,3,0.1666666666666666,0.1999999999999999,0.2,0.5454545454545454,1,2,1.3459384441375732,1.030005931854248
0.9130434782608745,0.9196449704142008,0.2978723404255319,0.0,0.0917874396135265,0.6685463985958442,0.1751220466067397,0.6875,0.375,0.003875968992248,0.826086956521739,0.0869565217391304,0.1739130434782608,-0.1567796789978257,-1.3510255456931983,-0.5703949666689994,0.8680499489906164,2.0,0.0,-0.8432174940591176,1.354324033918531,0.4400408963043081,0.2115384615384615,0.2272727272727272,0.1181818181818181,0.1481481481481481,0.7960749863506482,0.7543501179769573,0.2424242424242424,0.2647058823529412,4,3,0.0833333333333333,0.0857142857142857,0.2,0.5454545454545454,1,2,1.5992517471313477,0.9444994926452637
0.9130434782608745,0.9196449704142008,0.2978723404255319,0.963855421686747,0.038647342995169,0.7213303097984423,1.3262537354088335,0.9375,0.7916666666666666,0.5271317829457365,0.7233201581027667,0.1304347826086956,0.3913043478260869,-1.8620504169564416,-1.4359401801191616,2.2545864312165627,-0.5896422606996283,2.0,0.0,-0.3101108719071423,-0.4447833217673027,0.0494599983513029,0.2115384615384615,0.209090909090909,0.1454545454545454,0.1759259259259259,0.5381457196538111,0.3307568256564434,0.2121212121212121,0.2058823529411764,3,4,0.1111111111111111,0.1428571428571428,0.2,0.5454545454545454,1,2,1.4828689098358154,0.9322651624679565
0.9130434782608745,0.9197633136094674,0.2978723404255319,0.746987951807229,0.144927536231884,0.4369946584159304,0.3388011684746753,0.1666666666666666,0.0833333333333333,0.0736434108527131,0.3478260869565217,0.0434782608695652,0.4347826086956522,-1.5378323639690947,-1.2617755086820843,1.8828783525474095,0.139203844145494,3.0,0.0,-0.292676569137816,-0.1305839435759947,-0.0827531601358459,0.2596153846153846,0.1818181818181818,0.1454545454545454,0.1851851851851851,0.9680278308152062,-0.0081178081999676,0.303030303030303,0.1176470588235294,3,6,0.0833333333333333,0.0857142857142857,0.2333333333333333,0.5454545454545454,1,2,1.5422431230545044,1.015360713005066
0.9130434782608745,0.92,0.1276595744680851,0.0963855421686747,0.0241545893719806,0.3280918949906568,0.1971008165607045,0.0416666666666666,0.375,0.1627906976744186,0.826086956521739,0.5217391304347826,0.3913043478260869,-0.8872698477975204,-1.143814455165087,-0.7694386475047404,0.0108594786393483,1.0,3.0,0.2518632494317034,-0.3470991123393136,-0.6082021422085355,0.1826923076923077,0.2272727272727272,0.1545454545454545,0.1666666666666666,0.194240030724695,0.5849128010487517,0.2121212121212121,0.2647058823529412,4,3,0.1666666666666666,0.1142857142857142,0.3,0.5454545454545454,-1,2,1.3609330654144287,1.0370588302612305
0.9130434782608745,0.92,0.1276595744680851,0.8433734939759037,0.0241545893719806,0.3280918949906568,0.1971008165607045,0.9583333333333331,0.2708333333333333,0.7441860465116279,0.7549407114624506,0.782608695652174,0.7391304347826086,-1.2779980128630566,-0.0725288603967762,-0.3932256955276284,0.1195764613549228,2.0,0.0,0.2361803406641606,-0.7940341808724144,-0.4611938407198777,0.173076923076923,0.1272727272727272,0.2545454545454545,0.2037037037037037,-0.8374770360626529,-0.6858670759127897,0.1515151515151515,0.0588235294117647,2,7,0.25,0.1999999999999999,0.3,0.5454545454545454,1,2,1.3599424362182617,1.052425742149353
0.9130434782608745,0.92,0.3191489361702128,0.4096385542168675,0.0289855072463768,-0.1365999514510635,-0.6300251095101157,0.5416666666666666,0.3333333333333333,0.7674418604651163,0.3201581027667984,0.7391304347826086,0.217391304347826,-1.1660884959761364,-1.4227223259521653,1.288145426676765,-0.5896422606996283,0.0,2.0,0.5999901515427922,-0.6679609920828745,-0.8375651064179669,0.1346153846153846,0.209090909090909,0.1727272727272727,0.1666666666666666,-0.4075949249012579,0.4154754841205461,0.1212121212121212,0.2647058823529412,3,2,0.2222222222222222,0.1428571428571428,0.3,0.5454545454545454,-1,2,1.3460363149642944,1.0683202743530273
0.9130434782608745,0.9201183431952664,0.1276595744680851,0.0,0.0241545893719806,0.3280918949906568,0.1971008165607045,0.6875,0.0625,0.003875968992248,0.91699604743083,0.3478260869565217,0.6956521739130435,0.4293149561656758,-1.8587719705778565,0.0884758237563281,-0.0965243540998689,3.0,1.0,-1.4379251847504722,2.7092701955132505,2.141015704377995,0.2307692307692307,0.1363636363636363,0.1181818181818181,0.2222222222222222,0.9680278308152062,-0.7705857343768925,0.2727272727272727,0.0588235294117647,4,6,0.0833333333333333,0.2571428571428571,0.3333333333333333,0.5454545454545454,1,2,1.7277545928955078,0.901718020439148
0.9130434782608745,0.9201183431952664,0.3191489361702128,0.9518072289156628,0.0676328502415458,0.4656216662703469,0.1033261407851909,0.0416666666666666,0.375,0.4767441860465116,0.826086956521739,0.3043478260869565,0.1304347826086956,-2.139862410644251,-1.4747927726817334,0.1730211906693063,0.5765115070525685,1.0,3.0,0.3633925213016622,-0.8857555838874118,-0.4916020488248334,0.1923076923076923,0.2545454545454545,0.1818181818181818,0.1759259259259259,0.022287186260137,0.7543501179769573,0.2121212121212121,0.2941176470588235,4,3,0.1944444444444444,0.1142857142857142,0.3333333333333333,0.5454545454545454,-1,2,1.3642443418502808,1.0196658372879028
0.9130434782608745,0.9201183431952664,0.3191489361702128,0.8433734939759037,0.144927536231884,0.4656216662703469,-1.1510893651853014,0.9583333333333331,0.2708333333333333,0.7441860465116279,0.758893280632411,0.5217391304347826,0.6956521739130435,-1.6241481667491744,-0.9815380470828294,0.3217044221369668,-1.4642575865137746,2.0,0.0,0.5054584800050709,-0.4595148295520034,-0.2987917744194205,0.1923076923076923,0.1272727272727272,0.2545454545454545,0.2222222222222222,-0.665524191598095,-0.8553043928409952,0.1818181818181818,0.0588235294117647,2,7,0.25,0.2285714285714285,0.3333333333333333,0.5454545454545454,1,2,1.357263445854187,1.0103421211242676
0.9130434782608745,0.9202366863905324,0.3191489361702128,0.0602409638554216,0.1256038647342995,0.5440448986395849,0.2926303474825015,0.0833333333333333,0.9375,0.3488372093023256,0.5138339920948616,0.3913043478260869,0.1739130434782608,-0.9693855967208588,-1.652478051145452,1.7341951210797493,2.325742158680861,2.0,1.0,0.5411114358036283,-0.9473523643270856,-0.6882952692042844,0.1923076923076923,0.2181818181818181,0.209090909090909,0.1481481481481481,-0.2356420804366999,0.6696314595128544,0.1212121212121212,0.2352941176470588,6,3,0.1111111111111111,0.1142857142857142,0.3666666666666667,0.5454545454545454,1,2,1.3450262546539307,1.0258715152740479
0.9130434782608745,0.9202366863905324,0.3191489361702128,0.5060240963855422,0.0048309178743961,0.2021837890118025,-1.7176600994610265,0.3125,0.4583333333333333,0.1511627906976744,0.541501976284585,0.4782608695652174,0.8260869565217391,-3.554211722907312,-0.9669655335683872,2.2545864312165627,2.398626769165374,1.0,1.0,-0.2235234294713002,-0.4202767478793102,-0.0159828156045751,0.1923076923076923,0.0999999999999999,0.1909090909090909,0.2222222222222222,-0.0636892359721419,-1.1094603682333035,0.1212121212121212,0.0294117647058823,4,4,0.1388888888888889,0.3142857142857143,0.3666666666666667,0.5454545454545454,0,2,1.5042815208435059,0.9671354293823242
0.9130434782608745,0.9202366863905324,0.3191489361702128,0.5903614457831325,0.1497584541062802,0.3367873064295223,-0.6453268123326239,0.3958333333333333,0.1666666666666666,0.872093023255814,0.075098814229249,0.6086956521739131,0.0,-2.7161085481297755,-1.377598603038093,-0.2730285037336781,0.9409345594751296,0.0,1.0,1.3731975374057142,-1.1291063377300967,-1.1674528752593671,0.1923076923076923,0.2727272727272727,0.2272727272727272,0.1481481481481481,-0.4075949249012579,1.177943410297471,0.1515151515151515,0.3235294117647059,4,3,0.2222222222222222,0.0857142857142857,0.3666666666666667,0.5454545454545454,-1,2,1.3044030666351318,1.1472837924957275
0.9130434782608745,0.9202366863905324,0.3191489361702128,0.5301204819277109,0.0579710144927536,0.801927870145527,1.534072046965655,0.4375,0.4791666666666666,0.8953488372093024,0.4703557312252964,0.0869565217391304,0.2608695652173913,-0.4977752607212672,-2.269162022405168,0.0986795749354746,1.815549885289276,1.0,2.0,-0.9607548708172284,0.7809955818084239,1.0526272786097253,0.2596153846153846,0.1272727272727272,0.1363636363636363,0.1296296296296296,1.0540042530474851,-0.0081178081999676,0.2727272727272727,0.1764705882352941,4,5,0.0555555555555555,0.0857142857142857,0.3666666666666667,0.5454545454545454,-1,2,1.5323231220245361,0.9228260517120361
0.9130434782608745,0.9202366863905324,0.3191489361702128,0.0,0.1690821256038647,0.5189567400675418,0.1751220466067397,0.6875,0.0625,0.003875968992248,0.924901185770751,0.0434782608695652,0.782608695652174,-0.1567796789978257,-3.0133457249699105,-0.5703949666689994,-0.2252192082770671,3.0,1.0,-1.355977203697997,2.6400456154867507,1.9669322669604616,0.2596153846153846,0.1454545454545454,0.1272727272727272,0.25,1.139980675279764,-0.940023051305098,0.303030303030303,0.0588235294117647,4,6,0.0833333333333333,0.2857142857142857,0.3666666666666667,0.5454545454545454,1,2,1.778056263923645,0.9010055661201477
0.9130434782608745,0.920355029585799,0.3404255319148936,0.8072289156626506,0.1642512077294685,0.4094341932988479,-1.1124243853734124,0.3333333333333333,0.7916666666666666,0.3178294573643411,0.7233201581027667,0.217391304347826,0.4782608695652174,-1.4442775383652997,-1.2660803655848942,0.0986795749354746,-0.8811807026376762,2.0,1.0,-0.0879410901254828,-0.3228197143115979,-0.2629735198174255,0.2403846153846154,0.209090909090909,0.1636363636363636,0.1944444444444444,0.62412214188609,0.1613195087282378,0.303030303030303,0.2058823529411764,2,4,0.1388888888888889,0.1714285714285714,0.4,0.5454545454545454,1,2,1.4712111949920654,1.007828950881958
0.9130434782608745,0.920355029585799,0.3404255319148936,0.036144578313253,0.0483091787439613,0.7392264977680735,0.3657121736160568,0.375,0.3541666666666666,0.8217054263565892,0.7312252964426877,0.1739130434782608,0.6086956521739131,-1.3455445601010727,-2.491860967978507,1.0651205794752725,0.7951653385061056,1.0,2.0,-0.86262177896387,0.3123175044525882,0.9654898783769984,0.2980769230769231,0.1636363636363636,0.1818181818181818,0.2222222222222222,0.9680278308152062,-0.5164297589845843,0.3333333333333333,0.088235294117647,3,5,0.1111111111111111,0.2571428571428571,0.4,0.5454545454545454,-1,2,1.5483007431030273,0.9307064414024353
0.9130434782608745,0.9207100591715977,0.1276595744680851,0.2048192771084337,0.0241545893719806,0.3280918949906568,0.1971008165607045,0.6458333333333333,0.0833333333333333,0.4224806201550387,0.3478260869565217,0.2608695652173913,0.0869565217391304,-2.189699135222874,0.0299342456883736,0.4785870965164475,0.4168381450064988,1.0,1.0,2.387515485378132,0.0581879304310744,-1.7619724098291312,0.1923076923076923,0.1999999999999999,0.1999999999999999,0.2222222222222222,-0.1496656582044209,-0.1775551251281732,0.1818181818181818,0.1470588235294117,5,6,0.1666666666666666,0.1142857142857142,0.5,0.5454545454545454,0,0,1.194483757019043,1.2501364946365356
0.9130434782608745,0.9208284023668636,0.1489361702127659,0.2289156626506024,0.0241545893719806,0.3280918949906568,0.1971008165607045,0.0625,0.9583333333333331,0.9108527131782944,0.7470355731225296,0.7391304347826086,0.5652173913043479,-1.9291160515486103,-1.0828528311236625,-0.1417609654624038,-0.343060681303428,0.0,1.0,0.1410669028165541,-0.6179534720272628,-0.4385706237061197,0.1634615384615384,0.1999999999999999,0.2727272727272727,0.2592592592592592,-1.0954063027594898,-0.5164297589845843,0.0606060606060606,0.2058823529411764,6,2,0.3055555555555555,0.2571428571428571,0.5333333333333333,0.5454545454545454,-1,2,1.3598333597183228,1.0292879343032837
0.9130434782608745,0.9208284023668636,0.3404255319148936,0.9879518072289156,0.0917874396135265,0.6957137524844962,0.4478321031164581,0.2708333333333333,0.3125,0.751937984496124,0.150197628458498,0.6956521739130435,0.5217391304347826,-1.128012169663249,-3.534483788751198,-0.6447365824028309,2.4715113796498875,2.0,1.0,-0.615893931915712,0.1975676654840635,0.4169413971687611,0.1346153846153846,0.1909090909090909,0.2363636363636363,0.2037037037037037,-1.0094298805272108,-0.0928364666640704,0.0606060606060606,0.1176470588235294,7,5,0.25,0.1428571428571428,0.5333333333333333,0.5454545454545454,1,2,1.5073071718215942,0.9653483629226685
0.9130434782608745,0.9208284023668636,0.3404255319148936,0.7228915662650602,0.0,0.1426306633773015,1.530796159837133,0.6458333333333333,0.0833333333333333,0.8178294573643411,0.3478260869565217,0.5652173913043479,0.3913043478260869,-3.3303579838213184,-0.7733150558936575,0.9907789637414436,1.4511268328667146,1.0,1.0,1.5270690694289804,-0.7333296813740703,-1.2916813964334075,0.2019230769230769,0.209090909090909,0.209090909090909,0.2314814814814814,-0.1496656582044209,-0.1775551251281732,0.1818181818181818,0.1470588235294117,6,7,0.1666666666666666,0.1142857142857142,0.5333333333333333,0.5454545454545454,0,2,1.3458220958709717,1.0662282705307007
0.9130434782608745,0.92094674556213,0.3404255319148936,0.2289156626506024,0.1304347826086956,0.2212320674930488,-2.619197084504813,0.0625,0.9583333333333331,0.9186046511627908,0.7470355731225296,0.782608695652174,0.4347826086956522,-2.921475174782641,-1.5959100004213864,-0.1243452722660149,0.3578576755990312,0.0,1.0,0.953477982681342,-0.6629494849028805,-0.9374767936307524,0.1634615384615384,0.209090909090909,0.2818181818181818,0.2592592592592592,-1.181382724991769,-0.4317111005204815,0.0606060606060606,0.2352941176470588,6,2,0.3333333333333333,0.2571428571428571,0.5666666666666667,0.5454545454545454,-1,2,1.3446831703186035,1.0675575733184814
0.9130434782608745,0.92094674556213,0.3404255319148936,0.746987951807229,0.0048309178743961,0.6626841900147996,0.3388011684746753,0.1666666666666666,0.6875,0.0736434108527131,0.0039525691699604,0.0,0.0434782608695652,-1.4491927600804502,-0.0494645225216904,2.477611278418055,0.3578576755990312,1.0,0.0,0.9807364142710372,-0.5433869255002135,-1.1208938936809043,0.2980769230769231,0.2727272727272727,0.1454545454545454,0.1388888888888889,1.3119335197443225,1.262662068761574,0.3636363636363636,0.3235294117647059,3,4,0.0833333333333333,0.0857142857142857,0.5666666666666667,0.5454545454545454,1,2,1.5077717304229736,1.1335644721984863
0.9130434782608745,0.92094674556213,0.3404255319148936,0.4819277108433735,0.144927536231884,0.4889323702544491,0.9173706228809037,0.4791666666666666,0.3958333333333333,0.4728682170542636,0.8735177865612648,0.2608695652173913,0.6521739130434783,-2.4114640613646907,-2.6537698327317853,2.403269662684224,0.2120884546300072,3.0,1.0,-0.9212770412297816,0.6712924269632286,0.9408699796216756,0.1538461538461538,0.1818181818181818,0.1363636363636363,0.2407407407407407,0.108263608492416,-0.5164297589845843,0.2121212121212121,0.1470588235294117,5,4,0.0833333333333333,0.2571428571428571,0.5666666666666667,0.5454545454545454,1,2,1.5567727088928223,0.9353060126304626
0.9130434782608745,0.92094674556213,0.3404255319148936,0.963855421686747,0.0821256038647342,0.7726561214248621,1.3262537354088335,0.9375,0.5416666666666666,0.5271317829457365,0.7707509881422925,0.1304347826086956,0.7391304347826086,-1.6356384739747147,-1.4834120041974923,1.288145426676765,1.2324730014131775,1.0,0.0,-1.040629828196984,0.737252071242866,1.3493744999616208,0.2403846153846154,0.1272727272727272,0.1636363636363636,0.1944444444444444,0.62412214188609,-0.6011484174486871,0.2424242424242424,0.1176470588235294,3,3,0.1388888888888889,0.2571428571428571,0.5666666666666667,0.5454545454545454,1,2,1.6286410093307495,0.9242271184921265
0.9130434782608745,0.9211834319526632,0.3617021276595745,0.746987951807229,0.072463768115942,0.5759209019110295,0.3388011684746753,0.1666666666666666,0.5833333333333333,0.0736434108527131,0.8221343873517786,0.0,0.4347826086956522,-1.4657270766298969,-1.4782328693773756,0.916437348007612,0.9409345594751296,1.0,0.0,-0.3804441356314412,-0.4693473554356376,0.2687766416897658,0.3076923076923077,0.109090909090909,0.1454545454545454,0.1018518518518518,1.3979099419766012,0.076600850264135,0.3939393939393939,0.1470588235294117,3,4,0.0833333333333333,0.1142857142857142,0.6333333333333333,0.5454545454545454,1,2,1.5836241245269775,0.9248551726341248
0.9130434782608745,0.9211834319526632,0.3617021276595745,0.7228915662650602,0.1207729468599033,0.8184500311656376,1.534072046965655,0.4375,0.3125,0.8953488372093024,0.150197628458498,0.0869565217391304,0.5652173913043479,-0.1255308385596087,-3.514767853981968,0.916437348007612,2.25285754819635,2.0,1.0,-1.3731214176949431,2.358480499496399,1.8952283466435689,0.2692307692307693,0.1999999999999999,0.1545454545454545,0.2222222222222222,0.9680278308152062,-0.1775551251281732,0.2727272727272727,0.1176470588235294,4,5,0.0833333333333333,0.1714285714285714,0.6333333333333333,0.5454545454545454,1,2,1.721909523010254,0.8972612023353577
0.9130434782608745,0.9213017751479292,0.3617021276595745,0.0602409638554216,0.1545893719806763,0.6879885953929287,0.2926303474825015,0.0833333333333333,0.9583333333333331,0.3488372093023256,0.7470355731225296,0.3043478260869565,0.4782608695652174,-0.9803466210761432,-1.5959100004213864,1.3624870424105964,0.3578576755990312,2.0,0.0,-0.7663230583428943,0.7153116327317584,0.5531676696250067,0.2307692307692307,0.2181818181818181,0.2363636363636363,0.2592592592592592,-0.1496656582044209,-0.3469924420563787,0.1515151515151515,0.2647058823529412,8,2,0.1111111111111111,0.2571428571428571,0.6666666666666666,0.5454545454545454,1,2,1.5214351415634155,0.9285170435905457
0.9130434782608745,0.9213017751479292,0.3617021276595745,0.036144578313253,0.0676328502415458,0.7372603081260202,0.4335987080441781,0.375,0.2708333333333333,0.8217054263565892,0.7549407114624506,0.217391304347826,0.6521739130434783,-1.4590853781954336,-1.2805450641103653,1.808536736813578,-0.3709884292460911,0.0,1.0,-0.804626815101258,0.7591466571844859,0.6355322282923325,0.3076923076923077,0.1454545454545454,0.1999999999999999,0.25,0.8820514085829272,-0.940023051305098,0.3333333333333333,0.088235294117647,3,7,0.1388888888888889,0.2571428571428571,0.6666666666666666,0.5454545454545454,-1,2,1.5529764890670776,0.9339562058448792
0.9130434782608745,0.9213017751479292,0.3617021276595745,0.4819277108433735,0.1062801932367149,0.569668511960967,0.9173706228809037,0.4791666666666666,0.0625,0.4728682170542636,0.924901185770751,0.1304347826086956,0.8260869565217391,-2.392976802760584,-2.8808585732987204,2.0315615840150705,-0.516757650215115,3.0,1.0,-0.7283019887119154,0.3578678177732976,0.6137690738523607,0.1826923076923077,0.1545454545454545,0.1454545454545454,0.2962962962962963,0.280216452956974,-1.278897685161509,0.2424242424242424,0.0588235294117647,5,6,0.0833333333333333,0.3714285714285714,0.6666666666666666,0.5454545454545454,1,2,1.5536658763885498,0.9402021169662476
0.9130434782608745,0.9213017751479292,0.3617021276595745,0.4096385542168675,0.1642512077294685,0.4954025382737157,-0.6512044215146839,0.5416666666666666,0.3958333333333333,0.7674418604651163,0.8735177865612648,0.7391304347826086,0.6956521739130435,-1.3775416856022893,-2.7566938521681843,2.477611278418055,-0.3709884292460911,2.0,0.0,-0.5973954145480654,-0.1305839435759947,0.5420283523333995,0.1346153846153846,0.1909090909090909,0.1999999999999999,0.2685185185185185,-0.665524191598095,-0.6858670759127897,0.1212121212121212,0.1470588235294117,3,4,0.2777777777777778,0.2857142857142857,0.6666666666666666,0.5454545454545454,1,2,1.5071266889572144,0.9679467082023621
0.9130434782608745,0.9213017751479292,0.3617021276595745,0.7228915662650602,0.1739130434782608,0.5130833958106273,1.348124489951939,0.6458333333333333,0.9375,0.4224806201550387,0.5138339920948616,0.5217391304347826,0.1739130434782608,-3.02361923951208,-1.8014370221010363,1.6598535053459176,2.25285754819635,0.0,0.0,2.0232010135252305,-0.4939691189659106,-1.5763235226358152,0.2115384615384615,0.2363636363636363,0.2181818181818181,0.1666666666666666,-0.1496656582044209,0.6696314595128544,0.1818181818181818,0.2647058823529412,7,3,0.1666666666666666,0.1428571428571428,0.6666666666666666,0.5454545454545454,0,0,1.196290373802185,1.1265578269958496
0.9130434782608745,0.9213017751479292,0.3617021276595745,0.0,0.0483091787439613,0.6710110752529279,0.1751220466067397,0.6875,0.3333333333333333,0.003875968992248,0.3201581027667984,0.0434782608695652,0.2608695652173913,-0.5333512332831268,-1.416168833215629,1.4368286581444254,0.139203844145494,2.0,0.0,-0.7472774486603239,0.5381140798409912,0.5587232238860428,0.2884615384615385,0.2454545454545454,0.1454545454545454,0.1759259259259259,1.225957097512043,0.6696314595128544,0.3333333333333333,0.3235294117647059,4,2,0.1111111111111111,0.1428571428571428,0.6666666666666666,0.5454545454545454,1,2,1.5813854932785034,0.9360682368278503
0.9130434782608745,0.9213017751479292,0.3617021276595745,0.710843373493976,0.0531400966183574,-0.1598559961678103,-2.287934555322679,0.7916666666666666,0.0416666666666666,0.7209302325581395,0.6047430830039525,0.3478260869565217,0.3913043478260869,-1.2489247418627367,-1.3311035277519137,-1.0164446610719835,-1.2456037550602377,1.0,0.0,-0.2753010668267623,-0.178313208635131,-0.0558822752551371,0.2307692307692307,0.1909090909090909,0.209090909090909,0.2129629629629629,0.108263608492416,-0.1775551251281732,0.2121212121212121,0.2058823529411764,4,4,0.1944444444444444,0.2285714285714285,0.6666666666666666,0.5454545454545454,1,2,1.4858297109603882,1.0332492589950562
0.9130434782608745,0.9214201183431951,0.3617021276595745,0.072289156626506,0.0048309178743961,0.2548363822254205,0.1355119066584327,0.3541666666666666,0.4583333333333333,0.7286821705426356,0.541501976284585,0.6086956521739131,0.782608695652174,-2.415196708873385,-0.8244731672880724,0.8420957322737803,3.346126705464034,0.0,1.0,0.5999901515427922,-1.2343992396960164,-0.6480051074620717,0.1923076923076923,0.109090909090909,0.2272727272727272,0.2314814814814814,-0.4075949249012579,-1.1094603682333035,0.1212121212121212,0.0294117647058823,5,5,0.25,0.3142857142857143,0.7,0.5454545454545454,-1,2,1.3083668947219849,0.9968857765197754
0.9130434782608745,0.9216568047337276,0.1489361702127659,0.5060240963855422,0.0241545893719806,0.3280918949906568,0.1971008165607045,0.3125,0.4791666666666666,0.1511627906976744,0.4703557312252964,0.1304347826086956,0.217391304347826,-3.2880946423784674,-1.6721646479059795,0.6320626237442196,1.5761674031474842,1.0,1.0,0.8149795465785886,-0.8704128100053846,-0.9409767037087994,0.2211538461538461,0.1999999999999999,0.2363636363636363,0.1574074074074073,-0.2356420804366999,0.4154754841205461,0.1212121212121212,0.2647058823529412,5,5,0.1944444444444444,0.0857142857142857,0.7666666666666667,0.5454545454545454,0,2,1.351684331893921,1.0486029386520386
0.9130434782608745,0.9216568047337276,0.1489361702127659,0.4698795180722891,0.0241545893719806,0.3280918949906568,0.1971008165607045,0.3333333333333333,0.6458333333333333,0.3178294573643411,0.4268774703557312,0.0,0.3478260869565217,-0.8030579390801644,-2.337417941646032,0.1200616396512995,0.5116656403714944,2.0,0.0,-1.245909237057441,1.6798354393466126,1.6694475461079872,0.2596153846153846,0.1999999999999999,0.1909090909090909,0.2222222222222222,0.5381457196538111,-0.1775551251281732,0.3333333333333333,0.1764705882352941,2,8,0.1666666666666666,0.1714285714285714,0.7666666666666667,0.5454545454545454,1,2,1.7191026210784912,0.9362086057662964
0.9130434782608745,0.9216568047337276,0.1489361702127659,0.3012048192771084,0.0241545893719806,0.3280918949906568,0.1971008165607045,0.9375,0.1666666666666666,0.5271317829457365,0.075098814229249,0.6086956521739131,0.3913043478260869,-0.3175483146276785,-0.8468993037581349,-0.0508797361788803,0.1076684920328081,2.0,2.0,0.1570415870942253,-1.2343992396960164,-0.2204998322118665,0.25,0.3,0.1636363636363636,0.1481481481481481,0.7100985641183691,1.4320993856897792,0.2727272727272727,0.4117647058823529,4,3,0.1388888888888889,0.0857142857142857,0.7666666666666667,0.5454545454545454,0,2,1.4141318798065186,0.9867917895317078
0.9130434782608745,0.9217751479289942,0.0425531914893616,0.5060240963855422,0.0917874396135265,0.2657604893795938,-1.7176600994610265,0.3125,0.4791666666666666,0.1511627906976744,0.4703557312252964,0.6521739130434783,0.3043478260869565,-3.584185659359346,-2.576596104765182,3.44405228295785,2.763049821587936,1.0,1.0,0.2799727365453329,-0.9216430126275929,-0.2473361264260872,0.2307692307692307,0.209090909090909,0.2454545454545454,0.1666666666666666,-0.2356420804366999,0.4154754841205461,0.1212121212121212,0.2647058823529412,6,6,0.1944444444444444,0.0857142857142857,0.8,0.5454545454545454,0,2,1.3706763982772827,1.0619277954101562
0.9130434782608745,0.9217751479289942,0.3829787234042553,0.2289156626506024,0.1111111111111111,-0.053650693905511,-2.619197084504813,0.0625,0.375,0.9186046511627908,0.826086956521739,0.8260869565217391,0.2608695652173913,-2.822211879081037,-1.617047006370009,-0.71907819813666,1.9613191062583,1.0,1.0,1.2970607100512506,-0.59303894052313,-1.2722614868997255,0.173076923076923,0.2909090909090909,0.3181818181818182,0.2129629629629629,-1.439311991688606,0.7543501179769573,0.0606060606060606,0.3235294117647059,6,3,0.3888888888888888,0.1714285714285714,0.8,0.5454545454545454,0,2,1.3448486328125,1.1120153665542603
0.9130434782608745,0.9217751479289942,0.3829787234042553,0.4698795180722891,0.1207729468599033,0.7235899819886805,0.9777269597738448,0.3333333333333333,0.6458333333333333,0.3178294573643411,0.4268774703557312,0.1304347826086956,0.5652173913043479,-1.4875758416223557,-2.9634202658115005,0.3217044221369668,1.2324730014131775,2.0,0.0,-0.5277006532022006,-0.1305839435759947,0.534208339889749,0.2788461538461538,0.1999999999999999,0.1909090909090909,0.2407407407407407,0.7100985641183691,-0.3469924420563787,0.3636363636363636,0.1764705882352941,2,8,0.1666666666666666,0.1999999999999999,0.8,0.5454545454545454,1,2,1.4913793802261353,0.9280576109886169
0.9130434782608745,0.9217751479289942,0.3829787234042553,0.5903614457831325,0.1545893719806763,0.568046411005542,-0.6453268123326239,0.3958333333333333,0.4375,0.872093023255814,0.901185770750988,0.782608695652174,0.0434782608695652,-2.7424898026602937,-0.01333625603503,0.0986795749354746,0.7951653385061056,1.0,2.0,3.321630314203095,0.4483785799578783,-2.006775331132528,0.2019230769230769,0.2727272727272727,0.2818181818181818,0.1666666666666666,-0.8374770360626529,1.0085060933692656,0.1515151515151515,0.2941176470588235,4,4,0.3055555555555555,0.0857142857142857,0.8,0.5454545454545454,-1,2,1.199608564376831,1.52010977268219
0.9130434782608745,0.9217751479289942,0.3829787234042553,0.5301204819277109,0.1739130434782608,0.7598843289914492,1.631364811325387,0.4583333333333333,0.6875,0.5542635658914729,0.0039525691699604,0.6956521739130435,0.0869565217391304,-0.8521556950673128,-0.7089958457815628,3.369710667224021,1.1595883909286668,1.0,0.0,1.3605859483617346,-0.6930545503312608,-1.2625943283557728,0.125,0.2909090909090909,0.2272727272727272,0.1481481481481481,-1.0094298805272108,1.3473807272256766,0.0606060606060606,0.3529411764705882,5,4,0.3055555555555555,0.1142857142857142,0.8,0.5454545454545454,1,2,1.3445401191711426,1.1934888362884521
0.9130434782608745,0.9217751479289942,0.3829787234042553,0.963855421686747,0.0676328502415458,0.7731879199646876,1.3262537354088335,0.9375,0.1666666666666666,0.5271317829457365,0.075098814229249,0.217391304347826,0.0,-1.6609268108066058,-1.4476292519226608,1.585511889612086,1.7426652748047653,2.0,2.0,-0.1722610010318848,-0.2647777067940119,0.169077536290813,0.2692307692307693,0.3181818181818182,0.1818181818181818,0.1666666666666666,0.7100985641183691,1.4320993856897792,0.2727272727272727,0.4117647058823529,5,4,0.1388888888888889,0.0857142857142857,0.8,0.5454545454545454,0,2,1.4706058502197266,0.9806022644042969
0.9130434782608745,0.9218934911242602,0.3829787234042553,0.9879518072289156,0.0,0.7145169386879723,0.4478321031164581,0.2708333333333333,0.5416666666666666,0.751937984496124,0.7707509881422925,0.6086956521739131,0.7391304347826086,-1.265655435315079,-1.3903149569235602,-0.4960533509351677,3.1274728740104965,2.0,2.0,-0.2407248863590593,-0.59303894052313,0.0688417920422762,0.1634615384615384,0.1454545454545454,0.2454545454545454,0.2037037037037037,-0.8374770360626529,-0.5164297589845843,0.1212121212121212,0.1470588235294117,7,3,0.25,0.2857142857142857,0.8333333333333334,0.5454545454545454,0,2,1.5134706497192383,0.9387194514274597
0.9130434782608745,0.9220118343195264,0.1702127659574468,0.2048192771084337,0.0241545893719806,0.3280918949906568,0.1971008165607045,0.6458333333333333,0.3125,0.4224806201550387,0.150197628458498,0.4347826086956522,0.1739130434782608,-2.5074327025311733,-3.302936394533199,0.4785870965164475,0.6621332339324307,1.0,2.0,0.2204495450779915,-0.8704128100053846,-0.4161018325852042,0.2115384615384615,0.2272727272727272,0.2545454545454545,0.2592592592592592,-0.4935713471335369,-0.262273783592276,0.1818181818181818,0.1176470588235294,8,7,0.2222222222222222,0.1999999999999999,0.8666666666666667,0.5454545454545454,-1,2,1.3599339723587036,1.03291654586792
0.9130434782608745,0.9220118343195264,0.1702127659574468,0.0,0.0241545893719806,0.3280918949906568,0.1971008165607045,0.6875,0.3958333333333333,0.003875968992248,0.8735177865612648,0.3043478260869565,0.782608695652174,0.2317864023590625,-2.134596367974839,0.0884758237563281,-0.4362856828031928,0.0,2.0,-1.245909237057441,2.0536864777859845,1.515375981730954,0.3076923076923077,0.1999999999999999,0.1545454545454545,0.3055555555555555,1.3119335197443225,-0.940023051305098,0.3636363636363636,0.1470588235294117,4,4,0.1388888888888889,0.3428571428571428,0.8666666666666667,0.5454545454545454,-1,2,1.7011288404464722,0.9368148446083069
0.9130434782608745,0.9221301775147928,0.1702127659574468,0.8072289156626506,0.0241545893719806,0.3280918949906568,0.1971008165607045,0.0833333333333333,0.2708333333333333,0.3488372093023256,0.7549407114624506,0.1304347826086956,0.6956521739130435,0.0801115508041311,-0.1979453586055916,0.3818639450231136,0.1195764613549228,2.0,1.0,-0.7854393383531333,0.2436185333015441,0.7943249992849262,0.25,0.1727272727272727,0.2363636363636363,0.2685185185185185,0.022287186260137,-0.8553043928409952,0.1818181818181818,0.1176470588235294,8,8,0.1111111111111111,0.2571428571428571,0.9,0.5454545454545454,1,2,1.532038688659668,0.9439892768859863
0.9130434782608745,0.9221301775147928,0.1702127659574468,0.072289156626506,0.0241545893719806,0.3280918949906568,0.1971008165607045,0.3541666666666666,0.0416666666666666,0.7286821705426356,0.1620553359683794,0.6521739130434783,0.4782608695652174,-1.9739280198303395,-0.539075440282167,1.0933913347543394,-0.7119003169962296,1.0,2.0,0.3756369276637238,-0.9473523643270856,-0.5455018632570741,0.1923076923076923,0.1909090909090909,0.2363636363636363,0.2222222222222222,-0.4935713471335369,-0.262273783592276,0.1212121212121212,0.2058823529411764,5,4,0.2777777777777778,0.2571428571428571,0.9,0.5454545454545454,-1,2,1.354846477508545,1.0011564493179321
0.9130434782608745,0.9221301775147928,0.1702127659574468,0.1325301204819277,0.0241545893719806,0.3280918949906568,0.1971008165607045,0.5416666666666666,0.9583333333333331,0.7674418604651163,0.7470355731225296,0.0869565217391304,0.5217391304347826,-0.4788482060722489,-1.0471908643675123,-0.0843337685133374,-0.343060681303428,1.0,0.0,-0.1552862523908431,-0.4693473554356376,-0.1166532035164105,0.173076923076923,0.2181818181818181,0.2181818181818181,0.2777777777777778,-0.4935713471335369,-0.5164297589845843,0.1515151515151515,0.2647058823529412,4,2,0.2777777777777778,0.2857142857142857,0.9,0.5454545454545454,1,2,1.5136806964874268,0.9898884296417236
0.9130434782608745,0.9221301775147928,0.4042553191489362,0.746987951807229,0.1739130434782608,0.396333592030919,0.3388011684746753,0.1666666666666666,0.3333333333333333,0.0736434108527131,0.3201581027667984,0.0434782608695652,0.1304347826086956,-1.9644067294907157,-1.2660803655848942,2.403269662684224,0.4307422860835445,0.0,3.0,-0.0545957856764702,-0.4693473554356376,-0.241668169591645,0.3557692307692308,0.2818181818181818,0.1818181818181818,0.1944444444444444,1.4838863642088802,0.83906877644106,0.4242424242424242,0.3823529411764705,5,2,0.0833333333333333,0.1714285714285714,0.9,0.5454545454545454,-1,2,1.5400961637496948,1.005005955696106
0.9130434782608745,0.9221301775147928,0.4042553191489362,0.036144578313253,0.1304347826086956,0.5945239527603146,0.3599636414504472,0.375,0.5833333333333333,0.8217054263565892,0.8221343873517786,0.2608695652173913,0.3913043478260869,-1.566509626110551,-1.2675188356472291,0.6934125008061197,0.4307422860835445,1.0,1.0,-0.2407248863590593,-0.2744290714194711,-0.0491986889623719,0.3173076923076923,0.109090909090909,0.2181818181818181,0.1111111111111111,0.7960749863506482,-0.0081178081999676,0.3333333333333333,0.1470588235294117,4,4,0.1666666666666666,0.1428571428571428,0.9,0.5454545454545454,0,2,1.4709439277648926,0.9743008613586426
0.9130434782608745,0.9221301775147928,0.4042553191489362,0.5301204819277109,0.0821256038647342,0.8291673017581167,1.534072046965655,0.4375,0.0625,0.8953488372093024,0.924901185770751,0.0,0.8260869565217391,-0.3382859609612557,-2.969545978172158,1.288145426676765,-0.3709884292460911,2.0,0.0,-1.61482948536705,3.8764428241839175,2.730269982923395,0.3076923076923077,0.1727272727272727,0.1727272727272727,0.3333333333333333,1.139980675279764,-1.4483350020897148,0.3333333333333333,0.0588235294117647,4,7,0.0833333333333333,0.3999999999999999,0.9,0.5454545454545454,1,2,1.8401018381118774,0.8843661546707153
0.9130434782608745,0.9221301775147928,0.4042553191489362,0.4819277108433735,0.0483091787439613,0.678813580350772,0.9173706228809037,0.4791666666666666,0.9375,0.4728682170542636,0.5138339920948616,0.1739130434782608,0.217391304347826,-2.6641359519553283,-1.60163697076152,2.403269662684224,0.6493961175370817,1.0,0.0,0.2674985620448329,-1.421247221390269,-0.255856403275467,0.2307692307692307,0.2727272727272727,0.1727272727272727,0.2037037037037037,0.452169297421532,0.6696314595128544,0.2727272727272727,0.2647058823529412,7,6,0.0833333333333333,0.1428571428571428,0.9,0.5454545454545454,1,2,1.3416931629180908,1.0035603046417236
0.9130434782608745,0.9221301775147928,0.4042553191489362,0.216867469879518,0.0966183574879227,-0.0061088722276816,-1.232945508814998,0.6458333333333333,0.3125,0.4224806201550387,0.150197628458498,0.5652173913043479,0.4347826086956522,-3.1424311706130537,-3.627551373278983,1.1394621952091042,2.4715113796498875,1.0,2.0,-0.4338314688449361,0.0908761178235213,0.2223800002241074,0.2211538461538461,0.2454545454545454,0.2727272727272727,0.2685185185185185,-0.579547769365816,-0.1775551251281732,0.1818181818181818,0.1470588235294117,8,7,0.25,0.1999999999999999,0.9,0.5454545454545454,-1,2,1.4927217960357666,1.0099719762802124
0.9130434782608745,0.9221301775147928,0.4042553191489362,0.0,0.0434782608695652,0.6630509448958704,0.1751220466067397,0.6875,0.3958333333333333,0.003875968992248,0.8735177865612648,0.0869565217391304,0.7391304347826086,-0.4017918120544123,-3.0951903957493427,-2.354593744280932,0.6493961175370817,0.0,2.0,-1.56557213745049,3.8504221822823177,2.609262895462503,0.3076923076923077,0.2181818181818181,0.1727272727272727,0.3055555555555555,1.139980675279764,-0.7705857343768925,0.3636363636363636,0.1764705882352941,4,4,0.1666666666666666,0.3428571428571428,0.9,0.5454545454545454,-1,2,1.7934668064117432,0.8794851303100586
0.9130434782608745,0.9221301775147928,0.4042553191489362,0.710843373493976,0.1062801932367149,0.0336560450108965,-2.287934555322679,0.7916666666666666,0.4583333333333333,0.7209302325581395,0.541501976284585,0.5217391304347826,0.6086956521739131,-1.2054413586250643,-0.8574914537099603,-1.90854404987795,2.25285754819635,0.0,1.0,0.3449711731223855,-0.7182083572767156,-0.6002989808650601,0.2403846153846154,0.1272727272727272,0.209090909090909,0.2314814814814814,0.194240030724695,-0.940023051305098,0.2424242424242424,0.088235294117647,4,5,0.1944444444444444,0.3142857142857143,0.9,0.5454545454545454,-1,2,1.3605399131774902,0.9988617300987244
0.9130434782608745,0.9222485207100592,0.4042553191489362,0.0602409638554216,0.0289855072463768,0.7025978764448015,0.2926303474825015,0.0833333333333333,0.2708333333333333,0.3488372093023256,0.7549407114624506,0.3478260869565217,0.6521739130434783,-0.8066455765136151,-1.3712917482700897,1.5111702738782569,0.5765115070525685,2.0,1.0,-0.7093961636354963,0.2986137018969718,0.6420332148392135,0.2692307692307693,0.1818181818181818,0.2454545454545454,0.287037037037037,0.108263608492416,-0.940023051305098,0.2121212121212121,0.1176470588235294,8,8,0.1111111111111111,0.2857142857142857,0.9333333333333332,0.5454545454545454,1,2,1.5420747995376587,0.9401691555976868
0.9130434782608745,0.9222485207100592,0.4042553191489362,0.072289156626506,0.0869565217391304,-0.1506292966926369,0.1355119066584327,0.3541666666666666,0.0416666666666666,0.7286821705426356,0.6047430830039525,0.782608695652174,0.3043478260869565,-2.5085372410922515,-2.064903450969945,0.9907789637414436,-0.662526871184139,1.0,2.0,-0.5900145657903131,0.2436185333015441,0.5973517574344392,0.2019230769230769,0.209090909090909,0.2545454545454545,0.2314814814814814,-0.579547769365816,-0.1775551251281732,0.1212121212121212,0.2352941176470588,5,4,0.3055555555555555,0.2571428571428571,0.9333333333333332,0.5454545454545454,-1,2,1.4948922395706177,1.0338144302368164
0.9130434782608745,0.9222485207100592,0.4042553191489362,0.0240963855421686,0.1400966183574879,0.3615063112460885,-1.3511060449657393,0.5416666666666666,0.9583333333333331,0.7674418604651163,0.7470355731225296,0.6956521739130435,0.4782608695652174,-1.2324291478583618,-1.5770195423107507,2.3289280469503915,1.0867037804441535,1.0,0.0,-0.0946361288217319,0.202181871927298,-0.0239241104534383,0.1826923076923077,0.2181818181818181,0.2181818181818181,0.287037037037037,-0.4075949249012579,-0.6011484174486871,0.1818181818181818,0.2647058823529412,4,2,0.2777777777777778,0.3142857142857143,0.9333333333333332,0.5454545454545454,1,2,1.4919320344924927,0.9717288017272949
0.9130434782608745,0.9228402366863904,0.1914893617021276,0.8433734939759037,0.0241545893719806,0.3280918949906568,0.1971008165607045,0.9583333333333331,0.7916666666666666,0.7441860465116279,0.7233201581027667,0.4782608695652174,0.6086956521739131,-1.127893584138499,-0.2955947798864315,-0.3932256955276284,-1.5521240335978803,2.0,2.0,-0.3451574802028851,0.8679384505781049,-0.255856403275467,0.2307692307692307,0.2272727272727272,0.2909090909090909,0.2222222222222222,-0.665524191598095,0.076600850264135,0.2727272727272727,0.2352941176470588,2,4,0.3333333333333333,0.2285714285714285,0.0666666666666666,0.6363636363636364,0,2,1.6084007024765015,1.1278483867645264
0.9130434782608745,0.9228402366863904,0.425531914893617,0.5903614457831325,0.0966183574879227,0.5164290309857168,-0.6453268123326239,0.3958333333333333,0.3541666666666666,0.2635658914728682,0.7312252964426877,0.6956521739130435,0.782608695652174,-3.0515709440408028,-2.424355988331505,1.5111702738782569,0.3578576755990312,1.0,0.0,1.06165689809816,-1.3943497597350551,-0.923514248333601,0.25,0.1999999999999999,0.3,0.2777777777777778,-0.579547769365816,-0.6858670759127897,0.2121212121212121,0.1176470588235294,4,5,0.3333333333333333,0.3428571428571428,0.0666666666666666,0.6363636363636364,1,2,1.3044137954711914,1.071329951286316
0.9130434782608745,0.9229585798816567,0.425531914893617,0.9518072289156628,0.1304347826086956,0.5231956898946257,0.1033261407851909,0.0416666666666666,0.5416666666666666,0.6046511627906976,0.7707509881422925,0.3043478260869565,0.6521739130434783,-1.60900064019277,-1.995960468524508,-1.2394695082734732,-0.2252192082770671,0.0,2.0,-0.86262177896387,0.8895618959428312,0.7264532108356346,0.2403846153846154,0.1818181818181818,0.2363636363636363,0.2222222222222222,-0.0636892359721419,-0.3469924420563787,0.2727272727272727,0.2058823529411764,4,4,0.25,0.2857142857142857,0.1,0.6363636363636364,-1,2,1.6179401874542236,0.931045413017273
0.9130434782608745,0.9229585798816567,0.425531914893617,0.2289156626506024,0.0676328502415458,0.0952395028271354,-2.619197084504813,0.0625,0.1666666666666666,0.9186046511627908,0.075098814229249,0.8260869565217391,0.0,-2.9865451216272527,-1.5959100004213864,0.6190708850722907,-0.9540653131221896,1.0,4.0,1.1807032321192117,-0.8194319037593477,-1.1487501822266803,0.1826923076923077,0.3363636363636363,0.3454545454545454,0.2129629629629629,-1.6112648361531638,1.177943410297471,0.0606060606060606,0.4117647058823529,7,5,0.4166666666666666,0.1142857142857142,0.1,0.6363636363636364,-1,2,1.344703197479248,1.230020523071289
0.9130434782608745,0.9229585798816567,0.425531914893617,0.9879518072289156,0.1062801932367149,0.7017432310816513,0.4478321031164581,0.2708333333333333,0.6458333333333333,0.751937984496124,0.4268774703557312,0.7391304347826086,0.6086956521739131,-1.3173276103164795,-2.969545978172158,0.2473628064031379,0.9409345594751296,1.0,1.0,-0.86262177896387,0.5157521598034653,0.9309702274429252,0.2019230769230769,0.2181818181818181,0.3,0.2962962962962963,-1.0094298805272108,-0.6858670759127897,0.1212121212121212,0.1764705882352941,8,8,0.3055555555555555,0.2857142857142857,0.1,0.6363636363636364,0,2,1.5559111833572388,0.9553545117378235
0.9130434782608745,0.9229585798816567,0.425531914893617,0.5060240963855422,0.0917874396135265,0.3171552862013612,-1.7070176610963443,0.3125,0.0833333333333333,0.1511627906976744,0.3478260869565217,0.3913043478260869,0.3478260869565217,-3.2824363994108365,-0.8039353205634728,2.7006361256195444,1.7426652748047653,2.0,1.0,2.37716004158657,-0.1305839435759947,-1.7284407264666646,0.2788461538461538,0.2727272727272727,0.2727272727272727,0.2592592592592592,-0.0636892359721419,0.1613195087282378,0.1818181818181818,0.2352941176470588,7,8,0.1944444444444444,0.1142857142857142,0.1,0.6363636363636364,1,0,1.184191346168518,1.1963603496551514
0.9130434782608745,0.9229585798816567,0.425531914893617,0.5301204819277109,0.0483091787439613,0.7517300722057677,1.631364811325387,0.4583333333333333,0.375,0.5542635658914729,0.826086956521739,0.5652173913043479,0.2608695652173913,-0.9171080428828084,-1.1922603746978604,2.551952894151884,0.2120884546300072,1.0,0.0,-0.0879410901254828,-0.4447833217673027,-0.1924854918994024,0.1442307692307692,0.3090909090909091,0.2272727272727272,0.2314814814814814,-0.8374770360626529,0.7543501179769573,0.1212121212121212,0.3235294117647059,5,5,0.3055555555555555,0.1714285714285714,0.1,0.6363636363636364,1,2,1.4573149681091309,1.0278264284133911
0.9130434782608745,0.9229585798816567,0.425531914893617,0.2409638554216867,0.1690821256038647,0.4231472639332213,0.523517335924494,0.5833333333333333,0.6875,0.8178294573643411,0.0039525691699604,0.4347826086956522,0.1304347826086956,-1.1305125266232787,-0.5058981637627609,-0.4217117352013387,-0.662526871184139,1.0,1.0,0.3295695725582772,-0.6679609920828745,-0.6002989808650601,0.125,0.2909090909090909,0.1181818181818181,0.1944444444444444,0.022287186260137,0.9237874349051628,0.1515151515151515,0.3529411764705882,5,4,0.1388888888888889,0.1999999999999999,0.1,0.6363636363636364,0,2,1.3608574867248535,1.0011101961135864
0.9130434782608745,0.9229585798816567,0.425531914893617,0.963855421686747,0.144927536231884,0.8054582247925006,1.3262537354088335,0.9375,0.4375,0.5271317829457365,0.901185770750988,0.217391304347826,0.0434782608695652,-1.811797271923184,-0.8800315270577239,2.7006361256195444,0.5036268965680551,1.0,0.0,0.1250425304829062,-1.1029476336029211,-0.1994667566972128,0.2884615384615385,0.3090909090909091,0.209090909090909,0.1759259259259259,0.62412214188609,1.262662068761574,0.2727272727272727,0.3529411764705882,6,4,0.1666666666666666,0.0857142857142857,0.1,0.6363636363636364,1,2,1.3570427894592285,1.082838773727417
0.9130434782608745,0.9229585798816567,0.425531914893617,0.8433734939759037,0.0821256038647342,0.3681441858472162,-1.1510893651853014,0.9583333333333331,0.7916666666666666,0.7441860465116279,0.7233201581027667,0.4782608695652174,0.5217391304347826,-1.913087953177862,-1.72885271625283,1.2138038109429332,-2.6304113542659686,2.0,2.0,-0.0712414594522267,-0.5980171090938716,-0.1330500748728673,0.25,0.2454545454545454,0.3090909090909091,0.2407407407407407,-0.665524191598095,0.076600850264135,0.2727272727272727,0.2352941176470588,3,5,0.3333333333333333,0.2285714285714285,0.1,0.6363636363636364,0,2,1.4854605197906494,0.9976605176925659
0.9130434782608745,0.9231952662721894,0.425531914893617,0.3855421686746988,0.0,0.4086532055170653,-1.497773177324257,0.3333333333333333,0.4791666666666666,0.3178294573643411,0.4703557312252964,0.1739130434782608,0.0869565217391304,-1.2516966844063508,-2.78259052063116,0.2473628064031379,2.690165211103422,1.0,2.0,-0.4517509010041132,-0.154421395407195,0.238326238430077,0.3269230769230769,0.2272727272727272,0.1909090909090909,0.1759259259259259,1.139980675279764,0.5001941425846489,0.4242424242424242,0.2941176470588235,2,7,0.1666666666666666,0.0857142857142857,0.1666666666666666,0.6363636363636364,-1,2,1.4718234539031982,0.9820647835731506
0.9130434782608745,0.9236686390532544,0.1914893617021276,0.072289156626506,0.0241545893719806,0.3280918949906568,0.1971008165607045,0.3541666666666666,0.5416666666666666,0.7286821705426356,0.7707509881422925,0.7391304347826086,0.0869565217391304,-1.975062568203528,-0.1943255844618708,1.0933913347543394,-0.0402226603643458,1.0,3.0,0.6146052863139619,-1.2343992396960164,-0.6640620423182266,0.2115384615384615,0.1999999999999999,0.2818181818181818,0.2222222222222222,-0.7515006138303739,-0.1775551251281732,0.1212121212121212,0.2352941176470588,5,4,0.3611111111111111,0.2857142857142857,0.3,0.6363636363636364,-1,2,1.3082740306854248,1.098944067955017
0.9130434782608745,0.9236686390532544,0.4468085106382979,0.4819277108433735,0.1014492753623188,0.6695914935487254,0.9173706228809037,0.4791666666666666,0.3125,0.4728682170542636,0.150197628458498,0.0869565217391304,0.4782608695652174,-2.785768089871956,-3.4575335483700167,2.0315615840150705,2.6172806006189115,1.0,0.0,-0.5973954145480654,-0.154421395407195,0.5476027230446039,0.2596153846153846,0.2818181818181818,0.1818181818181818,0.287037037037037,0.62412214188609,-0.0081178081999676,0.3333333333333333,0.2058823529411764,7,7,0.0833333333333333,0.1999999999999999,0.3,0.6363636363636364,1,2,1.4815760850906372,0.9375745058059692
0.9130434782608745,0.9237869822485204,0.1914893617021276,0.2409638554216867,0.0241545893719806,0.3280918949906568,0.1971008165607045,0.5833333333333333,0.0416666666666666,0.8178294573643411,0.1620553359683794,0.2608695652173913,0.5217391304347826,-0.1259114519874207,-0.5631310864038297,0.3124269791225654,-0.7119003169962296,2.0,2.0,-0.3627705966805152,-0.4693473554356376,0.201409981012247,0.1346153846153846,0.2272727272727272,0.1272727272727272,0.2592592592592592,0.022287186260137,-0.262273783592276,0.1515151515151515,0.2647058823529412,6,4,0.1388888888888889,0.2857142857142857,0.3333333333333333,0.6363636363636364,0,2,1.4823203086853027,0.9410266280174255
0.9130434782608745,0.9237869822485204,0.4468085106382979,0.9879518072289156,0.0676328502415458,0.6850321092995946,0.4478321031164581,0.2708333333333333,0.7916666666666666,0.751937984496124,0.7233201581027667,0.7391304347826086,0.5217391304347826,-1.8185246081017523,-1.289310276878771,0.4703876536046275,-1.6829114179673117,1.0,1.0,0.0441643929711289,-0.97312496172793,-0.1716300993147152,0.2115384615384615,0.2636363636363636,0.3090909090909091,0.2592592592592592,-1.0094298805272108,0.076600850264135,0.1212121212121212,0.2352941176470588,9,6,0.3055555555555555,0.2285714285714285,0.3333333333333333,0.6363636363636364,0,2,1.4192628860473633,1.0326963663101196
0.9130434782608745,0.9237869822485204,0.4468085106382979,0.4698795180722891,0.1545893719806763,0.8273580461030252,0.9777269597738448,0.3333333333333333,0.0833333333333333,0.3178294573643411,0.3478260869565217,0.217391304347826,0.3478260869565217,-1.257260283070368,-0.747162679679383,0.1730211906693063,0.8680499489906164,0.0,0.0,0.2830865665293505,-1.1291063377300967,-0.3937853734224945,0.3365384615384615,0.2818181818181818,0.209090909090909,0.2777777777777778,1.0540042530474851,0.076600850264135,0.4242424242424242,0.2352941176470588,2,8,0.1944444444444444,0.1428571428571428,0.3333333333333333,0.6363636363636364,0,2,1.4305230379104614,0.9909530282020569
0.9130434782608745,0.9237869822485204,0.4468085106382979,0.072289156626506,0.038647342995169,0.1450946557991733,0.1355119066584327,0.3541666666666666,0.5416666666666666,0.7286821705426356,0.7707509881422925,0.782608695652174,0.6086956521739131,-2.687475020202741,-1.355671382129211,0.9907789637414436,-0.2252192082770671,1.0,3.0,0.7499980842035033,-0.8601967628184753,-0.7143422111948611,0.2211538461538461,0.2272727272727272,0.3090909090909091,0.2314814814814814,-0.923453458294932,-0.0081178081999676,0.1212121212121212,0.2647058823529412,5,4,0.3888888888888888,0.2857142857142857,0.3333333333333333,0.6363636363636364,-1,2,1.3486384153366089,1.047117829322815
0.9130434782608745,0.9237869822485204,0.4468085106382979,0.036144578313253,0.0241545893719806,0.7185146410186249,0.3599636414504472,0.375,0.3958333333333333,0.8217054263565892,0.8735177865612648,0.2608695652173913,0.6956521739130435,-1.3946567508097256,-2.684191544754857,0.9907789637414436,0.5036268965680551,2.0,0.0,-0.8820994261788107,0.403220942973219,0.985054067431108,0.3269230769230769,0.2454545454545454,0.2363636363636363,0.3055555555555555,0.7100985641183691,-0.5164297589845843,0.3333333333333333,0.2352941176470588,5,4,0.1944444444444444,0.3428571428571428,0.3333333333333333,0.6363636363636364,1,2,1.551862359046936,0.932072103023529
0.9130434782608745,0.9237869822485204,0.4468085106382979,0.5301204819277109,0.1739130434782608,0.7856134315254711,1.534072046965655,0.4375,0.6875,0.8953488372093024,0.0039525691699604,0.0434782608695652,0.1304347826086956,-0.0473778925385958,-0.5519068968571974,0.3217044221369668,-1.6100268074827986,1.0,1.0,-0.7093961636354963,0.2436185333015441,0.6192233669284828,0.3269230769230769,0.3,0.1818181818181818,0.2037037037037037,1.225957097512043,0.9237874349051628,0.3636363636363636,0.3529411764705882,4,5,0.1111111111111111,0.1999999999999999,0.3333333333333333,0.6363636363636364,0,2,1.5527175664901733,0.9398390650749207
0.9130434782608745,0.9237869822485204,0.4468085106382979,0.216867469879518,0.072463768115942,-0.0865732891663265,-1.232945508814998,0.6458333333333333,0.1666666666666666,0.4224806201550387,0.075098814229249,0.5652173913043479,0.0,-3.3803193847924087,-0.9416186931804672,0.0243379592016457,-0.8811807026376762,3.0,2.0,2.1763452869276407,-0.2744290714194711,-1.6623850291631883,0.2403846153846154,0.3727272727272727,0.3,0.2222222222222222,-0.665524191598095,1.4320993856897792,0.1818181818181818,0.4411764705882353,9,5,0.2777777777777778,0.1142857142857142,0.3333333333333333,0.6363636363636364,1,0,1.1827667951583862,1.2302658557891846
0.9130434782608745,0.9237869822485204,0.4468085106382979,0.963855421686747,0.0483091787439613,0.7235660149549712,1.3262537354088335,0.9375,0.0625,0.5271317829457365,0.91699604743083,0.1739130434782608,0.8260869565217391,-1.658962095693557,-2.9881174146797886,-0.71907819813666,0.0663192336609833,1.0,0.0,-0.415974149226847,-0.3470991123393136,0.2748330649591438,0.2980769230769231,0.1818181818181818,0.209090909090909,0.3888888888888888,0.7100985641183691,-1.871928294410229,0.303030303030303,0.0588235294117647,6,7,0.1666666666666666,0.4571428571428571,0.3333333333333333,0.6363636363636364,1,2,1.5308269262313843,0.9410764575004578
0.9130434782608745,0.9237869822485204,0.4468085106382979,0.746987951807229,0.0048309178743961,0.4087090447216726,0.220584178787102,0.9583333333333331,0.4583333333333333,0.7441860465116279,0.541501976284585,0.4347826086956522,0.6521739130434783,-2.057097675535745,-0.908299696520882,1.8828783525474095,2.179972937711837,2.0,0.0,0.8289981444848291,-1.1553305205341426,-0.8545763335208868,0.2692307692307693,0.1454545454545454,0.3272727272727272,0.2314814814814814,-0.665524191598095,-0.7705857343768925,0.2727272727272727,0.1470588235294117,4,5,0.3333333333333333,0.3142857142857143,0.3333333333333333,0.6363636363636364,1,2,1.3055952787399292,1.0383034944534302
0.9130434782608745,0.923905325443787,0.4468085106382979,0.2409638554216867,0.1400966183574879,0.3511158483772056,0.523517335924494,0.5833333333333333,0.0416666666666666,0.8178294573643411,0.6047430830039525,0.3913043478260869,0.3043478260869565,-1.57927963430259,-2.020315778013317,-0.6447365824028309,-0.2981038187615778,2.0,2.0,-0.4769432815301823,0.1698396681071467,0.3252718245521436,0.1538461538461538,0.2454545454545454,0.1454545454545454,0.2777777777777778,0.022287186260137,-0.262273783592276,0.1515151515151515,0.2647058823529412,7,5,0.1388888888888889,0.2857142857142857,0.3666666666666667,0.6363636363636364,0,2,1.4989585876464844,0.944712221622467
0.9130434782608745,0.9241420118343197,0.2127659574468085,0.2409638554216867,0.0241545893719806,0.3280918949906568,0.1971008165607045,0.5833333333333333,0.6458333333333333,0.8178294573643411,0.4268774703557312,0.2608695652173913,0.4782608695652174,-0.380300884465433,-2.426376198693845,0.3124269791225654,0.5116656403714944,2.0,1.0,-1.0205446894947852,1.5386670109837148,0.9060897981906508,0.173076923076923,0.2545454545454545,0.1636363636363636,0.324074074074074,0.022287186260137,-0.6011484174486871,0.1515151515151515,0.2058823529411764,8,9,0.1388888888888889,0.2857142857142857,0.4333333333333333,0.6363636363636364,1,2,1.5948758125305176,0.9466463923454285
0.9130434782608745,0.9242603550295856,0.1063829787234042,0.2409638554216867,0.0821256038647342,0.2159910468382954,0.523517335924494,0.5833333333333333,0.6458333333333333,0.8178294573643411,0.4268774703557312,0.1739130434782608,0.4782608695652174,-1.7984571629790531,-2.981894210525455,-0.0500036565321859,1.669780664320252,2.0,1.0,-0.98060781080609,0.7940830982636848,1.2311515971998568,0.1923076923076923,0.2636363636363636,0.1727272727272727,0.3425925925925925,0.108263608492416,-0.6858670759127897,0.1818181818181818,0.2058823529411764,8,9,0.1388888888888889,0.3142857142857143,0.4666666666666667,0.6363636363636364,1,2,1.6092469692230225,0.9620278477668762
0.9130434782608745,0.9244970414201186,0.4680851063829787,0.0602409638554216,0.0483091787439613,0.6304695977344992,0.2926303474825015,0.0833333333333333,0.3541666666666666,0.3488372093023256,0.7312252964426877,0.3043478260869565,0.782608695652174,-1.7423401534766216,-2.5505267739729693,0.7677541165399513,0.5765115070525685,1.0,1.0,-0.4877778418888012,-0.59303894052313,0.5587232238860428,0.2980769230769231,0.2181818181818181,0.2727272727272727,0.3425925925925925,0.108263608492416,-1.1094603682333035,0.2424242424242424,0.1176470588235294,9,5,0.1388888888888889,0.4285714285714285,0.5333333333333333,0.6363636363636364,0,2,1.5093164443969727,0.9365174174308777
0.9130434782608745,0.9244970414201186,0.4680851063829787,0.216867469879518,0.1304347826086956,0.7926541811133271,0.9255303612728571,0.5416666666666666,0.375,0.7674418604651163,0.826086956521739,0.6086956521739131,0.1739130434782608,-1.7787270017301096,-1.3665837600269517,-1.0907862768058127,1.0867037804441535,0.0,2.0,0.8708265059394648,-0.6679609920828745,-1.0028353183026384,0.2692307692307693,0.3272727272727272,0.2363636363636363,0.2407407407407407,0.194240030724695,0.83906877644106,0.303030303030303,0.3529411764705882,4,5,0.2777777777777778,0.1999999999999999,0.5333333333333333,0.6363636363636364,-1,2,1.3463504314422607,1.0245442390441895
0.9130434782608745,0.9244970414201186,0.4680851063829787,0.710843373493976,0.0,-0.1972396710495981,-2.287934555322679,0.7916666666666666,0.4791666666666666,0.7209302325581395,0.4703557312252964,0.5652173913043479,0.0434782608695652,-1.6375645072431302,-2.576596104765182,-2.949326670151577,2.690165211103422,1.0,2.0,0.643711756683236,-0.6930545503312608,-0.8460597307924027,0.2884615384615385,0.2545454545454545,0.2636363636363636,0.1851851851851851,0.108263608492416,0.6696314595128544,0.2424242424242424,0.3529411764705882,7,7,0.2222222222222222,0.0857142857142857,0.5333333333333333,0.6363636363636364,-1,2,1.3470842838287354,1.144406795501709
0.9130434782608745,0.9246153846153846,0.4680851063829787,0.9518072289156628,0.0966183574879227,0.4594855131689306,0.1033261407851909,0.0416666666666666,0.6458333333333333,0.6046511627906976,0.4268774703557312,0.3478260869565217,0.5217391304347826,-2.048859628747304,-3.317298632244252,-1.2394695082734732,1.4511268328667146,1.0,2.0,-0.804626815101258,1.039689109533136,0.5252483748656652,0.2788461538461538,0.2727272727272727,0.2909090909090909,0.3611111111111111,-0.2356420804366999,-0.7705857343768925,0.2727272727272727,0.2058823529411764,6,9,0.2777777777777778,0.3428571428571428,0.5666666666666667,0.6363636363636364,-1,2,1.604491949081421,0.9564219117164612
0.9130434782608745,0.9246153846153846,0.4680851063829787,0.2289156626506024,0.072463768115942,-0.0746584196886892,-2.619197084504813,0.0625,0.5833333333333333,0.9108527131782944,0.8221343873517786,0.8260869565217391,0.4782608695652174,-3.1286202346351746,-1.7879014254803924,0.9907789637414436,0.7222807280215924,1.0,0.0,1.258566148250302,-0.8704128100053846,-1.1862624414036402,0.1923076923076923,0.1999999999999999,0.3909090909090909,0.1851851851851851,-1.95517052508228,0.1613195087282378,0.0606060606060606,0.2058823529411764,7,8,0.4722222222222222,0.1428571428571428,0.5666666666666667,0.6363636363636364,1,2,1.343969464302063,1.1000860929489136
0.9130434782608745,0.9246153846153846,0.4680851063829787,0.746987951807229,0.0289855072463768,0.4723335209981744,0.3388011684746753,0.1666666666666666,0.4375,0.0736434108527131,0.901185770750988,0.0,0.0869565217391304,-0.8257963634982939,-0.621168066706502,-0.4960533509351677,1.2324730014131775,4.0,1.0,0.3909016249104913,-0.8448913465681646,-0.5845493569509169,0.4134615384615385,0.3181818181818182,0.2454545454545454,0.1944444444444444,1.3979099419766012,1.177943410297471,0.4545454545454546,0.3529411764705882,5,5,0.1388888888888889,0.1142857142857142,0.5666666666666667,0.6363636363636364,1,2,1.536997675895691,1.0659043788909912
0.9130434782608745,0.9246153846153846,0.4680851063829787,0.5060240963855422,0.1400966183574879,0.3776718868996062,-1.7176600994610265,0.3125,0.9583333333333331,0.1511627906976744,0.7470355731225296,0.4347826086956522,0.3913043478260869,-3.5058956250542,-1.355671382129211,2.9236609728210365,-0.3709884292460911,2.0,2.0,-0.1215036293598677,-0.4939691189659106,-0.1577995532604051,0.2980769230769231,0.2727272727272727,0.2909090909090909,0.3333333333333333,-0.0636892359721419,-0.5164297589845843,0.2121212121212121,0.2941176470588235,7,4,0.2222222222222222,0.3428571428571428,0.5666666666666667,0.6363636363636364,0,2,1.4641883373260498,1.0503839254379272
0.9130434782608745,0.9246153846153846,0.4680851063829787,0.5301204819277109,0.0241545893719806,0.5654533626145258,1.631364811325387,0.4583333333333333,0.2708333333333333,0.5542635658914729,0.7549407114624506,0.6521739130434783,0.7391304347826086,-1.1155896500314724,-1.4359401801191616,-0.2730285037336781,-0.8811807026376762,0.0,0.0,0.6146052863139619,-1.4482139172573738,-0.6002989808650601,0.1538461538461538,0.209090909090909,0.2454545454545454,0.324074074074074,-0.923453458294932,-1.0247417097692009,0.1515151515151515,0.1176470588235294,5,10,0.3333333333333333,0.3142857142857143,0.5666666666666667,0.6363636363636364,0,2,1.308126449584961,1.0157877206802368
0.9130434782608745,0.9246153846153846,0.4680851063829787,0.0,0.1545893719806763,0.6401302173246765,0.1751220466067397,0.6875,0.9375,0.003875968992248,0.5138339920948616,0.1304347826086956,0.217391304347826,-0.4242045667146346,-1.5621231884361082,-0.1986868879998465,0.2120884546300072,2.0,1.0,-0.7663230583428943,-0.0122035251548139,0.9010910650837676,0.3269230769230769,0.2909090909090909,0.209090909090909,0.2129629629629629,0.9680278308152062,0.7543501179769573,0.3636363636363636,0.3235294117647059,6,6,0.1944444444444444,0.1714285714285714,0.5666666666666667,0.6363636363636364,1,2,1.5045068264007568,0.9378971457481384
0.9130434782608745,0.9248520710059172,0.4680851063829787,0.5903614457831325,0.1256038647342995,0.3495046888859005,-0.6453268123326239,0.3958333333333333,0.3333333333333333,0.872093023255814,0.3201581027667984,0.6956521739130435,0.2608695652173913,-2.6295261321712773,-1.4730765000518415,0.5447292693384591,0.7951653385061056,2.0,2.0,0.9807364142710372,-1.3943497597350551,-0.8888648218835974,0.2596153846153846,0.3181818181818182,0.3181818181818182,0.2129629629629629,-0.665524191598095,1.0085060933692656,0.2424242424242424,0.4117647058823529,4,3,0.3611111111111111,0.1999999999999999,0.6333333333333333,0.6363636363636364,0,2,1.3053046464920044,1.0460166931152344
0.9130434782608745,0.9253254437869822,0.4893617021276595,0.2289156626506024,0.038647342995169,-0.1544108110484055,-2.619197084504813,0.0625,0.6458333333333333,0.9108527131782944,0.4268774703557312,0.8260869565217391,0.5217391304347826,-3.22889349646302,-3.177296421575697,0.7677541165399513,1.669780664320252,2.0,1.0,-0.5422950866216237,0.0815470383468714,0.3347921930638176,0.2019230769230769,0.2909090909090909,0.3909090909090909,0.3703703703703703,-1.869194102850001,-0.6858670759127897,0.0909090909090909,0.2352941176470588,7,9,0.4722222222222222,0.3428571428571428,0.7666666666666667,0.6363636363636364,1,2,1.5071943998336792,1.072541356086731
0.9130434782608745,0.9253254437869822,0.4893617021276595,0.2650602409638554,0.0,0.5712835762633897,0.1751220466067397,0.6875,0.3541666666666666,0.003875968992248,0.7312252964426877,0.1304347826086956,0.782608695652174,-0.2594203143403902,-2.677469053485272,-0.71907819813666,-0.1523345977925538,5.0,0.0,-1.287965238374771,1.838875390043456,1.8204145553717936,0.3461538461538461,0.2272727272727272,0.2181818181818181,0.3518518518518518,1.0540042530474851,-1.1094603682333035,0.3939393939393939,0.1176470588235294,6,6,0.1944444444444444,0.4285714285714285,0.7666666666666667,0.6363636363636364,1,2,1.747571349143982,0.8963490128517151
0.9130434782608745,0.9254437869822488,0.2340425531914893,0.2409638554216867,0.0241545893719806,0.3280918949906568,0.1971008165607045,0.5833333333333333,0.3333333333333333,0.8178294573643411,0.3201581027667984,0.2608695652173913,0.0,-0.2840726502059892,-0.5994597418766081,0.3124269791225654,0.160166846399134,1.0,0.0,-0.2235234294713002,-0.7434227029254181,0.1136270423259014,0.2115384615384615,0.3363636363636363,0.1909090909090909,0.2314814814814814,0.108263608492416,1.0085060933692656,0.2121212121212121,0.4117647058823529,8,4,0.1666666666666666,0.1999999999999999,0.8,0.6363636363636364,1,2,1.4685651063919067,0.9759320020675659
0.9130434782608745,0.9254437869822488,0.4893617021276595,0.0602409638554216,0.072463768115942,0.5844225775507863,0.2926303474825015,0.0833333333333333,0.4583333333333333,0.3488372093023256,0.541501976284585,0.3913043478260869,0.6521739130434783,-1.4574308084105254,-0.8453770024168389,1.4368286581444254,2.6172806006189115,0.0,2.0,-0.3627705966805152,-0.7182083572767156,0.3407284708103074,0.3076923076923077,0.1454545454545454,0.2818181818181818,0.25,0.108263608492416,-0.940023051305098,0.2424242424242424,0.1470588235294117,10,6,0.1388888888888889,0.3428571428571428,0.8,0.6363636363636364,-1,2,1.501596212387085,0.9333407282829285
0.9130434782608745,0.9254437869822488,0.4893617021276595,0.5060240963855422,0.1062801932367149,0.356315191340057,-1.7176600994610265,0.3125,0.5416666666666666,0.1511627906976744,0.7707509881422925,0.4782608695652174,0.6086956521739131,-3.1993594627267368,-1.2348722514932091,2.774977741353376,1.815549885289276,0.0,1.0,0.926074558752344,-0.59303894052313,-1.04774276950764,0.3173076923076923,0.2545454545454545,0.3090909090909091,0.2592592592592592,-0.0636892359721419,-0.0081178081999676,0.2121212121212121,0.2941176470588235,8,4,0.2222222222222222,0.3142857142857143,0.8,0.6363636363636364,-1,2,1.3462814092636108,1.0611335039138794
0.9130434782608745,0.9254437869822488,0.4893617021276595,0.036144578313253,0.1497584541062802,0.6685463985958442,0.3599636414504472,0.375,0.1666666666666666,0.8217054263565892,0.075098814229249,0.217391304347826,0.0434782608695652,-1.3946567508097256,-0.7714275699067422,1.0651205794752725,0.4307422860835445,0.0,0.0,0.1410669028165541,-0.1305839435759947,-0.5688747315300076,0.3653846153846154,0.4272727272727272,0.2363636363636363,0.2592592592592592,1.0540042530474851,1.6015367026179848,0.3939393939393939,0.4705882352941176,5,5,0.1944444444444444,0.1428571428571428,0.8,0.6363636363636364,0,2,1.4845165014266968,1.1368147134780884
0.9130434782608745,0.9254437869822488,0.4893617021276595,0.4819277108433735,0.0676328502415458,0.7593186546926741,0.9173706228809037,0.4791666666666666,0.2708333333333333,0.4728682170542636,0.7549407114624506,0.0,0.7391304347826086,-2.389314033279226,-1.4359401801191616,2.2545864312165627,-0.8811807026376762,1.0,0.0,-0.2753010668267623,-0.5681835182832995,0.1326357483850499,0.2884615384615385,0.209090909090909,0.1909090909090909,0.324074074074074,0.7960749863506482,-1.0247417097692009,0.3939393939393939,0.1176470588235294,7,11,0.0833333333333333,0.3142857142857143,0.8,0.6363636363636364,1,2,1.6366678476333618,0.936514675617218
0.9130434782608745,0.9254437869822488,0.4893617021276595,0.963855421686747,0.1739130434782608,0.5918250715688257,1.3262537354088335,0.9375,0.3958333333333333,0.5271317829457365,0.8735177865612648,0.1739130434782608,0.6956521739130435,-2.0111618113859038,-2.6556482503266325,1.0651205794752725,0.5765115070525685,2.0,1.0,-0.7093961636354963,0.1744661003130459,0.6463600838398857,0.3173076923076923,0.2636363636363636,0.2272727272727272,0.3425925925925925,0.7100985641183691,-0.6858670759127897,0.3333333333333333,0.2352941176470588,6,5,0.1944444444444444,0.3714285714285714,0.8,0.6363636363636364,1,2,1.5283982753753662,0.9319927096366882
0.9130434782608745,0.9255621301775148,0.4893617021276595,0.5301204819277109,0.0821256038647342,0.5360272793264268,1.534072046965655,0.4375,0.7916666666666666,0.8953488372093024,0.7233201581027667,0.0869565217391304,0.5652173913043479,-0.7437751435619812,-1.569547720215919,1.3624870424105964,-1.97444985990536,2.0,1.0,-0.9409781419179728,0.6933251491952606,1.043058477922758,0.3461538461538461,0.2818181818181818,0.2272727272727272,0.287037037037037,0.9680278308152062,-0.0081178081999676,0.3636363636363636,0.2352941176470588,5,7,0.1388888888888889,0.2571428571428571,0.8333333333333334,0.6363636363636364,1,2,1.5594743490219116,0.924496054649353
0.9130434782608745,0.9255621301775148,0.4893617021276595,0.2409638554216867,0.1304347826086956,0.5152985193645996,0.523517335924494,0.5833333333333333,0.3333333333333333,0.8178294573643411,0.3201581027667984,0.3478260869565217,0.2608695652173913,-1.5378323639690947,-1.3935157014917283,0.4703876536046275,1.378242222382204,1.0,0.0,-0.0115670677186286,-0.2985964536704366,-0.109845207049646,0.2211538461538461,0.3363636363636363,0.1909090909090909,0.2407407407407407,0.194240030724695,0.9237874349051628,0.2424242424242424,0.4117647058823529,8,4,0.1666666666666666,0.2285714285714285,0.8333333333333334,0.6363636363636364,1,2,1.4466785192489624,1.0584521293640137
0.9130434782608745,0.9256804733727813,0.4893617021276595,0.8433734939759037,0.0917874396135265,0.3431891991644187,-1.1510893651853014,0.9583333333333331,0.0416666666666666,0.7441860465116279,0.6047430830039525,0.3043478260869565,0.4347826086956522,-1.662894819658756,-1.6993664084257205,0.916437348007612,-0.2252192082770671,2.0,1.0,0.0766681698861375,-0.5433869255002135,-0.3642635152827687,0.3076923076923077,0.2727272727272727,0.3454545454545454,0.3148148148148147,-0.4935713471335369,-0.3469924420563787,0.303030303030303,0.2647058823529412,5,6,0.3333333333333333,0.3142857142857143,0.8666666666666667,0.6363636363636364,1,2,1.3776626586914062,1.010226845741272
0.9130434782608745,0.9257988165680472,0.2340425531914893,0.5060240963855422,0.0241545893719806,0.3280918949906568,0.1971008165607045,0.3125,0.7916666666666666,0.1511627906976744,0.7233201581027667,0.217391304347826,0.5652173913043479,-3.1844957503418714,-0.6090623323740813,0.6320626237442196,-1.5521240335978803,1.0,0.0,0.3909016249104913,-0.6429273946042767,-0.6400059173327453,0.3173076923076923,0.2909090909090909,0.3181818181818182,0.3055555555555555,-0.1496656582044209,-0.0928364666640704,0.2121212121212121,0.2352941176470588,8,7,0.25,0.2857142857142857,0.9,0.6363636363636364,1,2,1.3659591674804688,1.0064234733581543
0.9130434782608745,0.9257988165680472,0.2553191489361702,0.4698795180722891,0.0241545893719806,0.3280918949906568,0.1971008165607045,0.3333333333333333,0.5833333333333333,0.3178294573643411,0.8221343873517786,0.0,0.2608695652173913,-0.8627261398593198,-0.4002459417813053,0.1200616396512995,0.3487620591838878,0.0,0.0,0.2046705693382438,-0.7940341808724144,-0.4235744013296885,0.3557692307692308,0.2181818181818181,0.2454545454545454,0.1944444444444444,0.8820514085829272,0.2460381671923406,0.4242424242424242,0.2647058823529412,4,8,0.25,0.1714285714285714,0.9,0.6363636363636364,0,2,1.538818120956421,1.005429744720459
0.9130434782608745,0.9259171597633138,0.0851063829787234,0.4698795180722891,0.0289855072463768,0.6195176573056076,0.9777269597738448,0.3333333333333333,0.5833333333333333,0.3178294573643411,0.8221343873517786,0.3478260869565217,0.3043478260869565,-1.2826280266203285,-1.6093166845569808,0.5447292693384591,-0.0794499873080406,0.0,0.0,-0.3276043744598828,0.2482125064336975,0.2285223142256602,0.3557692307692308,0.2181818181818181,0.2454545454545454,0.1944444444444444,0.8820514085829272,0.2460381671923406,0.4242424242424242,0.2647058823529412,5,9,0.25,0.1714285714285714,0.9333333333333332,0.6363636363636364,0,2,1.4984897375106812,0.9344080090522766
0.9130434782608745,0.9259171597633138,0.3829787234042553,0.5060240963855422,0.0144927536231884,0.213766997431461,-1.7176600994610265,0.3125,0.7916666666666666,0.1511627906976744,0.7233201581027667,0.5217391304347826,0.4782608695652174,-3.104162765837557,-1.569547720215919,1.3624870424105964,-1.3913729760292612,1.0,0.0,0.997022512823374,-0.8959965969805055,-0.892313397493207,0.3269230769230769,0.2909090909090909,0.3181818181818182,0.3148148148148147,-0.0636892359721419,-0.1775551251281732,0.2424242424242424,0.2352941176470588,8,7,0.25,0.3142857142857143,0.9333333333333332,0.6363636363636364,1,2,1.3477121591567993,1.0375432968139648
0.9130434782608745,0.926153846153846,0.5106382978723404,0.072289156626506,0.1594202898550724,-0.1817420022422247,0.1355119066584327,0.3541666666666666,0.3125,0.0813953488372093,0.150197628458498,0.782608695652174,0.5217391304347826,-2.588084294977796,-3.232845668358488,0.1730211906693063,1.9613191062583,2.0,1.0,-0.2235234294713002,-0.4939691189659106,0.0103506457874875,0.2403846153846154,0.3181818181818182,0.3909090909090909,0.324074074074074,-1.5252884139208849,-0.0081178081999676,0.1212121212121212,0.2647058823529412,6,8,0.4444444444444444,0.2571428571428571,1.0,0.6363636363636364,1,2,1.4832473993301392,1.0384485721588135
0.9130434782608745,0.9262721893491124,0.5106382978723404,0.9518072289156628,0.0241545893719806,0.538333822921227,0.1033261407851909,0.0416666666666666,0.6875,0.6046511627906976,0.0039525691699604,0.4347826086956522,0.0869565217391304,-1.3683103109705033,-0.1958144276155374,-1.5368359712087971,0.2120884546300072,0.0,2.0,1.9673843077137825,0.0347766233480473,-1.64065778778032,0.2980769230769231,0.3727272727272727,0.3272727272727272,0.2222222222222222,-0.4075949249012579,1.4320993856897792,0.2727272727272727,0.4117647058823529,6,6,0.3333333333333333,0.1999999999999999,0.0,0.7272727272727273,-1,0,1.1766234636306763,1.227130651473999
0.9130434782608745,0.9262721893491124,0.5106382978723404,0.746987951807229,0.072463768115942,0.5901368561509323,0.3388011684746753,0.1666666666666666,0.4791666666666666,0.0736434108527131,0.4703557312252964,0.0,0.0434782608695652,-0.8257963634982939,-2.4556397541227097,-0.4960533509351677,2.398626769165374,2.0,0.0,-0.98060781080609,1.1456208063872158,0.9654898783769984,0.4519230769230769,0.2818181818181818,0.2545454545454545,0.1944444444444444,1.655839208673438,0.83906877644106,0.4848484848484848,0.4117647058823529,6,7,0.1388888888888889,0.0857142857142857,0.0,0.7272727272727273,1,2,1.6365466117858887,0.9735555648803711
0.9130434782608745,0.9262721893491124,0.5106382978723404,0.9879518072289156,0.1497584541062802,0.7157754270345149,0.4478321031164581,0.2708333333333333,0.4375,0.751937984496124,0.901185770750988,0.6956521739130435,0.1304347826086956,-1.561079005614962,-0.4924402074350913,0.5447292693384591,2.034203716742813,2.0,1.0,0.5999901515427922,-1.2343992396960164,-0.6640620423182266,0.2211538461538461,0.3454545454545454,0.3272727272727272,0.2407407407407407,-1.0954063027594898,1.0085060933692656,0.1212121212121212,0.3823529411764705,11,5,0.3333333333333333,0.1428571428571428,0.0,0.7272727272727273,1,2,1.3095141649246216,1.0427849292755127
0.9130434782608745,0.9262721893491124,0.5106382978723404,0.4698795180722891,0.0821256038647342,0.7497843111992258,0.9777269597738448,0.3333333333333333,0.0625,0.3178294573643411,0.91699604743083,0.1739130434782608,0.8260869565217391,-1.1255171269610615,-2.9943738093778065,0.4703876536046275,1.2324730014131775,3.0,1.0,-0.8820994261788107,0.289467864947733,1.1281924935681726,0.3557692307692308,0.209090909090909,0.2454545454545454,0.4074074074074074,0.8820514085829272,-1.7872096359461258,0.4242424242424242,0.1176470588235294,6,7,0.25,0.4857142857142857,0.0,0.7272727272727273,1,2,1.6393778324127197,0.939936101436615
0.9130434782608745,0.9262721893491124,0.5106382978723404,0.5903614457831325,0.1159420289855072,0.4254497099005234,-0.6453268123326239,0.3958333333333333,0.9583333333333331,0.872093023255814,0.7470355731225296,0.7391304347826086,0.3043478260869565,-2.713213561621967,-1.4293126362464152,1.0651205794752725,0.0663192336609833,0.0,1.0,0.2674985620448329,-0.7940341808724144,-0.5145939824776892,0.2884615384615385,0.3090909090909091,0.3545454545454545,0.3611111111111111,-0.7515006138303739,-0.4317111005204815,0.2424242424242424,0.3235294117647059,5,5,0.3888888888888888,0.3428571428571428,0.0,0.7272727272727273,-1,2,1.3599406480789185,1.03220534324646
0.9130434782608745,0.9262721893491124,0.5106382978723404,0.5301204819277109,0.1400966183574879,0.7167856727221403,1.631364811325387,0.4583333333333333,0.9375,0.5542635658914729,0.5138339920948616,0.5652173913043479,0.217391304347826,-1.8298232222419744,-2.117177679084219,2.998002588554868,2.179972937711837,2.0,0.0,0.3603268672083911,-1.4482139172573738,-0.3496012856130612,0.173076923076923,0.3181818181818182,0.2454545454545454,0.2407407407407407,-0.7515006138303739,0.7543501179769573,0.1818181818181818,0.3529411764705882,6,6,0.3333333333333333,0.1999999999999999,0.0,0.7272727272727273,1,2,1.317115068435669,1.0399806499481201
0.9130434782608745,0.9262721893491124,0.5106382978723404,0.1325301204819277,0.1545893719806763,0.5264249356095394,0.9255303612728571,0.5416666666666666,0.0833333333333333,0.7674418604651163,0.3478260869565217,0.6521739130434783,0.3913043478260869,-1.288340529928624,-1.044085833976491,1.3624870424105964,2.325742158680861,2.0,3.0,0.0604419153646142,-1.1029476336029211,-0.1371620867983627,0.2788461538461538,0.2909090909090909,0.2545454545454545,0.3055555555555555,0.108263608492416,-0.0928364666640704,0.3333333333333333,0.2352941176470588,4,10,0.3055555555555555,0.1714285714285714,0.0,0.7272727272727273,-1,2,1.3904577493667603,0.9879772663116455
0.9130434782608745,0.9262721893491124,0.5106382978723404,0.216867469879518,0.1256038647342995,0.1765249782130942,-1.232945508814998,0.6458333333333333,0.5833333333333333,0.4224806201550387,0.8221343873517786,0.6086956521739131,0.3478260869565217,-2.9565200527591884,-1.2689590717869963,1.5111702738782569,-1.3913729760292612,1.0,3.0,1.784595057373448,-0.59303894052313,-1.4718174398425328,0.3173076923076923,0.2181818181818181,0.3818181818181818,0.1944444444444444,-0.7515006138303739,0.2460381671923406,0.2424242424242424,0.2647058823529412,9,10,0.3611111111111111,0.1714285714285714,0.0,0.7272727272727273,-1,2,1.1766358613967896,1.0797982215881348
0.9130434782608745,0.9262721893491124,0.5106382978723404,0.710843373493976,0.0483091787439613,-0.1979035752561321,-2.287934555322679,0.7916666666666666,0.375,0.7209302325581395,0.826086956521739,0.4782608695652174,0.2608695652173913,-1.2797821655553432,-1.3665837600269517,-0.942103045338152,1.0867037804441535,2.0,1.0,0.2674985620448329,-0.2503173103505782,-0.6721199780883574,0.3076923076923077,0.3454545454545454,0.3181818181818182,0.2407407407407407,-0.2356420804366999,1.0085060933692656,0.2424242424242424,0.3823529411764705,7,6,0.3333333333333333,0.1999999999999999,0.0,0.7272727272727273,1,2,1.3615976572036743,1.0718766450881958
0.9130434782608745,0.926863905325444,0.3191489361702128,0.072289156626506,0.0676328502415458,-0.1206037332760247,0.1355119066584327,0.3541666666666666,0.6458333333333333,0.0813953488372093,0.4268774703557312,0.6521739130434783,0.5652173913043479,-2.8064543760674936,-2.869524462488429,0.6934125008061197,1.888434495773789,0.0,0.0,-0.0380037212488559,-0.3958273655809532,-0.2629735198174255,0.2596153846153846,0.3090909090909091,0.3999999999999999,0.4166666666666666,-1.439311991688606,-0.940023051305098,0.1515151515151515,0.2352941176470588,6,9,0.4444444444444444,0.3999999999999999,0.1666666666666666,0.7272727272727273,0,2,1.4736769199371338,1.021170973777771
0.9130434782608745,0.9274556213017752,0.2765957446808511,0.2409638554216867,0.0241545893719806,0.3280918949906568,0.1971008165607045,0.5833333333333333,0.4791666666666666,0.8178294573643411,0.4703557312252964,0.2608695652173913,0.3043478260869565,-0.2447110187478781,-1.472902880023027,0.3124269791225654,1.5761674031474842,2.0,1.0,-0.2235234294713002,-0.3714349085548058,-0.0225992301303433,0.2596153846153846,0.2818181818181818,0.1999999999999999,0.2129629629629629,0.452169297421532,0.6696314595128544,0.303030303030303,0.4117647058823529,10,7,0.1666666666666666,0.1142857142857142,0.3333333333333333,0.7272727272727273,1,2,1.469456672668457,0.9376619458198547
0.9130434782608745,0.9275739644970415,0.3829787234042553,0.2409638554216867,0.0821256038647342,0.5125909156707615,0.523517335924494,0.5833333333333333,0.4791666666666666,0.8178294573643411,0.4703557312252964,0.3478260869565217,0.1739130434782608,-1.6609268108066058,-2.46758965385954,0.4703876536046275,2.90881904255696,2.0,1.0,-0.1080523644030645,-0.1687499441098272,0.0598111550521242,0.2788461538461538,0.2909090909090909,0.209090909090909,0.2314814814814814,0.5381457196538111,0.5849128010487517,0.3333333333333333,0.4117647058823529,10,7,0.1666666666666666,0.1428571428571428,0.3666666666666667,0.7272727272727273,1,2,1.4702422618865967,0.9395639300346375
0.9130434782608745,0.927810650887574,0.5319148936170213,0.9518072289156628,0.0483091787439613,0.5783715120427165,0.1033261407851909,0.0416666666666666,0.4791666666666666,0.6046511627906976,0.4703557312252964,0.4347826086956522,0.0869565217391304,-1.605244102512573,-2.275942803126175,-1.8342024341441183,0.8680499489906164,1.0,1.0,-0.3981785130463787,0.289467864947733,-0.0093796737347103,0.2980769230769231,0.3,0.3454545454545454,0.25,-0.579547769365816,0.5001941425846489,0.2727272727272727,0.4117647058823529,6,7,0.3611111111111111,0.1714285714285714,0.4333333333333333,0.7272727272727273,0,2,1.5139533281326294,0.976159393787384
0.9130434782608745,0.927810650887574,0.5319148936170213,0.2289156626506024,0.0579710144927536,-0.1120638371863812,-2.619197084504813,0.0625,0.3958333333333333,0.9108527131782944,0.8735177865612648,0.8260869565217391,0.6956521739130435,-3.02361923951208,-2.479662539202726,0.3960460378707985,0.139203844145494,0.0,2.0,-0.292676569137816,-0.3714349085548058,0.0559332848392849,0.2307692307692307,0.2727272727272727,0.4272727272727272,0.3703703703703703,-1.95517052508228,-0.8553043928409952,0.1212121212121212,0.2352941176470588,7,5,0.5,0.4285714285714285,0.4333333333333333,0.7272727272727273,-1,2,1.5052015781402588,1.0956517457962036
0.9130434782608745,0.92792899408284,0.5319148936170213,0.746987951807229,0.0048309178743961,0.5918933515352761,0.3388011684746753,0.1666666666666666,0.2708333333333333,0.0736434108527131,0.7549407114624506,0.0,0.7391304347826086,-0.7859343908379332,-1.445952236424564,0.6190708850722907,0.2849730651145205,2.0,1.0,-0.98060781080609,0.9111408027685832,1.0526272786097253,0.4711538461538462,0.2272727272727272,0.2545454545454545,0.3425925925925925,1.827792053137996,-1.0247417097692009,0.5151515151515151,0.1470588235294117,6,11,0.1388888888888889,0.3428571428571428,0.4666666666666667,0.7272727272727273,1,2,1.71055269241333,0.9367977976799011
0.9130434782608745,0.92792899408284,0.5319148936170213,0.4698795180722891,0.1739130434782608,0.7852683668010875,0.9777269597738448,0.3333333333333333,0.9375,0.3178294573643411,0.5138339920948616,0.2608695652173913,0.1739130434782608,-1.2544751877652824,-1.859579348633461,0.3217044221369668,-0.662526871184139,0.0,1.0,-0.505886231540407,-0.5681835182832995,0.5642694174783487,0.3846153846153846,0.3181818181818182,0.2545454545454545,0.2592592592592592,1.0540042530474851,0.5849128010487517,0.4545454545454546,0.3529411764705882,6,6,0.25,0.2285714285714285,0.4666666666666667,0.7272727272727273,-1,2,1.470350742340088,0.9276304841041565
0.9130434782608745,0.92792899408284,0.5319148936170213,0.036144578313253,0.144927536231884,0.5122951145914529,0.3599636414504472,0.375,0.0833333333333333,0.8217054263565892,0.3478260869565217,0.217391304347826,0.3913043478260869,-1.3946567508097256,-1.8619660676647063,1.0651205794752725,0.8680499489906164,3.0,0.0,-0.3451574802028851,0.0113128832826407,-0.0093796737347103,0.375,0.3181818181818182,0.2545454545454545,0.324074074074074,0.9680278308152062,-0.0081178081999676,0.3939393939393939,0.2647058823529412,6,10,0.2222222222222222,0.1714285714285714,0.4666666666666667,0.7272727272727273,1,2,1.4920156002044678,0.9403557777404785
0.9130434782608745,0.92792899408284,0.5319148936170213,0.5301204819277109,0.1545893719806763,0.8486066665705327,1.534072046965655,0.4375,0.9583333333333331,0.8953488372093024,0.7470355731225296,0.1304347826086956,0.3478260869565217,-0.7747895234605597,-1.6267821003085152,1.6598535053459176,1.9613191062583,1.0,1.0,-0.7472774486603239,0.4258240921077591,0.5973517574344392,0.375,0.3181818181818182,0.2545454545454545,0.3611111111111111,0.9680278308152062,-0.3469924420563787,0.3939393939393939,0.3529411764705882,5,5,0.1666666666666666,0.3428571428571428,0.4666666666666667,0.7272727272727273,0,2,1.5172308683395386,0.9274170398712158
0.9130434782608745,0.92792899408284,0.5319148936170213,0.216867469879518,0.072463768115942,-0.0254296973879579,-1.232945508814998,0.6458333333333333,0.4583333333333333,0.4224806201550387,0.541501976284585,0.5217391304347826,0.6086956521739131,-2.898679968072936,-1.502600228901984,1.8828783525474095,2.763049821587936,2.0,1.0,1.193762381194773,-0.6179534720272628,-1.214679870720942,0.3269230769230769,0.1818181818181818,0.409090909090909,0.25,-0.923453458294932,-0.6011484174486871,0.2424242424242424,0.2058823529411764,10,6,0.3888888888888888,0.3428571428571428,0.4666666666666667,0.7272727272727273,1,2,1.3456521034240723,1.046416163444519
0.9130434782608745,0.92792899408284,0.5319148936170213,0.0,0.0,0.6401302173246765,0.1751220466067397,0.6875,0.3125,0.003875968992248,0.150197628458498,0.0434782608695652,0.5652173913043479,-0.2230441548353014,-3.0614985012437788,0.2473628064031379,1.4511268328667146,5.0,0.0,-1.637375830112444,4.053606325191678,2.73313853658493,0.4134615384615385,0.3272727272727272,0.2181818181818181,0.3425925925925925,1.655839208673438,-0.0928364666640704,0.4545454545454546,0.2647058823529412,6,8,0.1944444444444444,0.2857142857142857,0.4666666666666667,0.7272727272727273,1,2,1.8440475463867188,0.8733778595924377
0.9130434782608745,0.92792899408284,0.5319148936170213,0.710843373493976,0.0289855072463768,-0.0908210009127409,-2.287934555322679,0.7916666666666666,0.5416666666666666,0.7209302325581395,0.7707509881422925,0.4782608695652174,0.6521739130434783,-1.5325325037452704,-1.2922466293078216,-1.2394695082734732,1.888434495773789,2.0,2.0,0.4665539615934443,-0.2744290714194711,-0.8375651064179669,0.3269230769230769,0.2818181818181818,0.3272727272727272,0.287037037037037,-0.1496656582044209,-0.0081178081999676,0.2727272727272727,0.3235294117647059,7,4,0.3333333333333333,0.3428571428571428,0.4666666666666667,0.7272727272727273,0,2,1.3580979108810425,1.0641350746154785
0.9130434782608745,0.9281656804733728,0.5319148936170213,0.2409638554216867,0.0241545893719806,0.6208675556966151,0.523517335924494,0.5833333333333333,0.3541666666666666,0.8178294573643411,0.0830039525691699,0.3043478260869565,0.782608695652174,-1.267060482901079,-2.3496127677945084,0.7677541165399513,1.524011443351228,3.0,0.0,-1.26689432330989,1.2504921080971378,1.953878719972652,0.2980769230769231,0.2454545454545454,0.2181818181818181,0.4074074074074074,0.62412214188609,-1.4483350020897148,0.3636363636363636,0.1470588235294117,10,7,0.1666666666666666,0.4571428571428571,0.5333333333333333,0.7272727272727273,1,2,1.7362806797027588,0.9010341763496399
0.9130434782608745,0.9286390532544376,0.553191489361702,0.9879518072289156,0.0289855072463768,0.7187494206727137,0.4478321031164581,0.2708333333333333,0.0625,0.751937984496124,0.91699604743083,0.7391304347826086,0.8260869565217391,-1.424819903829149,-3.2297748002668367,0.2473628064031379,0.139203844145494,3.0,0.0,-1.0005375515276804,0.8462702824403396,1.1653343840369128,0.25,0.2181818181818181,0.3545454545454545,0.4537037037037036,-1.0954063027594898,-2.126084269802537,0.1515151515151515,0.1176470588235294,11,7,0.3611111111111111,0.5428571428571428,0.6666666666666666,0.7272727272727273,1,2,1.7418208122253418,1.0374828577041626
0.9130434782608745,0.9286390532544376,0.553191489361702,0.5903614457831325,0.0241545893719806,0.4838870203013078,-0.6453268123326239,0.3958333333333333,0.6458333333333333,0.872093023255814,0.4268774703557312,0.6956521739130435,0.5217391304347826,-2.8012485300292744,-3.1270655228983983,0.916437348007612,2.107088327227326,1.0,0.0,-0.2063792154743537,-0.4939691189659106,-0.0225992301303433,0.3076923076923077,0.3272727272727272,0.3636363636363636,0.4259259259259259,-0.665524191598095,-0.8553043928409952,0.2727272727272727,0.2647058823529412,5,10,0.4166666666666666,0.3999999999999999,0.6666666666666666,0.7272727272727273,1,2,1.4860650300979614,0.9794104695320129
0.9130434782608745,0.9286390532544376,0.553191489361702,0.5301204819277109,0.1739130434782608,0.4441362458015979,1.631364811325387,0.4583333333333333,0.1666666666666666,0.5542635658914729,0.075098814229249,0.6521739130434783,0.0,-1.5081113575255982,-1.257486391689561,2.9236609728210365,0.7951653385061056,0.0,1.0,1.761283562613767,-0.7940341808724144,-1.4207828498346022,0.2019230769230769,0.4636363636363636,0.2636363636363636,0.2685185185185185,-0.665524191598095,1.8556926780102927,0.2121212121212121,0.5294117647058824,6,6,0.3611111111111111,0.1428571428571428,0.6666666666666666,0.7272727272727273,-1,0,1.20816969871521,1.1667757034301758
0.9130434782608745,0.9287573964497042,0.553191489361702,0.0602409638554216,0.1062801932367149,0.6119936580579547,0.2926303474825015,0.0833333333333333,0.7916666666666666,0.3488372093023256,0.7233201581027667,0.3478260869565217,0.4782608695652174,-1.5847953078697798,-1.5978158856421776,0.4703876536046275,-0.8082960921531629,3.0,0.0,0.0766681698861375,-0.4202767478793102,-0.4086461892657282,0.3365384615384615,0.3272727272727272,0.3454545454545454,0.3518518518518518,-0.2356420804366999,-0.1775551251281732,0.2727272727272727,0.2647058823529412,10,8,0.1944444444444444,0.3428571428571428,0.7,0.7272727272727273,1,2,1.3754923343658447,0.9861868023872375
0.9130434782608745,0.9287573964497042,0.553191489361702,0.072289156626506,0.072463768115942,-0.0427921345007985,0.1355119066584327,0.3541666666666666,0.3333333333333333,0.0813953488372093,0.3201581027667984,0.782608695652174,0.3043478260869565,-2.5581467315481814,-1.8220378406414828,1.4368286581444254,-0.7354114816686522,0.0,0.0,0.9943117358328,-1.4752502046748277,-0.8716759310311647,0.2596153846153846,0.3636363636363636,0.4272727272727272,0.2685185185185185,-1.6972412583854428,0.9237874349051628,0.1515151515151515,0.4411764705882353,7,6,0.4722222222222222,0.2857142857142857,0.7,0.7272727272727273,0,2,1.3049815893173218,1.063994288444519
0.9130434782608745,0.9287573964497042,0.553191489361702,0.4819277108433735,0.1545893719806763,0.6853243899005084,0.9173706228809037,0.4791666666666666,0.375,0.4728682170542636,0.826086956521739,0.0869565217391304,0.2608695652173913,-2.2911384418389176,-1.4645326011409965,2.105903199748902,1.669780664320252,4.0,1.0,0.7014359634020871,-0.6179534720272628,-0.914817637942577,0.3269230769230769,0.3818181818181818,0.2545454545454545,0.2592592592592592,0.5381457196538111,1.177943410297471,0.4242424242424242,0.4117647058823529,8,6,0.1666666666666666,0.2285714285714285,0.7,0.7272727272727273,1,2,1.4047577381134033,1.034015417098999
0.9130434782608745,0.9287573964497042,0.553191489361702,0.1325301204819277,0.1304347826086956,0.7384750419416407,0.9255303612728571,0.5416666666666666,0.4375,0.7674418604651163,0.901185770750988,0.6086956521739131,0.1304347826086956,-1.288340529928624,-0.9525718283815348,1.3624870424105964,-2.193103691358897,3.0,2.0,-0.5605964612913903,0.2665682808359271,0.2505402231983062,0.3173076923076923,0.3636363636363636,0.3,0.2685185185185185,0.022287186260137,0.9237874349051628,0.3333333333333333,0.3823529411764705,5,6,0.3333333333333333,0.1714285714285714,0.7,0.7272727272727273,1,2,1.4955400228500366,0.9446176886558533
0.9130434782608745,0.9287573964497042,0.553191489361702,0.963855421686747,0.1497584541062802,0.618173450282026,1.3262537354088335,0.9375,0.5833333333333333,0.5271317829457365,0.8221343873517786,0.1739130434782608,0.217391304347826,-1.6907990842361678,-1.2251140188899985,0.2473628064031379,0.9409345594751296,1.0,3.0,1.048258108876666,-1.4752502046748277,-0.906143943547518,0.3461538461538461,0.3090909090909091,0.2545454545454545,0.2222222222222222,0.7100985641183691,0.83906877644106,0.3939393939393939,0.3823529411764705,6,10,0.2222222222222222,0.1714285714285714,0.7,0.7272727272727273,-1,2,1.3898584842681885,1.0403220653533936
0.9130434782608745,0.9287573964497042,0.553191489361702,0.7228915662650602,0.144927536231884,0.5028044134087042,1.3500880957757768,0.9583333333333331,0.6875,0.7441860465116279,0.0039525691699604,0.3913043478260869,0.0434782608695652,-1.5431562599151314,-0.2684478862135635,1.0651205794752725,-0.2252192082770671,0.0,1.0,2.639859340579258,0.737252071242866,-1.9113580671416373,0.3461538461538461,0.4363636363636363,0.3636363636363636,0.2222222222222222,-0.3216185026689789,2.0251299949384984,0.3636363636363636,0.4705882352941176,6,6,0.3333333333333333,0.1999999999999999,0.7,0.7272727272727273,-1,0,1.1707218885421753,1.456118106842041
0.9130434782608745,0.9288757396449708,0.553191489361702,0.5060240963855422,0.0048309178743961,0.2414881197674287,-1.7176600994610265,0.3125,0.0416666666666666,0.1511627906976744,0.6047430830039525,0.5652173913043479,0.4347826086956522,-3.39745714441747,-2.096571118559439,2.403269662684224,-0.9540653131221896,0.0,0.0,0.1410669028165541,-0.3470991123393136,-0.5145939824776892,0.3461538461538461,0.2909090909090909,0.3818181818181818,0.3611111111111111,-0.4935713471335369,-0.6011484174486871,0.2727272727272727,0.2647058823529412,8,7,0.3055555555555555,0.3714285714285714,0.7333333333333333,0.7272727272727273,0,2,1.3608533143997192,1.077039122581482
0.9130434782608745,0.9291124260355028,0.2765957446808511,0.1325301204819277,0.0241545893719806,0.3280918949906568,0.1971008165607045,0.5416666666666666,0.3125,0.7674418604651163,0.150197628458498,0.0869565217391304,0.217391304347826,-0.3224906600437959,-3.161192011514793,-0.0843337685133374,0.6621332339324307,1.0,2.0,-0.7854393383531333,0.8027990351723963,0.5308512104622962,0.3461538461538461,0.3272727272727272,0.3181818181818182,0.3888888888888888,0.108263608492416,-0.5164297589845843,0.3636363636363636,0.2647058823529412,5,9,0.3333333333333333,0.3142857142857143,0.8,0.7272727272727273,-1,2,1.5984468460083008,0.938298225402832
0.9130434782608745,0.9291124260355028,0.2978723404255319,0.710843373493976,0.0241545893719806,0.3280918949906568,0.1971008165607045,0.7916666666666666,0.5833333333333333,0.7209302325581395,0.8221343873517786,0.4347826086956522,0.2608695652173913,-0.6554752919610571,-0.3486292742801429,-1.6264589190656924,0.3487620591838878,2.0,2.0,1.5099248554320353,-0.5186488843484226,-1.3605677843785382,0.3461538461538461,0.3363636363636363,0.3727272727272727,0.2314814814814814,-0.4075949249012579,1.0085060933692656,0.2727272727272727,0.4117647058823529,8,10,0.3611111111111111,0.1714285714285714,0.8,0.7272727272727273,0,2,1.3118376731872559,1.0628632307052612
0.9130434782608745,0.9292307692307692,0.0851063829787234,0.1325301204819277,0.0483091787439613,0.3787626926489794,0.9255303612728571,0.5416666666666666,0.3125,0.7674418604651163,0.150197628458498,0.5652173913043479,0.1739130434782608,-1.2826280266203285,-3.276703894627925,1.2138038109429332,2.179972937711837,1.0,2.0,-0.6493595739271077,0.2114041925580408,0.6006417778165718,0.3557692307692308,0.3454545454545454,0.3363636363636363,0.3981481481481481,0.022287186260137,-0.4317111005204815,0.3636363636363636,0.2941176470588235,5,9,0.3611111111111111,0.3142857142857143,0.8333333333333334,0.7272727272727273,-1,2,1.4921211004257202,0.9491291642189026
0.9130434782608745,0.9292307692307692,0.3191489361702128,0.710843373493976,0.1594202898550724,-0.20268049344386,-2.287934555322679,0.7916666666666666,0.5833333333333333,0.7209302325581395,0.8221343873517786,0.4347826086956522,0.3478260869565217,-1.2940809673426523,-1.2292861828554569,-1.0164446610719835,0.0663192336609833,2.0,2.0,-0.2303971216874095,-0.3568266483770847,0.1590648590091053,0.3653846153846154,0.3545454545454545,0.3909090909090909,0.25,-0.4075949249012579,1.0085060933692656,0.2727272727272727,0.4117647058823529,9,11,0.3611111111111111,0.1714285714285714,0.8333333333333334,0.7272727272727273,0,2,1.4808317422866821,1.008147954940796
0.9130434782608745,0.9294674556213018,0.5744680851063829,0.2650602409638554,0.0289855072463768,0.3265093031923636,-0.4928212121932296,0.6875,0.0833333333333333,0.003875968992248,0.3478260869565217,0.0434782608695652,0.3913043478260869,-0.4119264125288685,-1.3011000462861442,-0.0500036565321859,1.815549885289276,2.0,1.0,-0.7663230583428943,0.4483785799578783,0.6732749117852856,0.4711538461538462,0.3454545454545454,0.2181818181818181,0.3518518518518518,2.171697742067112,-0.0081178081999676,0.5151515151515151,0.2941176470588235,6,10,0.1944444444444444,0.1999999999999999,0.9,0.7272727272727273,1,2,1.5812888145446777,0.9498707056045532
0.9130434782608745,0.929585798816568,0.5744680851063829,0.2289156626506024,0.1497584541062802,0.061487219809057,-2.619197084504813,0.0625,0.4583333333333333,0.9108527131782944,0.541501976284585,0.8260869565217391,0.6521739130434783,-3.0049358294400226,-1.571411218787048,-1.0907862768058127,3.710549757886593,1.0,0.0,0.5558943198398035,-0.8448913465681646,-0.7455430620352542,0.2307692307692307,0.1909090909090909,0.4727272727272727,0.2777777777777778,-2.385052636243675,-0.7705857343768925,0.1212121212121212,0.2058823529411764,7,6,0.5555555555555556,0.3999999999999999,0.9333333333333332,0.7272727272727273,1,2,1.3491675853729248,1.0797438621520996
0.9130434782608745,0.929585798816568,0.5744680851063829,0.7228915662650602,0.1207729468599033,0.6868176349202371,0.3388011684746753,0.1666666666666666,0.5416666666666666,0.0736434108527131,0.5691699604743082,0.0,0.5652173913043479,-0.6671123636819768,-1.246124828856659,1.0651205794752725,1.888434495773789,0.0,0.0,-0.8238860209011809,0.9756121173673628,0.5364445255180685,0.5,0.3454545454545454,0.2636363636363636,0.3611111111111111,1.9997448976025545,-0.0928364666640704,0.5757575757575758,0.3529411764705882,6,5,0.1388888888888889,0.3999999999999999,0.9333333333333332,0.7272727272727273,0,2,1.6707391738891602,0.9256219863891602
0.9130434782608745,0.929585798816568,0.5744680851063829,0.4698795180722891,0.1304347826086956,0.7941707662706404,0.9777269597738448,0.3333333333333333,0.9583333333333331,0.2325581395348837,0.7470355731225296,0.3043478260869565,0.3478260869565217,-1.265655435315079,-1.3479385118910605,0.4703876536046275,0.5036268965680551,1.0,1.0,-0.615893931915712,0.1281095841487151,0.4227314868205293,0.3846153846153846,0.3272727272727272,0.2636363636363636,0.3796296296296296,0.9680278308152062,-0.4317111005204815,0.4545454545454546,0.3529411764705882,7,6,0.2777777777777778,0.3714285714285714,0.9333333333333332,0.7272727272727273,0,2,1.4941885471343994,0.9266037344932556
0.9130434782608745,0.929585798816568,0.5744680851063829,0.036144578313253,0.0579710144927536,0.4853290463675088,0.3599636414504472,0.375,0.3125,0.8217054263565892,0.150197628458498,0.2608695652173913,0.6086956521739131,-1.3946567508097256,-3.199500320988772,1.1394621952091042,2.690165211103422,1.0,0.0,-0.9409781419179728,1.2504921080971378,0.7369865482026234,0.4134615384615385,0.3636363636363636,0.2909090909090909,0.4074074074074074,0.9680278308152062,-0.3469924420563787,0.4242424242424242,0.3235294117647059,6,9,0.25,0.3142857142857143,0.9333333333333332,0.7272727272727273,1,2,1.6200329065322876,0.9369358420372009
0.9130434782608745,0.929585798816568,0.5744680851063829,0.4819277108433735,0.0531400966183574,0.6848725867518461,0.9173706228809037,0.4791666666666666,0.3541666666666666,0.4728682170542636,0.0830039525691699,0.0869565217391304,0.782608695652174,-2.251452970197406,-2.2002344828060147,0.9907789637414436,1.4511268328667146,1.0,0.0,-0.7283019887119154,0.1975676654840635,0.7052848734558554,0.3653846153846154,0.2454545454545454,0.2636363636363636,0.4351851851851852,0.7960749863506482,-1.7024909774820232,0.4545454545454546,0.1470588235294117,8,8,0.1666666666666666,0.4857142857142857,0.9333333333333332,0.7272727272727273,1,2,1.5669431686401367,0.9323976635932922
0.9130434782608745,0.929585798816568,0.5744680851063829,0.2409638554216867,0.1690821256038647,0.711484047836244,0.523517335924494,0.5833333333333333,0.3958333333333333,0.8178294573643411,0.8735177865612648,0.217391304347826,0.6956521739130435,-1.3173276103164795,-2.401428775550553,0.2473628064031379,0.139203844145494,3.0,1.0,-1.4162332303801906,2.654657271355989,2.022195358090612,0.3942307692307693,0.3,0.2636363636363636,0.3703703703703703,1.0540042530474851,-0.6011484174486871,0.4242424242424242,0.2941176470588235,12,5,0.1666666666666666,0.4285714285714285,0.9333333333333332,0.7272727272727273,1,2,1.7466763257980347,0.9003305435180664
0.9130434782608745,0.929585798816568,0.5744680851063829,0.216867469879518,0.0,-0.0222772992126509,-1.232945508814998,0.6458333333333333,0.7916666666666666,0.813953488372093,0.7233201581027667,0.5217391304347826,0.4782608695652174,-3.2591897813731228,-1.4903532796542835,2.403269662684224,-0.9540653131221896,1.0,1.0,0.6870654337168635,-0.7434227029254181,-0.8802591565419874,0.3461538461538461,0.3636363636363636,0.4272727272727272,0.4166666666666666,-0.923453458294932,-0.4317111005204815,0.2727272727272727,0.2647058823529412,10,10,0.4166666666666666,0.3714285714285714,0.9333333333333332,0.7272727272727273,0,2,1.346411943435669,1.0401288270950317
0.9130434782608745,0.929585798816568,0.5744680851063829,0.7228915662650602,0.144927536231884,0.504722006966157,1.3262537354088335,0.9375,0.2708333333333333,0.5271317829457365,0.7549407114624506,0.1739130434782608,0.7391304347826086,-1.929286938198055,-1.2489549199604075,3.1466858200225287,0.3578576755990312,3.0,1.0,0.7014359634020871,-1.3943497597350551,-0.6721199780883574,0.3557692307692308,0.2636363636363636,0.2818181818181818,0.3611111111111111,0.5381457196538111,-0.8553043928409952,0.3939393939393939,0.1764705882352941,6,11,0.25,0.3714285714285714,0.9333333333333332,0.7272727272727273,1,2,1.3142536878585815,1.0381218194961548
0.9130434782608745,0.9297041420118344,0.5744680851063829,0.5301204819277109,0.0483091787439613,0.5598777785898977,1.534072046965655,0.4375,0.0416666666666666,0.8953488372093024,0.5098814229249011,0.1304347826086956,0.4347826086956522,-0.4977752607212672,-1.4227223259521653,-0.3473701194675071,-1.0998345340912137,1.0,0.0,-0.8238860209011809,0.6933251491952606,0.6732749117852856,0.4038461538461538,0.2909090909090909,0.2909090909090909,0.3611111111111111,0.8820514085829272,-0.6011484174486871,0.3939393939393939,0.2647058823529412,6,8,0.1944444444444444,0.3714285714285714,0.9666666666666668,0.7272727272727273,1,2,1.5337944030761719,0.9388033747673035
0.9130434782608745,0.9300591715976334,0.2978723404255319,0.5060240963855422,0.0241545893719806,0.3280918949906568,0.1971008165607045,0.3125,0.0625,0.1511627906976744,0.91699604743083,0.3043478260869565,0.782608695652174,-3.152154822062628,-1.924191867866231,0.6320626237442196,-0.0965243540998689,2.0,0.0,-0.4877778418888012,0.2665682808359271,0.1640750047530544,0.3846153846153846,0.2272727272727272,0.409090909090909,0.4814814814814814,-0.4075949249012579,-2.2955215867307426,0.3333333333333333,0.1470588235294117,9,7,0.3333333333333333,0.5714285714285714,0.0666666666666666,0.8181818181818182,1,2,1.5731966495513916,1.0053179264068604
0.9130434782608745,0.9301775147928996,0.5957446808510638,0.5060240963855422,0.0966183574879227,0.2289728886594271,-1.7176600994610265,0.3125,0.0625,0.1511627906976744,0.91699604743083,0.4782608695652174,0.8260869565217391,-3.3141657853153323,-3.0522356239296147,2.403269662684224,-1.2456037550602377,2.0,0.0,-0.0446341360015373,-0.4349738120993102,-0.0425286459135205,0.4038461538461538,0.2272727272727272,0.409090909090909,0.5,-0.2356420804366999,-2.464958903658948,0.3636363636363636,0.1470588235294117,9,7,0.3333333333333333,0.6,0.1,0.8181818181818182,1,2,1.5353366136550903,1.036348819732666
0.9130434782608745,0.9301775147928996,0.5957446808510638,0.5301204819277109,0.0821256038647342,0.562595997849929,1.631364811325387,0.4583333333333333,0.3333333333333333,0.5542635658914729,0.3122529644268774,0.6521739130434783,0.3043478260869565,-1.445913659984495,-1.092667195894082,2.9236609728210365,0.6493961175370817,1.0,0.0,0.4665539615934443,-1.1553305205341426,-0.5688747315300076,0.2019230769230769,0.3727272727272727,0.2818181818181818,0.2777777777777778,-0.8374770360626529,0.9237874349051628,0.2121212121212121,0.4411764705882353,6,8,0.4166666666666666,0.2857142857142857,0.1,0.8181818181818182,1,2,1.3173754215240479,1.0284512042999268
0.9130434782608745,0.9302958579881656,0.3191489361702128,0.9759036144578314,0.0241545893719806,0.3280918949906568,0.1971008165607045,0.2708333333333333,0.5833333333333333,0.751937984496124,0.8221343873517786,0.6956521739130435,0.0,-0.0495675572112442,-0.2870768663924493,0.0786598294833466,0.3487620591838878,2.0,2.0,0.2046705693382438,-0.6930545503312608,-0.4839736210344957,0.2884615384615385,0.3999999999999999,0.3818181818181818,0.2777777777777778,-1.0094298805272108,1.177943410297471,0.1818181818181818,0.4411764705882353,11,12,0.3888888888888888,0.1714285714285714,0.1333333333333333,0.8181818181818182,0,2,1.361847996711731,1.078106164932251
0.9130434782608745,0.9302958579881656,0.3191489361702128,0.072289156626506,0.0241545893719806,0.3280918949906568,0.1971008165607045,0.3541666666666666,0.9375,0.7286821705426356,0.5138339920948616,0.782608695652174,0.3913043478260869,-1.9872157874020056,0.0028951850444262,1.0933913347543394,-0.0074242863746937,2.0,0.0,2.07841945802572,-1.7217687681472869,-1.3210277880031775,0.2596153846153846,0.3636363636363636,0.4363636363636363,0.2962962962962963,-1.783217680617722,0.6696314595128544,0.1515151515151515,0.4117647058823529,8,6,0.5,0.2571428571428571,0.1333333333333333,0.8181818181818182,1,2,1.2171144485473633,1.08577561378479
0.9130434782608745,0.9302958579881656,0.3191489361702128,0.036144578313253,0.0241545893719806,0.3280918949906568,0.1971008165607045,0.375,0.4375,0.8217054263565892,0.901185770750988,0.5217391304347826,0.4782608695652174,-1.1282529337238771,0.5887313010866291,-0.0322304681947919,0.1554254576072724,0.0,2.0,0.8708265059394648,-0.4939691189659106,-1.056798250097148,0.4230769230769231,0.3909090909090909,0.2909090909090909,0.2962962962962963,1.0540042530474851,0.9237874349051628,0.4545454545454546,0.4117647058823529,6,6,0.25,0.1999999999999999,0.1333333333333333,0.8181818181818182,-1,2,1.4525445699691772,1.0073341131210327
0.9130434782608745,0.9302958579881656,0.5957446808510638,0.9518072289156628,0.072463768115942,0.4562234964542641,0.1033261407851909,0.0416666666666666,0.1666666666666666,0.5232558139534884,0.075098814229249,0.5217391304347826,0.0,-1.5866396397968383,-0.4761985438100378,-0.8677614296043206,0.5765115070525685,0.0,1.0,1.4853337273489329,-0.035772838942667,-1.4615470255251903,0.3076923076923077,0.4727272727272727,0.3636363636363636,0.2685185185185185,-0.665524191598095,1.940411336474396,0.2727272727272727,0.5588235294117647,8,7,0.3888888888888888,0.1428571428571428,0.1333333333333333,0.8181818181818182,-1,2,1.3063803911209106,1.2098947763442993
0.9130434782608745,0.9302958579881656,0.5957446808510638,0.0602409638554216,0.1304347826086956,0.6160360356429139,0.2926303474825015,0.0833333333333333,0.3958333333333333,0.3488372093023256,0.8735177865612648,0.3913043478260869,0.6956521739130435,-1.470733127138282,-2.4398935889873186,0.916437348007612,0.3578576755990312,2.0,2.0,-0.5422950866216237,-0.4693473554356376,0.6137690738523607,0.375,0.3090909090909091,0.3636363636363636,0.3981481481481481,-0.0636892359721419,-0.7705857343768925,0.303030303030303,0.2941176470588235,10,5,0.2222222222222222,0.4571428571428571,0.1333333333333333,0.8181818181818182,0,2,1.5044413805007935,0.9348378777503967
0.9130434782608745,0.9302958579881656,0.5957446808510638,0.1325301204819277,0.0483091787439613,0.4475724920100134,0.9255303612728571,0.5416666666666666,0.4791666666666666,0.7674418604651163,0.4703557312252964,0.4347826086956522,0.0869565217391304,-1.5467189850858205,-2.1261210912490816,1.3624870424105964,1.888434495773789,3.0,1.0,-0.0214649219672212,-0.2503173103505782,-0.3569242366161827,0.3653846153846154,0.3545454545454545,0.3545454545454545,0.2685185185185185,-0.0636892359721419,0.83906877644106,0.3636363636363636,0.4705882352941176,6,8,0.3888888888888888,0.1714285714285714,0.1333333333333333,0.8181818181818182,1,2,1.4251376390457153,1.132986307144165
0.9130434782608745,0.9302958579881656,0.5957446808510638,0.710843373493976,0.0241545893719806,0.1501979279859105,-2.287934555322679,0.7916666666666666,0.6875,0.7209302325581395,0.0039525691699604,0.5652173913043479,0.0434782608695652,-1.5431562599151314,-0.2807961302653974,-0.7934198138704915,0.0663192336609833,0.0,0.0,2.698626117166641,0.3123175044525882,-1.876277822666244,0.3942307692307693,0.4636363636363636,0.4181818181818181,0.2314814814814814,-0.4075949249012579,2.194567311866704,0.2727272727272727,0.5294117647058824,11,6,0.3611111111111111,0.1999999999999999,0.1333333333333333,0.8181818181818182,0,0,1.169113278388977,1.430920124053955
0.9130434782608745,0.930414201183432,0.5957446808510638,0.9879518072289156,0.1062801932367149,0.7094483072136359,0.4478321031164581,0.2708333333333333,0.5833333333333333,0.751937984496124,0.8221343873517786,0.7391304347826086,0.217391304347826,-0.9980999602194248,-1.3220216333019994,-0.2730285037336781,-0.516757650215115,2.0,2.0,-0.3171011464554713,-0.0122035251548139,0.2796701931158551,0.3076923076923077,0.4181818181818181,0.3999999999999999,0.2962962962962963,-1.0094298805272108,1.177943410297471,0.1818181818181818,0.4411764705882353,12,13,0.3888888888888888,0.1714285714285714,0.1666666666666666,0.8181818181818182,0,2,1.4971390962600708,0.957159161567688
0.9130434782608745,0.930414201183432,0.5957446808510638,0.072289156626506,0.0048309178743961,0.2148336930684293,0.1355119066584327,0.3541666666666666,0.9375,0.0813953488372093,0.5138339920948616,0.782608695652174,0.1739130434782608,-2.287779593403806,-2.004022850357396,1.7341951210797493,3.054588263525983,2.0,0.0,0.1378660132748029,-0.0783316878277623,0.03256963307446,0.2788461538461538,0.3636363636363636,0.4363636363636363,0.3148148148148147,-1.6112648361531638,0.5001941425846489,0.1818181818181818,0.4117647058823529,8,6,0.5,0.2857142857142857,0.1666666666666666,0.8181818181818182,1,2,1.4055498838424683,1.0537848472595215
0.9130434782608745,0.930414201183432,0.5957446808510638,0.036144578313253,0.144927536231884,0.6973631879212031,0.3599636414504472,0.375,0.4375,0.8217054263565892,0.3280632411067193,0.2608695652173913,0.1304347826086956,-1.3977955684152588,-0.216783508769683,0.916437348007612,0.8680499489906164,0.0,2.0,1.4556685884633425,0.0347766233480473,-1.0261107193542145,0.4230769230769231,0.409090909090909,0.3090909090909091,0.2962962962962963,0.8820514085829272,1.0932247518333684,0.4545454545454546,0.4411764705882353,6,6,0.2777777777777778,0.1999999999999999,0.1666666666666666,0.8181818181818182,-1,2,1.4662798643112183,1.1093348264694214
0.9130434782608745,0.930414201183432,0.5957446808510638,0.8433734939759037,0.0434782608695652,0.3701725527616961,-1.1510893651853014,0.9583333333333331,0.6458333333333333,0.7441860465116279,0.4268774703557312,0.3478260869565217,0.6086956521739131,-1.5431562599151314,-3.0133457249699105,1.288145426676765,1.1595883909286668,1.0,1.0,-0.7093961636354963,0.403220942973219,0.5420283523333995,0.3557692307692308,0.3363636363636363,0.3818181818181818,0.4444444444444444,-0.4075949249012579,-0.940023051305098,0.3636363636363636,0.2647058823529412,7,11,0.3611111111111111,0.4285714285714285,0.1666666666666666,0.8181818181818182,0,2,1.5790573358535767,0.935868501663208
0.9130434782608745,0.9307692307692306,0.3191489361702128,0.8072289156626506,0.0241545893719806,0.3280918949906568,0.1971008165607045,0.0833333333333333,0.5416666666666666,0.3488372093023256,0.7707509881422925,0.217391304347826,0.1739130434782608,-0.0856865490602931,-0.2665594439814127,0.3818639450231136,-0.0402226603643458,2.0,1.0,-0.5605964612913903,0.2206184020877981,0.2687766416897658,0.3942307692307693,0.3727272727272727,0.3818181818181818,0.3703703703703703,-0.0636892359721419,0.076600850264135,0.303030303030303,0.3823529411764705,11,6,0.2222222222222222,0.3999999999999999,0.2666666666666666,0.8181818181818182,1,2,1.4935437440872192,0.9260661005973816
0.9130434782608745,0.9308875739644972,0.1063829787234042,0.0602409638554216,0.1159420289855072,0.445032050046689,0.2926303474825015,0.0833333333333333,0.5416666666666666,0.3488372093023256,0.7707509881422925,0.0869565217391304,0.5652173913043479,-1.1131208433337685,-1.6625129461723718,1.585511889612086,1.888434495773789,2.0,1.0,-0.4231096511316963,0.1281095841487151,0.5286112205029098,0.4134615384615385,0.3818181818181818,0.3909090909090909,0.3888888888888888,0.022287186260137,-0.0081178081999676,0.3333333333333333,0.3823529411764705,11,6,0.2222222222222222,0.4285714285714285,0.3,0.8181818181818182,1,2,1.5278514623641968,0.9280723929405212
0.9130434782608745,0.9317159763313608,0.6170212765957447,0.4819277108433735,0.144927536231884,0.4614290921041654,0.9173706228809037,0.4791666666666666,0.0833333333333333,0.4728682170542636,0.3478260869565217,0.0869565217391304,0.3478260869565217,-2.6734159723846567,-1.91324272538314,3.2210274357563606,0.4307422860835445,1.0,1.0,-0.7472774486603239,0.1048541793500865,0.8506817320096751,0.3846153846153846,0.409090909090909,0.2909090909090909,0.4074074074074074,0.7100985641183691,0.076600850264135,0.4848484848484848,0.3529411764705882,8,11,0.1944444444444444,0.2285714285714285,0.5333333333333333,0.8181818181818182,0,2,1.4983816146850586,0.97282874584198
0.9130434782608745,0.9317159763313608,0.6170212765957447,0.2650602409638554,0.0483091787439613,0.3136881505880102,-0.5407926045545398,0.9375,0.9583333333333331,0.5271317829457365,0.7470355731225296,0.1739130434782608,0.3913043478260869,-1.7852669460151551,-1.4868775078404368,1.585511889612086,1.5968960538357386,3.0,0.0,-0.5789630816416148,0.0581879304310744,0.4285114094966523,0.3846153846153846,0.3454545454545454,0.3272727272727272,0.3981481481481481,0.3661928751892531,-0.4317111005204815,0.4242424242424242,0.3529411764705882,6,8,0.3055555555555555,0.3714285714285714,0.5333333333333333,0.8181818181818182,1,2,1.4930909872055054,0.9387211799621582
0.9130434782608745,0.9318343195266272,0.3404255319148936,0.2289156626506024,0.0241545893719806,0.3280918949906568,0.1971008165607045,0.0625,0.3541666666666666,0.9108527131782944,0.7312252964426877,0.7391304347826086,0.6956521739130435,-1.7887502579624812,-1.8740820853804976,-0.1417609654624038,1.1144204633044654,0.0,0.0,0.0766681698861375,-0.8704128100053846,-0.241668169591645,0.2403846153846154,0.2818181818181818,0.509090909090909,0.4444444444444444,-2.642981902940512,-1.4483350020897148,0.1515151515151515,0.2058823529411764,7,8,0.611111111111111,0.5142857142857142,0.5666666666666667,0.8181818181818182,0,2,1.4034056663513184,1.0360727310180664
0.9130434782608745,0.9318343195266272,0.6170212765957447,0.9879518072289156,0.1739130434782608,0.7055528167493386,0.4478321031164581,0.2708333333333333,0.0416666666666666,0.751937984496124,0.5098814229249011,0.7391304347826086,0.5652173913043479,-0.96502968381515,-1.9487162870670904,-0.1243452722660149,0.0663192336609833,5.0,2.0,-0.9212770412297816,1.0609613108719451,0.8354071564879004,0.3269230769230769,0.2909090909090909,0.4181818181818181,0.3796296296296296,-1.0094298805272108,-0.7705857343768925,0.1818181818181818,0.2647058823529412,13,8,0.3888888888888888,0.4285714285714285,0.5666666666666667,0.8181818181818182,1,2,1.6101146936416626,0.9673287272453308
0.9130434782608745,0.9318343195266272,0.6170212765957447,0.5301204819277109,0.1545893719806763,0.8057914894741409,1.534072046965655,0.4375,0.4583333333333333,0.3255813953488372,0.541501976284585,0.1304347826086956,0.4347826086956522,-0.536365143149881,-1.5978158856421776,-0.3473701194675071,1.888434495773789,0.0,2.0,-0.7283019887119154,-0.2744290714194711,0.9556640050559816,0.4519230769230769,0.1999999999999999,0.2909090909090909,0.287037037037037,1.3119335197443225,-0.7705857343768925,0.4848484848484848,0.2352941176470588,6,6,0.1944444444444444,0.4285714285714285,0.5666666666666667,0.8181818181818182,-1,2,1.4923936128616333,0.9273332357406616
0.9130434782608745,0.9319526627218936,0.6170212765957447,0.2289156626506024,0.0241545893719806,-0.2274273367003712,-2.619197084504813,0.0625,0.3541666666666666,0.9108527131782944,0.0830039525691699,0.8260869565217391,0.782608695652174,-2.98047835781148,-2.3532389584758087,-0.4960533509351677,1.4511268328667146,0.0,0.0,0.4755580388374676,-0.588063136316554,-0.5361989881484527,0.2403846153846154,0.2818181818181818,0.509090909090909,0.4444444444444444,-2.642981902940512,-1.4483350020897148,0.1515151515151515,0.2058823529411764,8,9,0.611111111111111,0.5142857142857142,0.6,0.8181818181818182,0,2,1.35892653465271,1.0664206743240356
0.9130434782608745,0.9319526627218936,0.6170212765957447,0.5301204819277109,0.1304347826086956,0.8458959181960308,1.477648663289821,0.1666666666666666,0.3125,0.0736434108527131,0.150197628458498,0.0,0.4782608695652174,-0.4604136634789542,-2.9881174146797886,0.0986795749354746,2.6172806006189115,1.0,1.0,-1.547776501270021,3.546445288670311,2.356885508108008,0.5096153846153847,0.3999999999999999,0.2636363636363636,0.4166666666666666,2.085721319834833,-0.0928364666640704,0.6060606060606061,0.3823529411764705,7,9,0.1388888888888889,0.3428571428571428,0.6,0.8181818181818182,0,2,1.8571109771728516,0.8725302815437317
0.9130434782608745,0.9319526627218936,0.6170212765957447,0.4698795180722891,0.072463768115942,0.6113462409645638,0.9777269597738448,0.3333333333333333,0.375,0.3062015503875969,0.826086956521739,0.3043478260869565,0.2608695652173913,-1.0766985685070638,-1.4309660151612211,0.4703876536046275,0.9409345594751296,1.0,1.0,-0.3804441356314412,0.0581879304310744,0.0364751092513681,0.3942307692307693,0.3999999999999999,0.2818181818181818,0.3333333333333333,0.8820514085829272,0.6696314595128544,0.4545454545454546,0.4411764705882353,8,6,0.3055555555555555,0.3142857142857143,0.6,0.8181818181818182,0,2,1.4897923469543457,0.9347609877586365
0.9130434782608745,0.9319526627218936,0.6170212765957447,0.5903614457831325,0.0531400966183574,0.4945315386153635,-0.6453268123326239,0.3958333333333333,0.7916666666666666,0.872093023255814,0.7233201581027667,0.6956521739130435,0.6086956521739131,-2.650352038444346,-1.3744409371724586,0.5447292693384591,-0.9540653131221896,1.0,0.0,0.1410669028165541,-0.8194319037593477,-0.3569242366161827,0.3461538461538461,0.3727272727272727,0.409090909090909,0.4259259259259259,-0.7515006138303739,-0.4317111005204815,0.303030303030303,0.2647058823529412,6,12,0.4444444444444444,0.3714285714285714,0.6,0.8181818181818182,1,2,1.3604395389556885,1.0269129276275635
0.9130434782608745,0.9319526627218936,0.6170212765957447,0.2409638554216867,0.0289855072463768,0.7349661330997487,0.523517335924494,0.5833333333333333,0.5416666666666666,0.8178294573643411,0.7707509881422925,0.217391304347826,0.5217391304347826,-1.350062527567793,-1.2863812561719448,-0.4217117352013387,1.888434495773789,1.0,0.0,-0.6905594642164002,0.3123175044525882,0.5642694174783487,0.4615384615384615,0.3909090909090909,0.3090909090909091,0.4074074074074074,1.225957097512043,-0.0928364666640704,0.4545454545454546,0.3823529411764705,14,6,0.1666666666666666,0.4571428571428571,0.6,0.8181818181818182,1,2,1.5285108089447021,0.9187778234481812
0.9130434782608745,0.9321893491124262,0.6170212765957447,0.216867469879518,0.0,0.1543855789880195,-1.232945508814998,0.6458333333333333,0.6875,0.4224806201550387,0.0039525691699604,0.6521739130434783,0.0434782608695652,-3.029913711107911,-0.040327607982721,0.3960460378707985,0.139203844145494,3.0,5.0,3.4578850408575823,0.7809955818084239,-2.080198415079425,0.3653846153846154,0.4636363636363636,0.4454545454545454,0.2314814814814814,-0.923453458294932,2.194567311866704,0.2727272727272727,0.5294117647058824,12,7,0.4166666666666666,0.1999999999999999,0.6666666666666666,0.8181818181818182,-1,0,1.167642593383789,1.5381801128387451
0.9130434782608745,0.9323076923076924,0.3404255319148936,0.5301204819277109,0.0241545893719806,0.3280918949906568,0.1971008165607045,0.4583333333333333,0.0416666666666666,0.5542635658914729,0.1620553359683794,0.8260869565217391,0.5652173913043479,-0.36985203485317,-0.6930872387437217,-0.04302698182486,-0.7119003169962296,1.0,0.0,-0.6344591107512245,-0.154421395407195,0.6192233669284828,0.2307692307692307,0.3090909090909091,0.2818181818181818,0.4259259259259259,-0.579547769365816,-1.0247417097692009,0.2727272727272727,0.2647058823529412,6,8,0.4166666666666666,0.4571428571428571,0.7,0.8181818181818182,1,2,1.4900270700454712,0.953605592250824
0.9130434782608745,0.9324260355029588,0.3404255319148936,0.5301204819277109,0.0241545893719806,0.6616949735192298,1.631364811325387,0.4583333333333333,0.0416666666666666,0.5542635658914729,0.5098814229249011,0.8260869565217391,0.3043478260869565,-1.3545979501955745,-2.42050353263247,2.3289280469503915,-0.0065653768235299,1.0,0.0,-0.8781980011141151,2.2110008336945244,1.5835696611102368,0.2403846153846154,0.3090909090909091,0.2818181818181818,0.4351851851851852,-0.4935713471335369,-1.1094603682333035,0.303030303030303,0.2647058823529412,6,8,0.4166666666666666,0.4857142857142857,0.7333333333333333,0.8181818181818182,1,2,1.7089002132415771,0.9728167653083801
0.9130434782608745,0.9325443786982248,0.3617021276595745,0.8433734939759037,0.0241545893719806,0.3280918949906568,0.1971008165607045,0.9583333333333331,0.3541666666666666,0.7441860465116279,0.7312252964426877,0.6521739130434783,0.6956521739130435,-1.0233260377720803,-1.9223855144867252,-0.3932256955276284,1.1144204633044654,1.0,0.0,-0.5422950866216237,-0.3958273655809532,0.5753338484617933,0.3653846153846154,0.2818181818181818,0.4181818181818181,0.4444444444444444,-0.665524191598095,-1.4483350020897148,0.3636363636363636,0.2058823529411764,8,10,0.3888888888888888,0.5142857142857142,0.7666666666666667,0.8181818181818182,1,2,1.5423535108566284,0.9451547861099243
0.9130434782608745,0.9326627218934908,0.3829787234042553,0.8433734939759037,0.1739130434782608,0.3414318198798616,-1.1510893651853014,0.9583333333333331,0.3541666666666666,0.7441860465116279,0.0830039525691699,0.4347826086956522,0.6521739130434783,-1.6146580825728956,-2.262420211881054,0.1730211906693063,1.815549885289276,1.0,0.0,-0.2857193343847234,0.0347766233480473,0.0221323191586301,0.375,0.2818181818181818,0.4181818181818181,0.4537037037037036,-0.579547769365816,-1.5330536605538176,0.3939393939393939,0.2058823529411764,8,10,0.3888888888888888,0.5428571428571428,0.8,0.8181818181818182,1,2,1.565576195716858,0.9629822969436646
0.9130434782608745,0.9327810650887574,0.3617021276595745,0.8072289156626506,0.0241545893719806,0.3280918949906568,0.1971008165607045,0.0833333333333333,0.5833333333333333,0.3488372093023256,0.8221343873517786,0.3478260869565217,0.0,0.039772922642662,-0.1816027282940139,0.3818639450231136,0.3487620591838878,1.0,3.0,1.8539032535944813,-0.8959965969805078,-1.4309266640819962,0.4423076923076923,0.4454545454545454,0.409090909090909,0.3148148148148147,0.108263608492416,1.262662068761574,0.3636363636363636,0.4705882352941176,12,14,0.2222222222222222,0.1714285714285714,0.8333333333333334,0.8181818181818182,-1,2,1.196235179901123,1.1537530422210693
0.9130434782608745,0.9327810650887574,0.3617021276595745,0.710843373493976,0.0241545893719806,0.3280918949906568,0.1971008165607045,0.7916666666666666,0.1666666666666666,0.7209302325581395,0.075098814229249,0.5217391304347826,0.2608695652173913,-0.4726946972210036,-0.475032505869943,-1.6264589190656924,0.1076684920328081,0.0,1.0,1.9448871909519692,-0.2022596317693716,-1.5869589603802463,0.3942307692307693,0.4909090909090909,0.4272727272727272,0.2777777777777778,-0.4935713471335369,2.0251299949384984,0.2727272727272727,0.5882352941176471,12,8,0.3888888888888888,0.1428571428571428,0.8333333333333334,0.8181818181818182,-1,0,1.1814520359039307,1.1341404914855957
0.9130434782608745,0.9327810650887574,0.6382978723404255,0.9518072289156628,0.1594202898550724,0.6270583016767858,0.1033261407851909,0.0416666666666666,0.3333333333333333,0.5232558139534884,0.3122529644268774,0.4782608695652174,0.3043478260869565,-2.4964556600785963,-2.2657862738845425,-0.4217117352013387,-0.2252192082770671,3.0,0.0,-0.5240584957145404,0.0113128832826407,0.3049491498608237,0.3269230769230769,0.3818181818181818,0.4363636363636363,0.2962962962962963,-1.181382724991769,0.83906877644106,0.2727272727272727,0.4411764705882353,8,9,0.5,0.3142857142857143,0.8333333333333334,0.8181818181818182,1,2,1.4975577592849731,0.9622209668159485
0.9130434782608745,0.9327810650887574,0.6382978723404255,0.5903614457831325,0.072463768115942,0.553309786970023,-0.6453268123326239,0.3958333333333333,0.4583333333333333,0.872093023255814,0.541501976284585,0.6086956521739131,0.5652173913043479,-2.7258103920183903,-1.3697203184808446,0.8420957322737803,2.25285754819635,2.0,1.0,0.4665539615934443,-1.3675211776985083,-0.4763628312432212,0.3557692307692308,0.2363636363636363,0.409090909090909,0.287037037037037,-0.665524191598095,-0.4317111005204815,0.3333333333333333,0.3235294117647059,6,6,0.4444444444444444,0.4285714285714285,0.8333333333333334,0.8181818181818182,1,2,1.3172956705093384,1.0054519176483154
0.9130434782608745,0.9327810650887574,0.6382978723404255,0.5301204819277109,0.0241545893719806,0.851450853112084,1.534072046965655,0.4375,0.6458333333333333,0.3255813953488372,0.4268774703557312,0.1304347826086956,0.7391304347826086,-0.3784792137033829,-3.155505001934415,0.1730211906693063,0.8680499489906164,4.0,2.0,-1.5035544996888237,3.171023650756861,2.3213345328846358,0.4519230769230769,0.3727272727272727,0.3090909090909091,0.5,1.139980675279764,-1.1094603682333035,0.4848484848484848,0.2647058823529412,6,12,0.2222222222222222,0.4571428571428571,0.8333333333333334,0.8181818181818182,1,2,1.8466126918792725,0.869137704372406
0.9130434782608745,0.9327810650887574,0.6382978723404255,0.1325301204819277,0.0579710144927536,0.6372703487954698,0.9255303612728571,0.5416666666666666,0.0625,0.7674418604651163,0.91699604743083,0.4347826086956522,0.8260869565217391,-1.2001174622766135,-2.9155331564804943,1.4368286581444254,0.0663192336609833,3.0,1.0,-1.040629828196984,1.41613280057261,1.0093469091919458,0.4134615384615385,0.2272727272727272,0.409090909090909,0.5185185185185185,-0.1496656582044209,-2.6343962205871536,0.3939393939393939,0.1470588235294117,6,9,0.4722222222222222,0.6285714285714286,0.8333333333333334,0.8181818181818182,1,2,1.657132625579834,1.0089317560195923
0.9130434782608745,0.9327810650887574,0.6382978723404255,0.0,0.1497584541062802,0.6696838386879795,0.1751220466067397,0.6875,0.4791666666666666,0.003875968992248,0.4703557312252964,0.0434782608695652,0.0869565217391304,-0.0982047617303232,-2.324538523639537,0.2473628064031379,2.398626769165374,2.0,2.0,-1.4597088601307853,3.153635172806568,2.018634876274245,0.5384615384615385,0.3727272727272727,0.2545454545454545,0.3055555555555555,2.429627008763949,0.6696314595128544,0.5757575757575758,0.4705882352941176,7,9,0.1944444444444444,0.1999999999999999,0.8333333333333334,0.8181818181818182,0,2,1.8162628412246704,0.9210264682769775
0.9130434782608745,0.9328994082840234,0.3617021276595745,0.5060240963855422,0.0241545893719806,0.3280918949906568,0.1971008165607045,0.3125,0.9375,0.1511627906976744,0.5138339920948616,0.3913043478260869,0.1739130434782608,-3.037936147902488,0.1185096960104811,0.6320626237442196,-0.0074242863746937,1.0,1.0,1.472994005157938,-1.0508253591272612,-1.2722614868997255,0.4326923076923077,0.3909090909090909,0.4181818181818181,0.3333333333333333,-0.0636892359721419,0.5849128010487517,0.3939393939393939,0.4411764705882353,10,6,0.3333333333333333,0.3142857142857143,0.8666666666666667,0.8181818181818182,0,2,1.3040207624435425,1.0699818134307861
0.9130434782608745,0.93301775147929,0.3829787234042553,0.072289156626506,0.0241545893719806,0.3280918949906568,0.1971008165607045,0.3541666666666666,0.2708333333333333,0.7286821705426356,0.7549407114624506,0.6956521739130435,0.7391304347826086,-2.028031202370432,0.1499105158230295,1.0933913347543394,0.1195764613549228,0.0,1.0,1.631150014417564,-1.1029476336029211,-1.31121655833027,0.2980769230769231,0.3545454545454545,0.4545454545454545,0.4444444444444444,-1.6112648361531638,-0.7705857343768925,0.2121212121212121,0.2058823529411764,10,13,0.5555555555555556,0.3999999999999999,0.9,0.8181818181818182,-1,2,1.2552940845489502,1.060554027557373
0.9130434782608745,0.9331360946745564,0.3829787234042553,0.8433734939759037,0.0241545893719806,0.3280918949906568,0.1971008165607045,0.9583333333333331,0.375,0.7441860465116279,0.826086956521739,0.4347826086956522,0.0869565217391304,-1.0934173454409617,-1.0236226950171092,-0.3932256955276284,0.0108594786393483,3.0,2.0,0.9943117358328,-0.3714349085548058,-1.1487501822266803,0.3846153846153846,0.409090909090909,0.4181818181818181,0.3425925925925925,-0.4935713471335369,0.6696314595128544,0.4242424242424242,0.4411764705882353,8,7,0.3888888888888888,0.3142857142857143,0.9333333333333332,0.8181818181818182,1,2,1.3463054895401,1.1385782957077026
0.9130434782608745,0.9332544378698224,0.3829787234042553,0.2409638554216867,0.0241545893719806,0.3280918949906568,0.1971008165607045,0.5833333333333333,0.4375,0.8178294573643411,0.901185770750988,0.0434782608695652,0.2608695652173913,-0.1725372116766385,0.5683170064448683,0.3124269791225654,0.1554254576072724,1.0,1.0,-0.4877778418888012,0.0113128832826407,0.2444388959309704,0.5,0.4636363636363636,0.3181818181818182,0.3333333333333333,1.4838863642088802,1.262662068761574,0.5151515151515151,0.5,14,6,0.1666666666666666,0.2285714285714285,0.9666666666666668,0.8181818181818182,0,2,1.5403029918670654,0.936083972454071
0.9130434782608745,0.9336094674556216,0.3829787234042553,0.0963855421686747,0.0241545893719806,0.3280918949906568,0.1971008165607045,0.0416666666666666,0.3958333333333333,0.1627906976744186,0.8735177865612648,0.6086956521739131,0.8260869565217391,-0.825933396067101,-1.8241083952866908,-0.7694386475047404,-0.4362856828031928,1.0,2.0,-0.5605964612913903,-0.154421395407195,0.5027411752557703,0.3557692307692308,0.3545454545454545,0.4363636363636363,0.4259259259259259,-0.923453458294932,-0.6011484174486871,0.303030303030303,0.3529411764705882,8,6,0.5,0.4571428571428571,0.0333333333333333,0.9090909090909092,-1,2,1.5195672512054443,0.9250587224960327
0.9130434782608745,0.9336094674556216,0.3829787234042553,0.5301204819277109,0.0241545893719806,0.3280918949906568,0.1971008165607045,0.4583333333333333,0.5416666666666666,0.5542635658914729,0.7707509881422925,0.5652173913043479,0.3913043478260869,-0.3477660803697834,-0.1322382942242863,-0.04302698182486,-0.0402226603643458,2.0,2.0,-0.0380037212488559,-0.6429273946042767,-0.1994667566972128,0.2596153846153846,0.4181818181818181,0.3,0.4259259259259259,-0.4935713471335369,-0.0081178081999676,0.3333333333333333,0.4117647058823529,6,6,0.4444444444444444,0.4857142857142857,0.0333333333333333,0.9090909090909092,0,2,1.4643096923828125,1.0004932880401611
0.9130434782608745,0.9336094674556216,0.3829787234042553,0.2048192771084337,0.0241545893719806,0.3280918949906568,0.1971008165607045,0.6458333333333333,0.4791666666666666,0.4224806201550387,0.4703557312252964,0.6521739130434783,0.1739130434782608,-2.3693696297858557,-1.4997098518738776,0.4785870965164475,1.5761674031474842,0.0,3.0,0.5999901515427922,-0.6930545503312608,-0.8122119763186683,0.4134615384615385,0.3909090909090909,0.5272727272727272,0.324074074074074,-1.267359147224048,0.6696314595128544,0.2727272727272727,0.4705882352941176,12,10,0.4722222222222222,0.1999999999999999,0.0333333333333333,0.9090909090909092,-1,2,1.3489394187927246,1.0325298309326172
0.9130434782608745,0.9336094674556216,0.4042553191489362,0.710843373493976,0.0241545893719806,0.3280918949906568,0.1971008165607045,0.7916666666666666,0.3541666666666666,0.7209302325581395,0.7312252964426877,0.6086956521739131,0.782608695652174,-0.3796033330786574,-1.9115751720376213,-1.6264589190656924,1.1144204633044654,0.0,0.0,-0.7854393383531333,0.0347766233480473,0.9899269996582638,0.3942307692307693,0.2818181818181818,0.4363636363636363,0.4722222222222222,-0.579547769365816,-1.7024909774820232,0.2727272727272727,0.2058823529411764,12,10,0.4166666666666666,0.6,0.0333333333333333,0.9090909090909092,0,2,1.5744370222091675,0.9340764880180359
0.9130434782608745,0.9338461538461535,0.4042553191489362,0.9759036144578314,0.0241545893719806,0.3280918949906568,0.1971008165607045,0.2708333333333333,0.6875,0.751937984496124,0.0039525691699604,0.7391304347826086,0.5217391304347826,0.1584089895943735,0.6392015551663303,0.0786598294833466,0.1292000740789988,2.0,0.0,1.435796503836877,-0.59303894052313,-1.3210277880031775,0.3846153846153846,0.5272727272727272,0.4363636363636363,0.2777777777777778,-0.665524191598095,2.364004628794909,0.2424242424242424,0.5588235294117647,13,8,0.3888888888888888,0.1999999999999999,0.1,0.9090909090909092,1,2,1.3432300090789795,1.0838367938995361
0.9130434782608745,0.9340828402366864,0.4042553191489362,0.746987951807229,0.0241545893719806,0.3280918949906568,0.1971008165607045,0.1666666666666666,0.9583333333333331,0.0736434108527131,0.7470355731225296,0.0,0.2608695652173913,-0.5032485345165928,-0.9314588411793964,0.0665138130111448,-0.343060681303428,3.0,0.0,-1.3946322278676115,2.672893229937711,1.9099892015059636,0.5288461538461539,0.3909090909090909,0.2727272727272727,0.4444444444444444,2.171697742067112,-0.4317111005204815,0.6363636363636364,0.4411764705882353,8,8,0.1388888888888889,0.3999999999999999,0.1666666666666666,0.9090909090909092,1,2,1.7708123922348022,0.8834133744239807
0.9130434782608745,0.9340828402366864,0.4042553191489362,0.036144578313253,0.0241545893719806,0.3280918949906568,0.1971008165607045,0.375,0.9375,0.8217054263565892,0.5138339920948616,0.1739130434782608,0.217391304347826,-1.042148157698456,0.2258308800240671,-0.0322304681947919,-0.0074242863746937,0.0,3.0,0.2361803406641606,-0.8448913465681646,-0.4460944329664604,0.4519230769230769,0.3999999999999999,0.3636363636363636,0.3425925925925925,0.62412214188609,0.5849128010487517,0.4545454545454546,0.4411764705882353,7,7,0.3333333333333333,0.3142857142857143,0.1666666666666666,0.9090909090909092,-1,2,1.3764110803604126,0.982570469379425
0.9130434782608745,0.9340828402366864,0.4042553191489362,0.2409638554216867,0.0241545893719806,0.3280918949906568,0.1971008165607045,0.5833333333333333,0.3125,0.8178294573643411,0.150197628458498,0.0434782608695652,0.3043478260869565,-0.1101696456578372,-2.968628958038678,0.3124269791225654,0.6621332339324307,2.0,0.0,-1.481585035471631,3.205714263778308,2.096089393815444,0.5096153846153847,0.4181818181818181,0.3272727272727272,0.4351851851851852,1.4838863642088802,-0.0928364666640704,0.5151515151515151,0.3823529411764705,15,11,0.1666666666666666,0.3428571428571428,0.1666666666666666,0.9090909090909092,1,2,1.8208283185958862,0.8778062462806702
0.9130434782608745,0.9342011834319526,0.4042553191489362,0.2289156626506024,0.0241545893719806,0.3280918949906568,0.1971008165607045,0.0625,0.0833333333333333,0.9108527131782944,0.3478260869565217,0.8260869565217391,0.3913043478260869,-1.7849039567719225,0.2392078447394048,-0.1417609654624038,0.4168381450064988,1.0,0.0,0.2204495450779915,-0.6179534720272628,-0.4916020488248334,0.25,0.4272727272727272,0.5363636363636364,0.4444444444444444,-2.8149347474050703,-0.0928364666640704,0.1515151515151515,0.3529411764705882,9,12,0.6388888888888888,0.2571428571428571,0.2,0.9090909090909092,1,2,1.3558149337768555,1.032963514328003
0.9130434782608745,0.9342011834319526,0.4042553191489362,0.4698795180722891,0.0241545893719806,0.3280918949906568,0.1971008165607045,0.3333333333333333,0.4375,0.3178294573643411,0.901185770750988,0.4347826086956522,0.1304347826086956,-0.5645292540789586,0.7160476289455815,0.1200616396512995,0.1554254576072724,0.0,1.0,0.643711756683236,-0.8194319037593477,-0.8038041425818739,0.4038461538461538,0.4727272727272727,0.3181818181818182,0.3425925925925925,0.62412214188609,1.262662068761574,0.4545454545454546,0.5,9,7,0.3333333333333333,0.2285714285714285,0.2,0.9090909090909092,-1,2,1.3620210886001587,1.0366442203521729
0.9130434782608745,0.9343195266272192,0.425531914893617,0.2409638554216867,0.0241545893719806,0.3280918949906568,0.1971008165607045,0.5833333333333333,0.4583333333333333,0.8178294573643411,0.541501976284585,0.0434782608695652,0.5652173913043479,-0.0998778375209469,-0.1893589894022924,0.3124269791225654,0.0002745635450137,2.0,0.0,-1.2250092832347306,1.6195674559234872,1.5973644075443816,0.5288461538461539,0.2636363636363636,0.3272727272727272,0.324074074074074,1.655839208673438,-0.5164297589845843,0.5454545454545454,0.3235294117647059,15,7,0.1666666666666666,0.4571428571428571,0.2333333333333333,0.9090909090909092,1,2,1.7358394861221313,0.9326883554458618
0.9130434782608745,0.9344378698224852,0.425531914893617,0.2289156626506024,0.0241545893719806,0.3280918949906568,0.1971008165607045,0.0625,0.7916666666666666,0.9108527131782944,0.7233201581027667,0.8260869565217391,0.6086956521739131,-1.768891998310412,-0.2506210759698772,-0.1417609654624038,-1.5521240335978803,0.0,0.0,0.7300573234152988,-0.2503173103505782,-1.0207248466746464,0.2596153846153846,0.3727272727272727,0.5363636363636364,0.4444444444444444,-2.728958325172791,-0.6011484174486871,0.1818181818181818,0.2647058823529412,9,13,0.6388888888888888,0.4285714285714285,0.2666666666666666,0.9090909090909092,0,2,1.3447295427322388,1.1174718141555786
0.9130434782608745,0.9344378698224852,0.425531914893617,0.746987951807229,0.0241545893719806,0.3280918949906568,0.1971008165607045,0.1666666666666666,0.3541666666666666,0.0736434108527131,0.7312252964426877,0.0,0.782608695652174,-0.4993319602421725,-1.863900741627162,0.0665138130111448,1.1144204633044654,0.0,0.0,-1.7747661468594178,4.73373955683148,3.5692899099494797,0.5576923076923077,0.2818181818181818,0.2727272727272727,0.4722222222222222,2.429627008763949,-1.7024909774820232,0.6666666666666667,0.2058823529411764,8,11,0.1388888888888889,0.6,0.2666666666666666,0.9090909090909092,0,2,1.873830795288086,0.8736419081687927
0.9130434782608745,0.9344378698224852,0.425531914893617,0.4698795180722891,0.0241545893719806,0.3280918949906568,0.1971008165607045,0.3333333333333333,0.3125,0.3178294573643411,0.150197628458498,0.217391304347826,0.3913043478260869,-0.5496629191104604,-2.961993802289652,0.1200616396512995,0.6621332339324307,2.0,1.0,-0.9016509925356154,0.737252071242866,0.9110809517144808,0.4038461538461538,0.4181818181818181,0.3272727272727272,0.4537037037037036,0.5381457196538111,-0.262273783592276,0.4545454545454546,0.3823529411764705,9,11,0.3611111111111111,0.3714285714285714,0.2666666666666666,0.9090909090909092,1,2,1.5563756227493286,0.9297313094139099
0.9130434782608745,0.9344378698224852,0.425531914893617,0.5903614457831325,0.0241545893719806,0.3280918949906568,0.1971008165607045,0.3958333333333333,0.2708333333333333,0.872093023255814,0.7549407114624506,0.5217391304347826,0.7391304347826086,-1.7819746842057458,0.2372149265933154,-0.4883143183824354,0.1195764613549228,1.0,2.0,1.4108481182693755,-1.0508253591272612,-1.2051801090961558,0.3942307692307693,0.3818181818181818,0.4272727272727272,0.4444444444444444,-0.4935713471335369,-0.5164297589845843,0.3939393939393939,0.2647058823529412,6,13,0.4444444444444444,0.3999999999999999,0.2666666666666666,0.9090909090909092,-1,2,1.3029388189315796,1.0465142726898193
0.9130434782608745,0.9344378698224852,0.425531914893617,0.4819277108433735,0.0241545893719806,0.3280918949906568,0.1971008165607045,0.4791666666666666,0.9583333333333331,0.4728682170542636,0.7470355731225296,0.1739130434782608,0.2608695652173913,-1.479501945301442,-0.9126637805356602,1.5643688612841171,-0.343060681303428,3.0,0.0,-0.7472774486603239,0.5381140798409912,0.5808521483598984,0.4423076923076923,0.3909090909090909,0.3181818181818182,0.4722222222222222,0.9680278308152062,-0.6858670759127897,0.5151515151515151,0.4411764705882353,10,8,0.1944444444444444,0.4285714285714285,0.2666666666666666,0.9090909090909092,1,2,1.549803614616394,0.9207294583320618
0.9130434782608745,0.9344378698224852,0.425531914893617,0.2048192771084337,0.0241545893719806,0.3280918949906568,0.1971008165607045,0.6458333333333333,0.375,0.4224806201550387,0.826086956521739,0.6521739130434783,0.3043478260869565,-2.2677389793594727,-0.9876331087703148,0.4785870965164475,0.0108594786393483,2.0,1.0,0.526286011035339,-0.1305839435759947,-0.914817637942577,0.4134615384615385,0.4272727272727272,0.5545454545454546,0.3981481481481481,-1.5252884139208849,0.3307568256564434,0.2727272727272727,0.4411764705882353,12,7,0.5,0.3714285714285714,0.2666666666666666,0.9090909090909092,1,2,1.3515361547470093,1.1036128997802734
0.9130434782608745,0.9344378698224852,0.425531914893617,0.0,0.0241545893719806,0.3280918949906568,0.1971008165607045,0.6875,0.5416666666666666,0.003875968992248,0.7707509881422925,0.0869565217391304,0.4347826086956522,0.6288693438108299,-0.0363899874599642,0.0884758237563281,-0.0402226603643458,1.0,0.0,-1.4379251847504722,3.2747527710107933,1.81283879801562,0.5576923076923077,0.4363636363636363,0.2909090909090909,0.4444444444444444,2.257674164299391,-0.0081178081999676,0.5757575757575758,0.4117647058823529,8,7,0.2222222222222222,0.4857142857142857,0.2666666666666666,0.9090909090909092,1,2,1.809937596321106,0.8788236975669861
0.9130434782608745,0.9345562130177516,0.425531914893617,0.3012048192771084,0.0241545893719806,0.3280918949906568,0.1971008165607045,0.9375,0.0416666666666666,0.5271317829457365,0.1620553359683794,0.3478260869565217,0.6956521739130435,0.189078914586594,-0.5911049887480735,-0.0508797361788803,-0.7119003169962296,2.0,1.0,-1.040629828196984,0.9756121173673628,1.2474023082454069,0.4519230769230769,0.3454545454545454,0.3363636363636363,0.4629629629629629,0.8820514085829272,-1.0247417097692009,0.4848484848484848,0.2941176470588235,7,8,0.3055555555555555,0.5428571428571428,0.3,0.9090909090909092,1,2,1.7350068092346191,0.9346998929977417
0.9130434782608745,0.9349112426035502,0.425531914893617,0.5301204819277109,0.0241545893719806,0.3280918949906568,0.1971008165607045,0.4375,0.0833333333333333,0.8953488372093024,0.3478260869565217,0.1304347826086956,0.4782608695652174,0.7256701836297701,0.277970810155455,0.115225467772681,0.4168381450064988,0.0,0.0,-0.2579839696756624,-0.3958273655809532,0.0103506457874875,0.5096153846153847,0.4272727272727272,0.3363636363636363,0.4537037037037036,1.3979099419766012,-0.1775551251281732,0.5454545454545454,0.3529411764705882,7,12,0.2222222222222222,0.2857142857142857,0.4,0.9090909090909092,0,2,1.4988843202590942,0.9306206107139587
0.9130434782608745,0.9352662721893492,0.4468085106382979,0.0963855421686747,0.0241545893719806,0.3280918949906568,0.1971008165607045,0.0416666666666666,0.0833333333333333,0.1627906976744186,0.3478260869565217,0.7391304347826086,0.4782608695652174,-0.5812576465682976,0.292016551093248,-0.7694386475047404,0.4168381450064988,1.0,0.0,0.2518632494317034,-0.6429273946042767,-0.5300116458787394,0.375,0.4272727272727272,0.4727272727272727,0.4537037037037036,-1.0954063027594898,-0.1775551251281732,0.303030303030303,0.3529411764705882,8,13,0.5555555555555556,0.2857142857142857,0.5,0.9090909090909092,1,2,1.3566356897354126,1.0089746713638306
0.9130434782608745,0.9357396449704144,0.4680851063829787,0.0963855421686747,0.0241545893719806,0.3280918949906568,0.1971008165607045,0.0416666666666666,0.0625,0.1627906976744186,0.91699604743083,0.7391304347826086,0.8260869565217391,-0.5515507507699122,-1.6074808213212253,-0.7694386475047404,-0.0965243540998689,2.0,0.0,-0.8820994261788107,0.8245572061499635,0.8149301690312433,0.3846153846153846,0.2454545454545454,0.4727272727272727,0.5462962962962963,-1.0094298805272108,-2.7191148790512565,0.3333333333333333,0.1764705882352941,8,10,0.5555555555555556,0.6571428571428571,0.6333333333333333,0.9090909090909092,1,2,1.6848104000091553,0.9765547513961792
0.9130434782608745,0.9357396449704144,0.4680851063829787,0.9759036144578314,0.0241545893719806,0.3280918949906568,0.1971008165607045,0.2708333333333333,0.3333333333333333,0.751937984496124,0.3201581027667984,0.6086956521739131,0.2608695652173913,0.2515107273986169,-0.384239753761325,0.0786598294833466,0.160166846399134,2.0,1.0,-1.2250092832347306,1.71982234117294,1.5278051914073996,0.4230769230769231,0.3999999999999999,0.4454545454545454,0.3425925925925925,-0.4075949249012579,0.5849128010487517,0.303030303030303,0.4705882352941176,13,9,0.3888888888888888,0.3714285714285714,0.6333333333333333,0.9090909090909092,1,2,1.6923469305038452,0.9335708022117615
0.9130434782608745,0.9357396449704144,0.4680851063829787,0.5060240963855422,0.0241545893719806,0.3280918949906568,0.1971008165607045,0.3125,0.3958333333333333,0.1511627906976744,0.8735177865612648,0.3913043478260869,0.5217391304347826,-2.9654722688177,-1.628129863183762,0.6320626237442196,-0.4362856828031928,0.0,1.0,-0.0049790469337583,-0.5681835182832995,-0.2487546419051791,0.4519230769230769,0.3818181818181818,0.4636363636363636,0.4537037037037036,-0.3216185026689789,-0.6011484174486871,0.3939393939393939,0.3823529411764705,11,6,0.3888888888888888,0.4857142857142857,0.6333333333333333,0.9090909090909092,-1,2,1.4281284809112549,1.0037575960159302
0.9130434782608745,0.9357396449704144,0.4680851063829787,0.072289156626506,0.0241545893719806,0.3280918949906568,0.1971008165607045,0.3541666666666666,0.4375,0.7286821705426356,0.901185770750988,0.782608695652174,0.1304347826086956,-1.8353947519405556,0.8046114548354895,1.0933913347543394,0.1554254576072724,1.0,2.0,2.6201204982266155,-0.3714349085548058,-1.7507571856293744,0.2980769230769231,0.4818181818181818,0.4636363636363636,0.3425925925925925,-1.6972412583854428,1.3473807272256766,0.2121212121212121,0.5294117647058824,12,8,0.5833333333333333,0.2285714285714285,0.6333333333333333,0.9090909090909092,-1,2,1.2086385488510132,1.2070876359939575
0.9130434782608745,0.9357396449704144,0.4680851063829787,0.036144578313253,0.0241545893719806,0.3280918949906568,0.1971008165607045,0.375,0.6875,0.8217054263565892,0.0039525691699604,0.3478260869565217,0.0869565217391304,-1.0021735144103356,0.7399229428166544,-0.0322304681947919,0.1292000740789988,1.0,2.0,1.5465928504520263,0.3123175044525882,-1.534122109741383,0.4615384615384615,0.5363636363636364,0.409090909090909,0.2962962962962963,0.280216452956974,2.279285970330807,0.4545454545454546,0.5882352941176471,7,8,0.3888888888888888,0.2285714285714285,0.6333333333333333,0.9090909090909092,-1,0,1.294761061668396,1.3742475509643555
0.9130434782608745,0.9357396449704144,0.4680851063829787,0.1325301204819277,0.0241545893719806,0.3280918949906568,0.1971008165607045,0.5416666666666666,0.6458333333333333,0.7674418604651163,0.4268774703557312,0.4347826086956522,0.6956521739130435,0.002192066000009,-2.113353702307313,-0.0843337685133374,0.5116656403714944,2.0,2.0,-0.5605964612913903,0.3351174167375081,0.2869125835365301,0.4615384615384615,0.409090909090909,0.4454545454545454,0.5740740740740741,-0.0636892359721419,-1.4483350020897148,0.4242424242424242,0.2941176470588235,7,12,0.5,0.5142857142857142,0.6333333333333333,0.9090909090909092,0,2,1.594367504119873,0.924957275390625
0.9130434782608745,0.9357396449704144,0.4680851063829787,0.710843373493976,0.0241545893719806,0.3280918949906568,0.1971008165607045,0.7916666666666666,0.9375,0.7209302325581395,0.5138339920948616,0.6521739130434783,0.217391304347826,-0.2469281380998378,0.3026412073416824,-1.6264589190656924,-0.0074242863746937,1.0,1.0,0.5411114358036283,-0.9989611167699352,-0.6640620423182266,0.3942307692307693,0.4454545454545454,0.4363636363636363,0.3518518518518518,-0.579547769365816,0.9237874349051628,0.2727272727272727,0.5,14,7,0.4166666666666666,0.3142857142857143,0.6333333333333333,0.9090909090909092,0,2,1.3342323303222656,1.012541651725769
0.9130434782608745,0.9358579881656804,0.4680851063829787,0.8072289156626506,0.0241545893719806,0.3280918949906568,0.1971008165607045,0.0833333333333333,0.1666666666666666,0.3488372093023256,0.075098814229249,0.4782608695652174,0.0,0.2824858771388839,-0.4349531732768655,0.3818639450231136,0.1076684920328081,0.0,0.0,2.3978501559485426,-0.6679609920828745,-1.6515034816723932,0.4519230769230769,0.5272727272727272,0.4545454545454545,0.2777777777777778,-0.2356420804366999,2.364004628794909,0.3636363636363636,0.6470588235294118,13,9,0.3055555555555555,0.1428571428571428,0.6666666666666666,0.9090909090909092,0,0,1.1878174543380737,1.1483901739120483
0.9130434782608745,0.9358579881656804,0.4680851063829787,0.8433734939759037,0.0241545893719806,0.3280918949906568,0.1971008165607045,0.9583333333333331,0.5833333333333333,0.7441860465116279,0.8221343873517786,0.3043478260869565,0.0434782608695652,-0.9009532394480444,0.0080388762198109,-0.3932256955276284,0.3487620591838878,0.0,1.0,1.9897836106156128,-0.4693473554356376,-1.5657223375682274,0.4134615384615385,0.5181818181818182,0.4909090909090909,0.3333333333333333,-0.923453458294932,1.7709740195461905,0.4545454545454546,0.5588235294117647,8,15,0.4444444444444444,0.1714285714285714,0.6666666666666666,0.9090909090909092,-1,0,1.1806504726409912,1.1620512008666992
0.9130434782608745,0.9360946745562128,0.4893617021276595,0.2289156626506024,0.0241545893719806,0.3280918949906568,0.1971008165607045,0.0625,0.6875,0.9108527131782944,0.0039525691699604,0.8260869565217391,0.0869565217391304,-1.6524526509533557,0.7500575879539735,-0.1417609654624038,0.1292000740789988,0.0,1.0,5.543970785013779,3.2747527710107933,-2.488071255567668,0.2596153846153846,0.5545454545454546,0.5545454545454546,0.3055555555555555,-2.9009111696373493,2.364004628794909,0.1818181818181818,0.6176470588235294,10,8,0.6666666666666666,0.2285714285714285,0.7333333333333333,0.9090909090909092,-1,0,1.1700875759124756,1.5925076007843018
0.9130434782608745,0.9360946745562128,0.4893617021276595,0.746987951807229,0.0241545893719806,0.3280918949906568,0.1971008165607045,0.1666666666666666,0.3958333333333333,0.0736434108527131,0.8735177865612648,0.0,0.5217391304347826,-0.4763505201420355,-1.6129361953904855,0.0665138130111448,-0.4362856828031928,1.0,1.0,-1.4597088601307853,2.835604007023411,2.192103100012228,0.5576923076923077,0.3909090909090909,0.2727272727272727,0.4537037037037036,2.429627008763949,-0.5164297589845843,0.6666666666666667,0.4117647058823529,10,6,0.1388888888888889,0.4857142857142857,0.7333333333333333,0.9090909090909092,0,2,1.8031376600265503,0.8855262994766235
0.9130434782608745,0.9360946745562128,0.4893617021276595,0.5301204819277109,0.0241545893719806,0.3280918949906568,0.1971008165607045,0.4583333333333333,0.4791666666666666,0.5542635658914729,0.4703557312252964,0.7391304347826086,0.1739130434782608,-0.1186669038573848,-1.3231377706249907,-0.04302698182486,1.5761674031474842,2.0,2.0,-0.1215036293598677,-0.6679609920828745,-0.0692902983490712,0.2788461538461538,0.4454545454545454,0.3363636363636363,0.324074074074074,-0.665524191598095,1.177943410297471,0.3333333333333333,0.5294117647058824,7,10,0.4722222222222222,0.1999999999999999,0.7333333333333333,0.9090909090909092,0,2,1.4727238416671753,1.0240638256072998
0.9130434782608745,0.9360946745562128,0.4893617021276595,0.2048192771084337,0.0241545893719806,0.3280918949906568,0.1971008165607045,0.6458333333333333,0.3541666666666666,0.4224806201550387,0.7312252964426877,0.6086956521739131,0.782608695652174,-2.150546876713278,-1.802502167591659,0.4785870965164475,1.1144204633044654,1.0,1.0,-0.9212770412297816,0.6049148729632746,1.0716818332267446,0.4519230769230769,0.2909090909090909,0.5818181818181818,0.4907407407407407,-1.439311991688606,-1.7872096359461258,0.303030303030303,0.2058823529411764,13,12,0.5,0.6285714285714286,0.7333333333333333,0.9090909090909092,0,2,1.6151766777038574,0.9471567273139954
0.9130434782608745,0.9362130177514794,0.4893617021276595,0.9759036144578314,0.0241545893719806,0.3280918949906568,0.1971008165607045,0.2708333333333333,0.9583333333333331,0.751937984496124,0.7470355731225296,0.5652173913043479,0.3043478260869565,0.2651159152133383,-0.8460902744976927,0.0786598294833466,-0.343060681303428,3.0,1.0,-0.98060781080609,1.0183736279990063,1.019014067735898,0.4423076923076923,0.3909090909090909,0.4545454545454545,0.5092592592592592,-0.3216185026689789,-1.0247417097692009,0.3333333333333333,0.4411764705882353,13,8,0.3888888888888888,0.4857142857142857,0.7666666666666667,0.9090909090909092,1,2,1.6148825883865356,0.9312710165977478
0.9130434782608745,0.9362130177514794,0.4893617021276595,0.036144578313253,0.0241545893719806,0.3280918949906568,0.1971008165607045,0.375,0.0416666666666666,0.8217054263565892,0.1620553359683794,0.3478260869565217,0.6521739130434783,-0.9950543800461844,-0.4827548433070181,-0.0322304681947919,-0.7119003169962296,1.0,1.0,-0.7663230583428943,1.082190407416607,0.3936786493353707,0.4711538461538462,0.3818181818181818,0.4272727272727272,0.4814814814814814,0.194240030724695,-0.8553043928409952,0.4545454545454546,0.3529411764705882,7,8,0.4166666666666666,0.5714285714285714,0.7666666666666667,0.9090909090909092,0,2,1.6392121315002441,0.9391753673553467
0.9130434782608745,0.9362130177514794,0.4893617021276595,0.2409638554216867,0.0241545893719806,0.3280918949906568,0.1971008165607045,0.5833333333333333,0.7916666666666666,0.8178294573643411,0.7233201581027667,0.0434782608695652,0.6956521739130435,-0.0129768603013735,-0.1741043202904423,0.3124269791225654,-1.5521240335978803,4.0,1.0,-1.040629828196984,1.497981307189877,0.9556640050559816,0.5576923076923077,0.3818181818181818,0.3272727272727272,0.4537037037037036,1.9137684753702755,-0.6011484174486871,0.6060606060606061,0.2647058823529412,15,15,0.1666666666666666,0.4285714285714285,0.7666666666666667,0.9090909090909092,1,2,1.6883926391601562,0.9247788190841675
0.9130434782608745,0.9362130177514794,0.4893617021276595,0.3012048192771084,0.0241545893719806,0.3280918949906568,0.1971008165607045,0.9375,0.0833333333333333,0.5271317829457365,0.3478260869565217,0.217391304347826,0.4782608695652174,0.2659713647975976,0.3242565781853619,-0.0508797361788803,0.4168381450064988,2.0,2.0,-0.2753010668267623,-0.8194319037593477,0.2137614593632656,0.4807692307692308,0.4272727272727272,0.3545454545454545,0.4629629629629629,0.9680278308152062,-0.262273783592276,0.5151515151515151,0.3529411764705882,8,14,0.3055555555555555,0.3142857142857143,0.7666666666666667,0.9090909090909092,0,2,1.5024081468582153,0.9327207803726196
0.9130434782608745,0.936449704142012,0.5106382978723404,0.5301204819277109,0.0241545893719806,0.3280918949906568,0.1971008165607045,0.4583333333333333,0.3125,0.5542635658914729,0.150197628458498,0.7391304347826086,0.3913043478260869,-0.1061604596064387,-2.9200664581443228,-0.04302698182486,0.6621332339324307,0.0,0.0,-0.9016509925356154,0.4708846155948588,1.0045026623745992,0.2980769230769231,0.4272727272727272,0.3545454545454545,0.4814814814814814,-0.665524191598095,-0.4317111005204815,0.3333333333333333,0.3823529411764705,8,11,0.4722222222222222,0.4285714285714285,0.8333333333333334,0.9090909090909092,0,2,1.5537776947021484,0.9498521089553833
0.9130434782608745,0.936449704142012,0.5106382978723404,0.4819277108433735,0.0241545893719806,0.3280918949906568,0.1971008165607045,0.4791666666666666,0.4375,0.4728682170542636,0.901185770750988,0.1304347826086956,0.1739130434782608,-1.3667437136662526,0.8316925301959798,1.5643688612841171,0.1554254576072724,0.0,0.0,1.3983284728572496,-0.6179534720272628,-1.31121655833027,0.4903846153846154,0.5,0.3363636363636363,0.3518518518518518,1.225957097512043,1.4320993856897792,0.5454545454545454,0.5588235294117647,11,8,0.1944444444444444,0.2285714285714285,0.8333333333333334,0.9090909090909092,0,2,1.458659052848816,1.0658093690872192
0.9130434782608745,0.9365680473372784,0.5106382978723404,0.8072289156626506,0.0241545893719806,0.3280918949906568,0.1971008165607045,0.0833333333333333,0.6458333333333333,0.3488372093023256,0.4268774703557312,0.4347826086956522,0.6521739130434783,0.3066476318002973,-2.0860223626181025,0.3818639450231136,0.5116656403714944,2.0,3.0,0.643711756683236,-1.1553305205341426,-0.7127082250018177,0.4711538461538462,0.4363636363636363,0.4727272727272727,0.6018518518518519,-0.2356420804366999,-1.4483350020897148,0.3636363636363636,0.2941176470588235,15,14,0.3055555555555555,0.5142857142857142,0.8666666666666667,0.9090909090909092,-1,2,1.311264991760254,1.037316918373108
0.9130434782608745,0.9365680473372784,0.5106382978723404,0.0,0.0241545893719806,0.3280918949906568,0.1971008165607045,0.6875,0.1666666666666666,0.003875968992248,0.075098814229249,0.0869565217391304,0.0,0.7201576618411409,-0.4306540096670087,0.0884758237563281,0.1076684920328081,1.0,3.0,-0.1383672501511287,-0.5186488843484226,-0.0692902983490712,0.5961538461538461,0.5363636363636364,0.3,0.287037037037037,2.515603430996228,2.364004628794909,0.6666666666666667,0.6470588235294118,8,11,0.2222222222222222,0.1428571428571428,0.8666666666666667,0.9090909090909092,-1,2,1.4826624393463135,1.0806809663772583
0.9130434782608745,0.9366863905325444,0.5106382978723404,0.4698795180722891,0.0241545893719806,0.3280918949906568,0.1971008165607045,0.3333333333333333,0.5416666666666666,0.3178294573643411,0.7707509881422925,0.2608695652173913,0.4782608695652174,-0.4213457575286412,0.0936838282442205,0.1200616396512995,-0.0402226603643458,1.0,1.0,-0.2407248863590593,-0.3470991123393136,-0.0358720913330195,0.4326923076923077,0.4545454545454545,0.3545454545454545,0.4722222222222222,0.5381457196538111,-0.0928364666640704,0.4848484848484848,0.4117647058823529,9,8,0.3888888888888888,0.5142857142857142,0.9,0.9090909090909092,0,2,1.491829752922058,0.9248759746551514
0.9130434782608745,0.936923076923077,0.5319148936170213,0.5060240963855422,0.0241545893719806,0.3280918949906568,0.1971008165607045,0.3125,0.2708333333333333,0.1511627906976744,0.7549407114624506,0.4782608695652174,0.5652173913043479,-2.9419608056285016,0.3235409063261703,0.6320626237442196,0.1195764613549228,2.0,4.0,1.7495881397664352,-0.4447833217673027,-1.4821199994840062,0.4519230769230769,0.4454545454545454,0.4727272727272727,0.4722222222222222,-0.4075949249012579,-0.1775551251281732,0.3939393939393939,0.3529411764705882,12,13,0.4166666666666666,0.3999999999999999,0.9666666666666668,0.9090909090909092,-1,2,1.180206298828125,1.0717620849609375
0.9130434782608745,0.936923076923077,0.5319148936170213,0.072289156626506,0.0241545893719806,0.3280918949906568,0.1971008165607045,0.3541666666666666,0.375,0.7286821705426356,0.826086956521739,0.782608695652174,0.3478260869565217,-1.8011261709275004,-0.939764586995753,1.0933913347543394,0.0108594786393483,1.0,2.0,2.6201204982266155,-0.0830711385125294,-1.7958491937640486,0.3173076923076923,0.4545454545454545,0.4909090909090909,0.4444444444444444,-1.783217680617722,0.1613195087282378,0.2121212121212121,0.4411764705882353,13,8,0.611111111111111,0.4285714285714285,0.9666666666666668,0.9090909090909092,-1,0,1.1773287057876587,1.2089790105819702
0.9130434782608745,0.937041420118343,0.5319148936170213,0.0963855421686747,0.0241545893719806,0.3280918949906568,0.1971008165607045,0.0416666666666666,0.4583333333333333,0.1627906976744186,0.541501976284585,0.6086956521739131,0.7391304347826086,-0.4786209769923485,-0.0363550136723531,-0.7694386475047404,0.0002745635450137,1.0,1.0,0.2361803406641606,-1.2608886483974704,-0.2915968751214122,0.4134615384615385,0.2818181818181818,0.4818181818181818,0.3611111111111111,-0.8374770360626529,-0.6858670759127897,0.3636363636363636,0.3235294117647059,9,9,0.5555555555555556,0.4857142857142857,0.0,1.0,0,2,1.325229525566101,0.9806108474731445
0.9130434782608745,0.937041420118343,0.5319148936170213,0.5903614457831325,0.0241545893719806,0.3280918949906568,0.1971008165607045,0.3958333333333333,0.4791666666666666,0.872093023255814,0.4703557312252964,0.5217391304347826,0.1739130434782608,-1.6055944905145183,-1.2983524792873695,-0.4883143183824354,1.5761674031474842,2.0,0.0,0.1729668905071127,-0.7940341808724144,-0.4086461892657282,0.4230769230769231,0.4636363636363636,0.4545454545454545,0.3425925925925925,-0.4935713471335369,1.177943410297471,0.4242424242424242,0.5294117647058824,7,12,0.4722222222222222,0.1999999999999999,0.0,1.0,1,2,1.361351490020752,1.0000966787338257
0.9130434782608745,0.937041420118343,0.5319148936170213,0.5301204819277109,0.0241545893719806,0.3280918949906568,0.1971008165607045,0.4375,0.5833333333333333,0.8953488372093024,0.8221343873517786,0.1304347826086956,0.0434782608695652,0.8184775731604773,0.0442086722632405,0.115225467772681,0.3487620591838878,3.0,2.0,-0.3804441356314412,-0.154421395407195,0.1326357483850499,0.5288461538461539,0.5636363636363636,0.3454545454545454,0.3425925925925925,1.4838863642088802,2.1098486534026013,0.5757575757575758,0.6176470588235294,9,15,0.2222222222222222,0.1714285714285714,0.0,1.0,1,2,1.473962664604187,1.0136315822601318
0.9130434782608745,0.937041420118343,0.5319148936170213,0.1325301204819277,0.0241545893719806,0.3280918949906568,0.1971008165607045,0.5416666666666666,0.9375,0.7674418604651163,0.5138339920948616,0.4347826086956522,0.217391304347826,0.0616028806537232,0.3427957945989812,-0.0843337685133374,-0.0074242863746937,2.0,1.0,0.3141217902142328,-0.7434227029254181,-0.5767027140974672,0.4903846153846154,0.4727272727272727,0.4727272727272727,0.3796296296296296,-0.0636892359721419,0.9237874349051628,0.4242424242424242,0.5,9,9,0.5,0.3142857142857143,0.0,1.0,1,2,1.3584243059158325,0.9886652827262878
0.9130434782608745,0.937041420118343,0.5319148936170213,0.710843373493976,0.0241545893719806,0.3280918949906568,0.1971008165607045,0.7916666666666666,0.3333333333333333,0.7209302325581395,0.3201581027667984,0.6956521739130435,0.2608695652173913,-0.1976208236490299,-0.3460116631271627,-1.6264589190656924,0.160166846399134,1.0,1.0,-0.2235234294713002,-0.3228197143115979,-0.0625794599017156,0.4134615384615385,0.4181818181818181,0.4818181818181818,0.3703703703703703,-0.8374770360626529,0.5001941425846489,0.2727272727272727,0.4705882352941176,15,10,0.4444444444444444,0.3999999999999999,0.0,1.0,0,2,1.4819732904434204,1.038571834564209
0.9130434782608745,0.937041420118343,0.5319148936170213,0.8433734939759037,0.0241545893719806,0.3280918949906568,0.1971008165607045,0.9583333333333331,0.0625,0.7441860465116279,0.91699604743083,0.3043478260869565,0.8260869565217391,-0.8650929734674663,-1.5532975447045534,-0.3932256955276284,-0.0965243540998689,2.0,2.0,-0.3981785130463787,-0.1305839435759947,0.1452475075614451,0.4230769230769231,0.2454545454545454,0.5272727272727272,0.5740740740740741,-1.181382724991769,-2.9732708544435646,0.4545454545454546,0.1764705882352941,8,10,0.5,0.7142857142857143,0.0,1.0,0,2,1.5531975030899048,0.9564071893692017
0.9130434782608745,0.9372781065088756,0.553191489361702,0.9759036144578314,0.0241545893719806,0.3280918949906568,0.1971008165607045,0.2708333333333333,0.375,0.751937984496124,0.826086956521739,0.5652173913043479,0.3043478260869565,0.2956988721987788,-0.9343212850201548,0.0786598294833466,0.0108594786393483,3.0,0.0,-0.804626815101258,1.082190407416607,0.5027411752557703,0.5096153846153847,0.4727272727272727,0.4818181818181818,0.4537037037037036,0.022287186260137,0.2460381671923406,0.3939393939393939,0.4705882352941176,13,8,0.3888888888888888,0.4285714285714285,0.0666666666666666,1.0,1,2,1.6007297039031982,0.9286457300186157
0.9130434782608745,0.937396449704142,0.553191489361702,0.5060240963855422,0.0241545893719806,0.3280918949906568,0.1971008165607045,0.3125,0.4375,0.1511627906976744,0.901185770750988,0.4347826086956522,0.1304347826086956,-2.9351378967974413,0.8574133264440956,0.6320626237442196,0.1554254576072724,0.0,3.0,1.4108481182693755,0.3578678177732976,-1.4821199994840062,0.4711538461538462,0.5272727272727272,0.509090909090909,0.3703703703703703,-0.579547769365816,1.516818044153882,0.3939393939393939,0.5882352941176471,12,9,0.4444444444444444,0.2285714285714285,0.1,1.0,-1,2,1.300795316696167,1.3344556093215942
0.9130434782608745,0.937396449704142,0.553191489361702,0.5903614457831325,0.0241545893719806,0.3280918949906568,0.1971008165607045,0.3958333333333333,0.5416666666666666,0.872093023255814,0.7707509881422925,0.5217391304347826,0.3913043478260869,-1.595425878416235,0.1127764914278581,-0.4883143183824354,-0.0402226603643458,1.0,1.0,0.4212959995117275,-0.8448913465681646,-0.6161243244159433,0.4423076923076923,0.4818181818181818,0.4545454545454545,0.4907407407407407,-0.3216185026689789,-0.0081178081999676,0.4545454545454546,0.4411764705882353,7,9,0.4722222222222222,0.5142857142857142,0.1,1.0,0,2,1.3575118780136108,1.0057001113891602
0.9130434782608745,0.937396449704142,0.553191489361702,0.3012048192771084,0.0241545893719806,0.3280918949906568,0.1971008165607045,0.9375,0.6458333333333333,0.5271317829457365,0.4268774703557312,0.217391304347826,0.6521739130434783,0.3047349943516981,-2.052051357229664,-0.0508797361788803,0.5116656403714944,1.0,2.0,-0.7663230583428943,0.6270874855992962,0.5973517574344392,0.5096153846153847,0.4636363636363636,0.3909090909090909,0.6203703703703703,0.8820514085829272,-1.363616343625612,0.5151515151515151,0.3235294117647059,9,14,0.3333333333333333,0.5142857142857142,0.1,1.0,-1,2,1.607796311378479,0.9167239665985107
0.9130434782608745,0.937396449704142,0.553191489361702,0.8433734939759037,0.0241545893719806,0.3280918949906568,0.1971008165607045,0.9583333333333331,0.0833333333333333,0.7441860465116279,0.3478260869565217,0.3478260869565217,0.4782608695652174,-0.8580424610625297,0.3587287089103113,-0.3932256955276284,0.4168381450064988,2.0,0.0,1.232742377129445,-1.3407611234046146,-1.04774276950764,0.4423076923076923,0.4636363636363636,0.5454545454545454,0.5092592592592592,-1.181382724991769,-0.3469924420563787,0.4545454545454546,0.3529411764705882,9,15,0.5,0.3428571428571428,0.1,1.0,1,2,1.301285982131958,1.0335437059402466
0.9130434782608745,0.9375147928994084,0.553191489361702,0.0963855421686747,0.0241545893719806,0.3280918949906568,0.1971008165607045,0.0416666666666666,0.7916666666666666,0.1627906976744186,0.7233201581027667,0.6086956521739131,0.7391304347826086,-0.4611331099268272,-0.134981882415125,-0.7694386475047404,-1.5521240335978803,1.0,2.0,-0.0214649219672212,-0.5186488843484226,-0.2844176680916885,0.4230769230769231,0.3999999999999999,0.4909090909090909,0.5,-0.8374770360626529,-0.8553043928409952,0.3636363636363636,0.2647058823529412,10,16,0.5555555555555556,0.4571428571428571,0.1333333333333333,1.0,-1,2,1.4666597843170166,0.9812268614768982
0.9130434782608745,0.9375147928994084,0.553191489361702,0.2289156626506024,0.0241545893719806,0.3280918949906568,0.1971008165607045,0.0625,0.4791666666666666,0.9108527131782944,0.4703557312252964,0.8260869565217391,0.1739130434782608,-1.5869533059165084,-1.2839238584038808,-0.1417609654624038,1.5761674031474842,3.0,1.0,0.7014359634020871,-0.4447833217673027,-0.9497427944244294,0.2788461538461538,0.4636363636363636,0.5818181818181818,0.3611111111111111,-2.9868875918696283,1.0085060933692656,0.1818181818181818,0.5294117647058824,11,12,0.6944444444444444,0.2285714285714285,0.1333333333333333,1.0,1,2,1.3437026739120483,1.0855374336242676
0.9130434782608745,0.9375147928994084,0.553191489361702,0.4698795180722891,0.0241545893719806,0.3280918949906568,0.1971008165607045,0.3333333333333333,0.6875,0.3178294573643411,0.0039525691699604,0.2608695652173913,0.0869565217391304,-0.39366830291844,0.7847909113830703,0.1200616396512995,0.1292000740789988,1.0,2.0,2.314586419489774,-0.2022596317693716,-1.7062745476298782,0.4519230769230769,0.5727272727272728,0.3727272727272727,0.3333333333333333,0.5381457196538111,2.279285970330807,0.4848484848484848,0.6470588235294118,11,8,0.3888888888888888,0.2571428571428571,0.1333333333333333,1.0,-1,0,1.1690034866333008,1.2192212343215942
0.9130434782608745,0.9375147928994084,0.553191489361702,0.5301204819277109,0.0241545893719806,0.3280918949906568,0.1971008165607045,0.4583333333333333,0.3541666666666666,0.5542635658914729,0.7312252964426877,0.6956521739130435,0.782608695652174,-0.0676047049770399,-1.7675376385134047,-0.04302698182486,1.1144204633044654,1.0,0.0,-1.4379251847504722,2.130720321626321,2.532148619289978,0.3076923076923077,0.3090909090909091,0.3636363636363636,0.5185185185185185,-0.665524191598095,-1.871928294410229,0.3333333333333333,0.2058823529411764,10,13,0.4722222222222222,0.6571428571428571,0.1333333333333333,1.0,1,2,1.746477484703064,0.8984948992729187
0.9130434782608745,0.9375147928994084,0.553191489361702,0.2409638554216867,0.0241545893719806,0.3280918949906568,0.1971008165607045,0.5833333333333333,0.1666666666666666,0.8178294573643411,0.075098814229249,0.0,0.0434782608695652,0.0287208256649579,-0.4177395951179921,0.3124269791225654,0.1076684920328081,0.0,1.0,0.8846941631735368,-0.5186488843484226,-1.0658787113544044,0.6153846153846154,0.5636363636363636,0.3636363636363636,0.2962962962962963,2.085721319834833,2.533441945723115,0.6363636363636364,0.6764705882352942,15,11,0.1944444444444444,0.1428571428571428,0.1333333333333333,1.0,-1,2,1.6351667642593384,1.0889986753463745
0.9130434782608745,0.9378698224852072,0.5744680851063829,0.8072289156626506,0.0241545893719806,0.3280918949906568,0.1971008165607045,0.0833333333333333,0.0416666666666666,0.3488372093023256,0.1620553359683794,0.5652173913043479,0.6521739130434783,0.3460976105654633,-0.4155098500459399,0.3818639450231136,-0.7119003169962296,1.0,0.0,-0.1046950286363355,-0.8959965969805078,-0.0093796737347103,0.4903846153846154,0.409090909090909,0.5181818181818182,0.5185185185185185,-0.4935713471335369,-0.940023051305098,0.3636363636363636,0.3529411764705882,15,10,0.3611111111111111,0.6,0.2333333333333333,1.0,1,2,1.5249592065811157,0.9409195780754089
0.9130434782608745,0.9378698224852072,0.5744680851063829,0.746987951807229,0.0241545893719806,0.3280918949906568,0.1971008165607045,0.1666666666666666,0.9375,0.0736434108527131,0.5138339920948616,0.0,0.217391304347826,-0.4541876408776822,0.3605274552812751,0.0665138130111448,-0.0074242863746937,2.0,1.0,-1.6827667100995003,3.529669375462008,3.5603814738807045,0.6057692307692308,0.4909090909090909,0.2909090909090909,0.4166666666666666,2.687556275460786,0.7543501179769573,0.7272727272727273,0.5,11,9,0.1388888888888889,0.3714285714285714,0.2333333333333333,1.0,1,2,1.8440852165222168,0.8749892115592957
0.9130434782608745,0.9378698224852072,0.5744680851063829,0.072289156626506,0.0241545893719806,0.3280918949906568,0.1971008165607045,0.3541666666666666,0.9583333333333331,0.7286821705426356,0.7470355731225296,0.782608695652174,0.3913043478260869,-1.7793240560060717,-0.8071011481345225,1.0933913347543394,-0.343060681303428,1.0,2.0,1.888210804695751,-0.7182083572767156,-1.4821199994840062,0.3269230769230769,0.4363636363636363,0.5181818181818182,0.5555555555555556,-1.95517052508228,-1.0247417097692009,0.2121212121212121,0.4705882352941176,13,9,0.6666666666666666,0.5142857142857142,0.2333333333333333,1.0,-1,0,1.170488715171814,1.1090071201324463
0.9130434782608745,0.9378698224852072,0.5744680851063829,0.036144578313253,0.0241545893719806,0.3280918949906568,0.1971008165607045,0.375,0.0625,0.8217054263565892,0.91699604743083,0.3043478260869565,0.8260869565217391,-0.9688498052699552,-1.5318060103280573,-0.0322304681947919,-0.0965243540998689,2.0,0.0,-1.330367383512685,2.618089850077587,1.5811292815705884,0.5,0.2909090909090909,0.4727272727272727,0.6018518518518519,0.022287186260137,-2.803833537515359,0.4848484848484848,0.2058823529411764,8,11,0.4444444444444444,0.7142857142857143,0.2333333333333333,1.0,1,2,1.755668044090271,0.9562961459159851
0.9130434782608745,0.9378698224852072,0.5744680851063829,0.5301204819277109,0.0241545893719806,0.3280918949906568,0.1971008165607045,0.4375,0.3958333333333333,0.8953488372093024,0.8735177865612648,0.1304347826086956,0.4347826086956522,0.8402238453407775,-1.547001298859998,0.115225467772681,-0.4362856828031928,2.0,2.0,-1.4379251847504722,3.153635172806568,1.8052455648484491,0.5865384615384616,0.4272727272727272,0.3636363636363636,0.4722222222222222,1.827792053137996,-0.3469924420563787,0.6363636363636364,0.4411764705882353,9,8,0.2222222222222222,0.4857142857142857,0.2333333333333333,1.0,0,2,1.7935905456542969,0.884834349155426
0.9130434782608745,0.9378698224852072,0.5744680851063829,0.4819277108433735,0.0241545893719806,0.3280918949906568,0.1971008165607045,0.4791666666666666,0.5833333333333333,0.4728682170542636,0.8221343873517786,0.1739130434782608,0.0434782608695652,-1.318192884478777,0.0644523946618481,1.5643688612841171,0.3487620591838878,3.0,0.0,0.7014359634020871,-0.6679609920828745,-0.906143943547518,0.5,0.5818181818181818,0.3818181818181818,0.3796296296296296,0.8820514085829272,1.940411336474396,0.5454545454545454,0.6176470588235294,12,15,0.25,0.2285714285714285,0.2333333333333333,1.0,1,2,1.4636034965515137,1.1138582229614258
0.9130434782608745,0.9378698224852072,0.5744680851063829,0.1325301204819277,0.0241545893719806,0.3280918949906568,0.1971008165607045,0.5416666666666666,0.2708333333333333,0.7674418604651163,0.7549407114624506,0.3478260869565217,0.4782608695652174,0.0898427059056469,0.3443182720335364,-0.0843337685133374,0.1195764613549228,0.0,3.0,0.8149795465785886,-0.2744290714194711,-1.074984291485304,0.5192307692307693,0.509090909090909,0.4909090909090909,0.4907407407407407,0.022287186260137,0.2460381671923406,0.4545454545454546,0.4117647058823529,10,13,0.5,0.3999999999999999,0.2333333333333333,1.0,-1,2,1.3447271585464478,1.065906047821045
0.9130434782608745,0.9378698224852072,0.5744680851063829,0.2048192771084337,0.0241545893719806,0.3280918949906568,0.1971008165607045,0.6458333333333333,0.3333333333333333,0.4224806201550387,0.3201581027667984,0.6086956521739131,0.2608695652173913,-2.071051138626208,-0.3258926954665594,0.4785870965164475,0.160166846399134,0.0,1.0,-0.0049790469337583,-0.2022596317693716,-0.3937853734224945,0.5096153846153847,0.4363636363636363,0.6181818181818182,0.3981481481481481,-1.267359147224048,0.4154754841205461,0.3636363636363636,0.4705882352941176,14,11,0.5,0.4285714285714285,0.2333333333333333,1.0,-1,2,1.4074184894561768,1.0652936697006226
0.9130434782608745,0.9378698224852072,0.5744680851063829,0.0,0.0241545893719806,0.3280918949906568,0.1971008165607045,0.6875,0.4583333333333333,0.003875968992248,0.541501976284585,0.0869565217391304,0.6956521739130435,0.752995796952637,-0.0149275806616743,0.0884758237563281,0.0002745635450137,0.0,1.0,-1.245909237057441,2.0343391859347784,1.4355486652992695,0.625,0.3,0.3363636363636363,0.3703703703703703,2.429627008763949,-0.6011484174486871,0.696969696969697,0.3529411764705882,8,10,0.25,0.4857142857142857,0.2333333333333333,1.0,-1,2,1.7525604963302612,0.9324541091918945
0.9130434782608745,0.9378698224852072,0.5744680851063829,0.710843373493976,0.0241545893719806,0.3280918949906568,0.1971008165607045,0.7916666666666666,0.3125,0.7209302325581395,0.150197628458498,0.7391304347826086,0.5217391304347826,-0.1734986590812355,-2.8984790519195265,-1.6264589190656924,0.6621332339324307,5.0,1.0,-1.4162332303801906,2.781647378435956,1.876683705377569,0.4423076923076923,0.4454545454545454,0.5,0.5462962962962963,-0.7515006138303739,-0.8553043928409952,0.303030303030303,0.3823529411764705,16,12,0.4444444444444444,0.4857142857142857,0.2333333333333333,1.0,1,2,1.7339595556259155,0.9092953205108643
0.9565217391304373,0.9510059171597632,0.0,0.4698795180722891,0.217391304347826,0.3280918949906568,0.1971008165607045,0.3333333333333333,0.9791666666666666,0.1627906976744186,0.1620553359683794,0.6521739130434783,0.0,-0.118390040327465,0.3358547684095887,0.1200616396512995,2.5893815264237306e-15,2.0,1.0,-1.0005375515276804,0.4708846155948588,1.4397987176886575,0.0,0.0,0.0,0.0,0.022287186260137,-0.0081178081999676,0.0,0.0,0,0,0.0,0.0,0.9333333333333332,0.1818181818181818,1,2,1.5861951112747192,0.9548449516296387
0.9565217391304373,0.9510059171597632,0.0,0.4819277108433735,0.217391304347826,0.3280918949906568,0.1971008165607045,0.4791666666666666,0.4583333333333333,0.1627906976744186,0.1620553359683794,0.4347826086956522,0.4782608695652174,-1.078049071548003,0.210082142657913,1.5643688612841171,0.0002745635450137,2.0,0.0,0.5114177999890718,-1.1816205106413085,-0.5688747315300076,0.0,0.0,0.0,0.0,0.022287186260137,-0.0081178081999676,0.0,0.0,0,0,0.0,0.0,0.9333333333333332,0.1818181818181818,1,2,1.390946865081787,1.0196598768234253
0.9565217391304373,0.9510059171597632,0.0,0.1325301204819277,0.217391304347826,0.3280918949906568,0.1971008165607045,0.5416666666666666,0.0833333333333333,0.1627906976744186,0.1620553359683794,0.3913043478260869,0.8260869565217391,0.3506145339920318,0.5692739357342534,-0.0843337685133374,0.4168381450064988,2.0,1.0,0.8289981444848291,-1.076854081981862,-0.8631150286287937,0.0,0.0,0.0,0.0,0.022287186260137,-0.0081178081999676,0.0,0.0,0,0,0.0,0.0,0.9333333333333332,0.1818181818181818,1,2,1.3862956762313843,1.025776982307434
0.9565217391304373,0.9510059171597632,0.0,0.2048192771084337,0.217391304347826,0.3280918949906568,0.1971008165607045,0.6458333333333333,0.3958333333333333,0.1627906976744186,0.1620553359683794,0.3043478260869565,0.5652173913043479,-1.7632798785216468,-1.2162193706499311,0.4785870965164475,-0.4362856828031928,2.0,0.0,0.0928434784697544,-0.7940341808724144,-0.2915968751214122,0.0,0.0,0.0,0.0,0.022287186260137,-0.0081178081999676,0.0,0.0,0,0,0.0,0.0,0.9333333333333332,0.1818181818181818,1,2,1.3891971111297607,0.9939143657684326
0.9565217391304373,0.9510059171597632,0.0,0.3012048192771084,0.217391304347826,0.3280918949906568,0.1971008165607045,0.9375,0.8958333333333333,0.1627906976744186,0.1620553359683794,0.0869565217391304,0.1304347826086956,0.5441763301538312,-0.1864707488911352,-0.0508797361788803,0.588057583961006,0.0,0.0,-0.6717913868051741,-0.2022596317693716,0.7994883966076645,0.0,0.0,0.0,0.0,0.022287186260137,-0.0081178081999676,0.0,0.0,0,0,0.0,0.0,0.9333333333333332,0.1818181818181818,0,2,1.4998645782470703,0.914534330368042
0.9565217391304373,0.9511242603550296,0.0,0.5301204819277109,0.217391304347826,0.3280918949906568,0.1971008165607045,0.4375,0.5833333333333333,0.1627906976744186,0.1620553359683794,0.5217391304347826,0.3478260869565217,1.029828274912843,0.2818116970027293,0.115225467772681,0.3487620591838878,1.0,1.0,-0.5973954145480654,0.0347766233480473,0.4800790195232833,0.0,0.0,0.0,0.0,0.022287186260137,-0.0081178081999676,0.0,0.0,0,0,0.0,0.0,0.9666666666666668,0.1818181818181818,0,2,1.5015544891357422,0.9150778651237488
0.9565217391304373,0.9511242603550296,0.0,0.0,0.217391304347826,0.3280918949906568,0.1971008165607045,0.6875,0.1666666666666666,0.1627906976744186,0.1620553359683794,0.2608695652173913,0.782608695652174,0.9207047460761107,-0.2993886497602729,0.0884758237563281,0.1076684920328081,0.0,0.0,-0.8238860209011809,0.3351174167375081,0.9605806080884938,0.0,0.0,0.0,0.0,0.022287186260137,-0.0081178081999676,0.0,0.0,0,0,0.0,0.0,0.9666666666666668,0.1818181818181818,0,2,1.5529606342315674,0.9218185544013977
0.9565217391304373,0.9511242603550296,0.0,0.8433734939759037,0.217391304347826,0.3280918949906568,0.1971008165607045,0.9583333333333331,0.8541666666666666,0.1627906976744186,0.1620553359683794,0.0434782608695652,0.1739130434782608,-0.63918954301432,0.480650325817349,-0.3932256955276284,-0.5263477305420222,2.0,1.0,0.3141217902142328,-0.9473523643270856,-0.4687695980760509,0.0,0.0,0.0,0.0,0.022287186260137,-0.0081178081999676,0.0,0.0,0,0,0.0,0.0,0.9666666666666668,0.1818181818181818,1,2,1.4983127117156982,1.0250897407531738
0.9565217391304373,0.9512426035502956,0.0,0.036144578313253,0.217391304347826,0.3280918949906568,0.1971008165607045,0.375,0.2708333333333333,0.1627906976744186,0.1620553359683794,0.6086956521739131,0.6956521739130435,-0.8370467156837766,0.5426619499587361,-0.0322304681947919,0.1195764613549228,1.0,1.0,-0.5422950866216237,0.0581879304310744,0.3761230604244869,0.0,0.0,0.0,0.0,0.022287186260137,-0.0081178081999676,0.0,0.0,0,0,0.0,0.0,1.0,0.1818181818181818,0,2,1.5299320220947266,0.9285135865211487
0.9565217391304373,0.9513609467455622,0.0,0.710843373493976,0.217391304347826,0.3280918949906568,0.1971008165607045,0.7916666666666666,0.2291666666666666,0.1627906976744186,0.1620553359683794,0.217391304347826,0.7391304347826086,0.0761264272117287,-0.4700334768130137,-1.6264589190656924,1.2097851849199468,2.0,2.0,-0.292676569137816,-0.3228197143115979,0.0623938661444445,0.0,0.0,0.0,0.0,0.022287186260137,-0.0081178081999676,0.0,0.0,0,0,0.0,0.0,0.0,0.2727272727272727,0,2,1.5253328084945679,0.9258627891540527
0.9565217391304373,0.9518343195266272,0.0212765957446808,0.4819277108433735,0.217391304347826,0.3280918949906568,0.1971008165607045,0.2291666666666666,0.5416666666666666,0.1627906976744186,0.1620553359683794,0.4347826086956522,0.0869565217391304,-0.4959928987931539,0.3951480158169236,1.1906624519596425,-0.0402226603643458,2.0,0.0,-0.0545957856764702,-0.6679609920828745,-0.1371620867983627,0.0192307692307692,0.0181818181818181,0.0181818181818181,0.0092592592592592,0.022287186260137,0.076600850264135,0.0,0.0294117647058823,1,0,0.0,0.0,0.1333333333333333,0.2727272727272727,1,2,1.4735077619552612,1.0841596126556396
0.9565217391304373,0.9518343195266272,0.0212765957446808,0.9759036144578314,0.217391304347826,0.3280918949906568,0.1971008165607045,0.2708333333333333,0.9583333333333331,0.1627906976744186,0.1620553359683794,0.4782608695652174,0.3043478260869565,0.520080028949893,-0.595696106849868,0.0786598294833466,-0.343060681303428,3.0,0.0,-1.0005375515276804,0.9756121173673628,1.1791552515840815,0.0096153846153846,0.0181818181818181,0.009090909090909,0.0092592592592592,0.022287186260137,0.076600850264135,0.0,0.0294117647058823,1,0,0.0,0.0,0.1333333333333333,0.2727272727272727,1,2,1.6548683643341064,0.916704535484314
0.9565217391304373,0.9519526627218936,0.0212765957446808,0.8072289156626506,0.217391304347826,0.3280918949906568,0.1971008165607045,0.0833333333333333,0.9375,0.1627906976744186,0.1620553359683794,0.5217391304347826,0.1739130434782608,0.5572198294931835,0.5926589096435874,0.3818639450231136,-0.0074242863746937,0.0,0.0,-0.2235234294713002,-0.9989611167699352,0.2627090545002114,0.0096153846153846,0.0,0.0181818181818181,0.0,-0.0636892359721419,-0.0081178081999676,0.0,0.0,0,1,0.0277777777777777,0.0,0.1666666666666666,0.2727272727272727,0,2,1.4706275463104248,0.9241693615913391
0.9565217391304373,0.9519526627218936,0.0212765957446808,0.746987951807229,0.217391304347826,0.3280918949906568,0.1971008165607045,0.1666666666666666,0.6458333333333333,0.1627906976744186,0.1620553359683794,0.5652173913043479,0.1304347826086956,-0.3344658900304375,-1.7312652925687604,0.0665138130111448,0.5116656403714944,2.0,0.0,-1.3731214176949431,2.245219336276026,2.141015704377995,0.0,0.0181818181818181,0.0,0.0,0.022287186260137,0.1613195087282378,0.0,0.0294117647058823,1,0,0.0,0.0,0.1666666666666666,0.2727272727272727,1,2,1.6552034616470337,0.8849044442176819
0.9565217391304373,0.9519526627218936,0.0212765957446808,0.5903614457831325,0.217391304347826,0.3280918949906568,0.1971008165607045,0.3958333333333333,0.4375,0.1627906976744186,0.1620553359683794,0.6086956521739131,0.217391304347826,-1.2184442035373833,1.0647147402498234,-0.4883143183824354,0.1554254576072724,1.0,2.0,3.4746662659614547,-0.3228197143115979,-1.923135056871948,0.0,0.009090909090909,0.0181818181818181,0.0092592592592592,-0.1496656582044209,-0.0081178081999676,0.0,0.0,0,1,0.0277777777777777,0.0,0.1666666666666666,0.2727272727272727,-1,2,1.173363447189331,1.1362946033477783
0.9565217391304373,0.9519526627218936,0.0212765957446808,0.5301204819277109,0.217391304347826,0.3280918949906568,0.1971008165607045,0.4583333333333333,0.7916666666666666,0.1627906976744186,0.1620553359683794,0.6521739130434783,0.3913043478260869,0.1744883610500086,0.1218829358124184,-0.04302698182486,-1.5521240335978803,2.0,1.0,-0.5240584957145404,-0.2262609150274557,0.474389017901951,0.0,0.0181818181818181,0.0181818181818181,0.0185185185185185,-0.1496656582044209,-0.0081178081999676,0.0,0.0,0,1,0.0277777777777777,0.0,0.1666666666666666,0.2727272727272727,1,2,1.4854023456573486,0.9191702008247375
0.9565217391304373,0.9519526627218936,0.0212765957446808,0.2409638554216867,0.217391304347826,0.3280918949906568,0.1971008165607045,0.5833333333333333,0.3333333333333333,0.1627906976744186,0.1620553359683794,0.6956521739130435,0.0,0.2669748085770165,-0.0518213913530451,0.3124269791225654,0.160166846399134,3.0,0.0,-0.9212770412297816,0.4708846155948588,1.1699477907042086,0.0096153846153846,0.0181818181818181,0.009090909090909,0.0092592592592592,0.022287186260137,0.076600850264135,0.0,0.0294117647058823,1,0,0.0,0.0,0.1666666666666666,0.2727272727272727,1,2,1.5763384103775024,0.9543731808662415
0.9565217391304373,0.9519526627218936,0.0212765957446808,0.1686746987951807,0.217391304347826,0.3280918949906568,0.1971008165607045,0.8958333333333333,0.6875,0.1627906976744186,0.1620553359683794,0.7391304347826086,0.2608695652173913,-0.2257006908115363,0.9607005593235278,0.55650615895966,0.1292000740789988,1.0,2.0,1.4482255365281251,-1.1816205106413085,-1.1862624414036402,0.0,0.0,0.0,0.0,0.022287186260137,-0.0081178081999676,0.0,0.0,1,1,0.0,0.0,0.1666666666666666,0.2727272727272727,-1,2,1.3842694759368896,1.0612736940383911
0.9565217391304373,0.9519526627218936,0.0212765957446808,0.5301204819277109,0.217391304347826,0.3280918949906568,0.1971008165607045,0.9791666666666666,0.4791666666666666,0.1627906976744186,0.1620553359683794,0.782608695652174,0.0434782608695652,0.3379507302769394,-1.0339654568258756,2.641144751217104e-15,1.5761674031474842,1.0,1.0,0.3295695725582772,-1.1553305205341426,-0.4012073948720659,0.0096153846153846,0.0181818181818181,0.0181818181818181,0.0,-0.0636892359721419,0.1613195087282378,0.0,0.0294117647058823,0,0,0.0277777777777777,0.0,0.1666666666666666,0.2727272727272727,0,2,1.3987151384353638,1.0819505453109741
0.9565217391304373,0.9520710059171598,0.0212765957446808,0.8674698795180723,0.217391304347826,0.3280918949906568,0.1971008165607045,0.8541666666666666,0.375,0.1627906976744186,0.1620553359683794,0.8260869565217391,0.3478260869565217,0.4239586723114423,-0.791381768859776,-0.580176758212922,0.0108594786393483,2.0,2.0,-0.0545957856764702,-0.7940341808724144,-0.0962713110378267,0.0096153846153846,0.009090909090909,0.0181818181818181,0.0092592592592592,-0.0636892359721419,-0.0081178081999676,0.0,0.0,0,1,0.0277777777777777,0.0,0.2,0.2727272727272727,0,2,1.4938631057739258,1.033355712890625
0.9565217391304373,0.9526627218934912,0.0425531914893616,0.2048192771084337,0.217391304347826,0.3280918949906568,0.1971008165607045,0.6458333333333333,0.2291666666666666,0.1627906976744186,0.1620553359683794,0.0434782608695652,0.2608695652173913,-1.7453088836412174,-0.4697663311956089,0.4785870965164475,1.2097851849199468,2.0,1.0,0.2204495450779915,-0.8959965969805078,-0.3937853734224945,0.0192307692307692,0.0363636363636363,0.0181818181818181,0.0185185185185185,0.022287186260137,0.1613195087282378,0.0303030303030303,0.0294117647058823,0,1,0.0277777777777777,0.0,0.3666666666666667,0.2727272727272727,1,2,1.466098427772522,1.001083254814148
0.9565217391304373,0.9526627218934912,0.0425531914893616,0.0,0.217391304347826,0.3280918949906568,0.1971008165607045,0.6875,0.2708333333333333,0.1627906976744186,0.1620553359683794,0.5217391304347826,0.3913043478260869,0.9296961621256236,0.5518509269541616,0.0884758237563281,0.1195764613549228,2.0,0.0,-0.6530914332367731,-0.035772838942667,0.6732749117852856,0.0192307692307692,0.0363636363636363,0.009090909090909,0.0092592592592592,0.108263608492416,0.2460381671923406,0.0303030303030303,0.0294117647058823,1,1,0.0,0.0,0.3666666666666667,0.2727272727272727,1,2,1.5004550218582153,0.9259445667266846
0.9565217391304373,0.9526627218934912,0.0425531914893616,0.710843373493976,0.217391304347826,0.3280918949906568,0.1971008165607045,0.7916666666666666,0.1666666666666666,0.1627906976744186,0.1620553359683794,0.217391304347826,0.5652173913043479,0.0873280253682002,-0.2952371621029473,-1.6264589190656924,0.1076684920328081,1.0,0.0,1.2197817877739063,-0.97312496172793,-1.1208938936809043,0.0288461538461538,0.0181818181818181,0.0363636363636363,0.0,-0.0636892359721419,0.1613195087282378,0.0,0.0294117647058823,1,1,0.0277777777777777,0.0,0.3666666666666667,0.2727272727272727,1,2,1.360660433769226,1.053560495376587
0.9565217391304373,0.9527810650887574,0.0425531914893616,0.036144578313253,0.217391304347826,0.3280918949906568,0.1971008165607045,0.375,0.9791666666666666,0.1627906976744186,0.1620553359683794,0.3478260869565217,0.6956521739130435,-0.8287411220028952,0.3358547684095887,-0.0322304681947919,2.5893815264237306e-15,1.0,1.0,-1.1628133783213062,1.312914669493756,1.5689001710898536,0.0288461538461538,0.0181818181818181,0.0272727272727272,0.0277777777777777,0.022287186260137,-0.0928364666640704,0.0,0.0,2,1,0.0,0.0285714285714285,0.4,0.2727272727272727,0,2,1.6569381952285767,0.9262620210647583
0.9565217391304373,0.9527810650887574,0.0425531914893616,0.5301204819277109,0.217391304347826,0.3280918949906568,0.1971008165607045,0.4583333333333333,0.8541666666666666,0.1627906976744186,0.1620553359683794,0.8260869565217391,0.7391304347826086,0.1800122692303777,0.4696518385494672,-0.04302698182486,-0.5263477305420222,1.0,0.0,-0.5973954145480654,-0.4447833217673027,0.7105897337793636,0.0192307692307692,0.0272727272727272,0.0272727272727272,0.037037037037037,-0.0636892359721419,-0.0928364666640704,0.0303030303030303,0.0,0,1,0.0277777777777777,0.0285714285714285,0.4,0.2727272727272727,1,2,1.509875774383545,0.9286337494850159
0.9565217391304373,0.9527810650887574,0.0425531914893616,0.1325301204819277,0.217391304347826,0.3280918949906568,0.1971008165607045,0.5416666666666666,0.4375,0.1627906976744186,0.1620553359683794,0.1304347826086956,0.3043478260869565,0.3677911249118485,1.069820392837589,-0.0843337685133374,0.1554254576072724,0.0,2.0,2.871008309968897,-0.0593952966622821,-1.8530969865950184,0.0192307692307692,0.0272727272727272,0.0272727272727272,0.0185185185185185,-0.0636892359721419,0.076600850264135,0.0303030303030303,0.0294117647058823,0,1,0.0277777777777777,0.0,0.4,0.2727272727272727,-1,2,1.1870681047439575,1.1444140672683716
0.9565217391304373,0.9527810650887574,0.0425531914893616,0.3012048192771084,0.217391304347826,0.3280918949906568,0.1971008165607045,0.9375,0.3333333333333333,0.1627906976744186,0.1620553359683794,0.4782608695652174,0.0869565217391304,0.5594265244970607,-0.0417110028557476,-0.0508797361788803,0.160166846399134,1.0,1.0,-0.4338314688449361,-0.7686978793825137,0.5252483748656652,0.0,0.0181818181818181,0.0,0.037037037037037,0.022287186260137,-0.1775551251281732,0.0,0.0294117647058823,2,0,0.0,0.0285714285714285,0.4,0.2727272727272727,0,2,1.4863431453704834,0.9442713856697083
0.9565217391304373,0.9527810650887574,0.0425531914893616,0.8433734939759037,0.217391304347826,0.3280918949906568,0.1971008165607045,0.9583333333333331,0.8958333333333333,0.1627906976744186,0.1620553359683794,0.1739130434782608,0.6086956521739131,-0.625727970953067,-0.1906279065145921,-0.3932256955276284,0.588057583961006,3.0,1.0,-0.3276043744598828,-0.2503173103505782,0.1008933122550985,0.0192307692307692,0.009090909090909,0.0363636363636363,0.0185185185185185,-0.1496656582044209,-0.0928364666640704,0.0303030303030303,0.0,0,1,0.0277777777777777,0.0285714285714285,0.4,0.2727272727272727,1,2,1.521486520767212,0.9254933595657349
0.9565217391304373,0.952899408284024,0.0425531914893616,0.8072289156626506,0.217391304347826,0.3280918949906568,0.1971008165607045,0.0833333333333333,0.3958333333333333,0.1627906976744186,0.1620553359683794,0.6521739130434783,0.782608695652174,0.5631007765366599,-1.1914063158546873,0.3818639450231136,-0.4362856828031928,2.0,2.0,-1.040629828196984,0.8027990351723963,1.3927435742080732,0.0096153846153846,0.009090909090909,0.0181818181818181,0.037037037037037,-0.0636892359721419,-0.262273783592276,0.0,0.0,1,0,0.0277777777777777,0.0571428571428571,0.4333333333333333,0.2727272727272727,0,2,1.672166109085083,0.9224419593811035
0.9565217391304373,0.952899408284024,0.0425531914893616,0.4819277108433735,0.217391304347826,0.3280918949906568,0.1971008165607045,0.4791666666666666,0.5833333333333333,0.1627906976744186,0.1620553359683794,0.0,0.4347826086956522,-1.0612216036590192,0.2961992603866635,1.5643688612841171,0.3487620591838878,0.0,0.0,1.258566148250302,-0.8959965969805078,-1.1580882455624903,0.0288461538461538,0.0363636363636363,0.009090909090909,0.0092592592592592,0.194240030724695,0.2460381671923406,0.0303030303030303,0.0294117647058823,1,1,0.0,0.0,0.4333333333333333,0.2727272727272727,0,2,1.4598562717437744,1.0700761079788208
0.9565217391304373,0.9531360946745564,0.0638297872340425,0.746987951807229,0.217391304347826,0.3280918949906568,0.1971008165607045,0.1666666666666666,0.9375,0.1627906976744186,0.1620553359683794,0.1739130434782608,0.5652173913043479,-0.3290363211161659,0.5977491467648406,0.0665138130111448,-0.0074242863746937,2.0,2.0,-0.5240584957145404,-0.4202767478793102,0.5420283523333995,0.0192307692307692,0.009090909090909,0.009090909090909,0.0092592592592592,0.108263608492416,-0.0081178081999676,0.0303030303030303,0.0,1,3,0.0277777777777777,0.0,0.5,0.2727272727272727,0,2,1.4743999242782593,0.9142749309539795
0.9565217391304373,0.9531360946745564,0.0638297872340425,0.4819277108433735,0.217391304347826,0.3280918949906568,0.1971008165607045,0.2291666666666666,0.9583333333333331,0.1627906976744186,0.1620553359683794,0.0869565217391304,0.4782608695652174,-0.4963564970460579,-0.5890914810394079,1.1906624519596425,-0.343060681303428,2.0,1.0,0.1410669028165541,-0.7182083572767156,-0.3642635152827687,0.048076923076923,0.0454545454545454,0.0363636363636363,0.0462962962962962,0.108263608492416,-0.0081178081999676,0.0303030303030303,0.0588235294117647,1,0,0.0277777777777777,0.0285714285714285,0.5,0.2727272727272727,1,2,1.4390413761138916,1.006833553314209
0.9565217391304373,0.9531360946745564,0.0638297872340425,0.9759036144578314,0.217391304347826,0.3280918949906568,0.1971008165607045,0.2708333333333333,0.4583333333333333,0.1627906976744186,0.1620553359683794,0.0,0.3913043478260869,0.5291455782988993,0.2178124732303873,0.0786598294833466,0.0002745635450137,0.0,2.0,0.0928434784697544,-1.1029476336029211,-0.1371620867983627,0.0384615384615384,0.0272727272727272,0.0272727272727272,0.0277777777777777,0.108263608492416,-0.0081178081999676,0.0303030303030303,0.0588235294117647,1,0,0.0277777777777777,0.0285714285714285,0.5,0.2727272727272727,-1,2,1.5496699810028076,1.0140197277069092
0.9565217391304373,0.9531360946745564,0.0638297872340425,0.2409638554216867,0.217391304347826,0.3280918949906568,0.1971008165607045,0.5833333333333333,0.6875,0.1627906976744186,0.1620553359683794,0.0434782608695652,0.2608695652173913,0.2758146451420582,0.964909986341432,0.3124269791225654,0.1292000740789988,0.0,1.0,0.926074558752344,-1.2874452039608613,-0.8631150286287937,0.0384615384615384,0.0363636363636363,0.009090909090909,0.0092592592592592,0.280216452956974,0.2460381671923406,0.0303030303030303,0.0588235294117647,2,1,0.0,0.0,0.5,0.2727272727272727,-1,2,1.4048129320144653,1.0379732847213745
0.9565217391304373,0.9531360946745564,0.0638297872340425,0.1686746987951807,0.217391304347826,0.3280918949906568,0.1971008165607045,0.8958333333333333,0.7916666666666666,0.1627906976744186,0.1620553359683794,0.782608695652174,0.6086956521739131,-0.2254976565155046,0.1284850194473208,0.55650615895966,-1.5521240335978803,0.0,1.0,0.3756369276637238,-0.6679609920828745,-0.6002989808650601,0.0192307692307692,0.0363636363636363,0.0454545454545454,0.037037037037037,-0.2356420804366999,-0.0081178081999676,0.0,0.0294117647058823,1,1,0.0555555555555555,0.0285714285714285,0.5,0.2727272727272727,-1,2,1.3569997549057007,1.0319747924804688
0.9565217391304373,0.9531360946745564,0.0638297872340425,0.5301204819277109,0.217391304347826,0.3280918949906568,0.1971008165607045,0.9791666666666666,0.5416666666666666,0.1627906976744186,0.1620553359683794,0.6956521739130435,0.3478260869565217,0.3379507302769394,0.403665132834483,2.641144751217104e-15,-0.0402226603643458,4.0,1.0,1.2197817877739063,-1.1553305205341426,-1.0841151298458631,0.0288461538461538,0.0181818181818181,0.0363636363636363,0.0462962962962962,-0.0636892359721419,-0.262273783592276,0.0,0.0294117647058823,2,0,0.0277777777777777,0.0571428571428571,0.5,0.2727272727272727,1,2,1.3670642375946045,1.063423752784729
0.9565217391304373,0.9532544378698224,0.0638297872340425,0.5903614457831325,0.217391304347826,0.3280918949906568,0.1971008165607045,0.3958333333333333,0.4791666666666666,0.1627906976744186,0.1620553359683794,0.8260869565217391,0.1304347826086956,-1.2039535076658767,-1.0265538789309934,-0.4883143183824354,1.5761674031474842,2.0,1.0,0.3449711731223855,-1.0248611437064463,-0.4839736210344957,0.0288461538461538,0.0272727272727272,0.0545454545454545,0.0092592592592592,-0.2356420804366999,0.1613195087282378,0.0,0.0294117647058823,1,2,0.0555555555555555,0.0,0.5333333333333333,0.2727272727272727,1,2,1.3705520629882812,1.0505942106246948
0.9565217391304373,0.9532544378698224,0.0638297872340425,0.5301204819277109,0.217391304347826,0.3280918949906568,0.1971008165607045,0.4375,0.6458333333333333,0.1627906976744186,0.1620553359683794,0.217391304347826,0.3043478260869565,1.0438027296628305,-1.7186097893942225,0.115225467772681,0.5116656403714944,6.0,0.0,-1.7980250195558034,5.301753107892447,3.725651685765375,0.048076923076923,0.0363636363636363,0.0181818181818181,0.0277777777777777,0.280216452956974,0.076600850264135,0.0606060606060606,0.0588235294117647,1,0,0.0,0.0285714285714285,0.5333333333333333,0.2727272727272727,1,2,1.7283239364624023,0.8631330132484436
0.9565217391304373,0.9532544378698224,0.0638297872340425,0.8674698795180723,0.217391304347826,0.3280918949906568,0.1971008165607045,0.8541666666666666,0.0833333333333333,0.1627906976744186,0.1620553359683794,0.6521739130434783,0.7391304347826086,0.4257945432685522,0.5868527419937739,-0.580176758212922,0.4168381450064988,2.0,0.0,0.4815520261939213,-0.7940341808724144,-0.6721199780883574,0.0288461538461538,0.0272727272727272,0.0454545454545454,0.037037037037037,-0.1496656582044209,-0.0928364666640704,0.0,0.0,1,2,0.0555555555555555,0.0285714285714285,0.5333333333333333,0.2727272727272727,1,2,1.3581304550170898,1.014233946800232
0.9565217391304373,0.9533727810650884,0.0638297872340425,0.4698795180722891,0.217391304347826,0.3280918949906568,0.1971008165607045,0.3333333333333333,0.375,0.1627906976744186,0.1620553359683794,0.4347826086956522,0.5217391304347826,-0.092744841322358,-0.7874074481765182,0.1200616396512995,0.0108594786393483,3.0,0.0,0.2674985620448329,-0.9473523643270856,-0.4086461892657282,0.0288461538461538,0.0363636363636363,0.0454545454545454,0.037037037037037,-0.1496656582044209,-0.0081178081999676,0.0303030303030303,0.0,1,3,0.0277777777777777,0.0,0.5666666666666667,0.2727272727272727,1,2,1.356144905090332,1.0075478553771973
0.9565217391304373,0.953491124260355,0.0851063829787234,0.9759036144578314,0.217391304347826,0.3280918949906568,0.1971008165607045,0.2708333333333333,0.8958333333333333,0.1627906976744186,0.1620553359683794,0.3478260869565217,0.8260869565217391,0.5308338880794372,-0.1932040084924635,0.0786598294833466,0.588057583961006,2.0,1.0,-0.7093961636354963,0.0347766233480473,0.742240603776694,0.0384615384615384,0.0181818181818181,0.0454545454545454,0.0555555555555555,-0.0636892359721419,-0.3469924420563787,0.0303030303030303,0.0,1,1,0.0555555555555555,0.0857142857142857,0.6,0.2727272727272727,1,2,1.528211236000061,0.9193508625030518
0.9565217391304373,0.953491124260355,0.0851063829787234,0.8433734939759037,0.217391304347826,0.3280918949906568,0.1971008165607045,0.9583333333333331,0.4375,0.1627906976744186,0.1620553359683794,0.1304347826086956,0.0,-0.6211877481796597,1.0723535425627209,-0.3932256955276284,0.1554254576072724,0.0,0.0,5.687700729579334,1.838875390043456,-2.405083705922173,0.0576923076923076,0.0999999999999999,0.0636363636363636,0.0185185185185185,-0.0636892359721419,0.7543501179769573,0.0606060606060606,0.088235294117647,0,1,0.0555555555555555,0.0,0.6,0.2727272727272727,0,0,1.1804144382476807,1.4633833169937134
0.9565217391304373,0.953609467455621,0.0851063829787234,0.8072289156626506,0.217391304347826,0.3280918949906568,0.1971008165607045,0.0833333333333333,0.1666666666666666,0.1627906976744186,0.1620553359683794,0.6521739130434783,0.3913043478260869,0.5670453223398526,-0.2931144710482023,0.3818639450231136,0.1076684920328081,1.0,0.0,0.1410669028165541,-0.4447833217673027,-0.4611938407198777,0.0288461538461538,0.0363636363636363,0.0545454545454545,0.0277777777777777,-0.2356420804366999,0.076600850264135,0.0,0.0294117647058823,2,2,0.0555555555555555,0.0285714285714285,0.6333333333333333,0.2727272727272727,1,2,1.3618371486663818,1.0181357860565186
0.9565217391304373,0.953609467455621,0.0851063829787234,0.5301204819277109,0.217391304347826,0.3280918949906568,0.1971008165607045,0.4583333333333333,0.3958333333333333,0.1627906976744186,0.1620553359683794,0.1739130434782608,0.782608695652174,0.185282992733626,-1.181996649305057,-0.04302698182486,-0.4362856828031928,1.0,1.0,-0.8238860209011809,0.0347766233480473,1.1000584323981322,0.048076923076923,0.0454545454545454,0.0272727272727272,0.0648148148148148,0.194240030724695,-0.1775551251281732,0.0909090909090909,0.0294117647058823,0,1,0.0277777777777777,0.0571428571428571,0.6333333333333333,0.2727272727272727,0,2,1.5962003469467163,0.9178624749183655
0.9565217391304373,0.953609467455621,0.0851063829787234,0.4819277108433735,0.217391304347826,0.3280918949906568,0.1971008165607045,0.4791666666666666,0.6875,0.1627906976744186,0.1620553359683794,0.2608695652173913,0.0434782608695652,-1.056479880746562,0.9677766910187072,1.5643688612841171,0.1292000740789988,1.0,2.0,2.5404000440348544,-0.6679609920828745,-1.6733026680881768,0.0384615384615384,0.0454545454545454,0.0272727272727272,0.0092592592592592,0.108263608492416,0.3307568256564434,0.0303030303030303,0.088235294117647,2,1,0.0277777777777777,0.0,0.6333333333333333,0.2727272727272727,-1,0,1.1746004819869995,1.1792747974395752
0.9565217391304373,0.953609467455621,0.0851063829787234,0.1325301204819277,0.217391304347826,0.3280918949906568,0.1971008165607045,0.5416666666666666,0.5833333333333333,0.1627906976744186,0.1620553359683794,0.5217391304347826,0.217391304347826,0.3743318480701831,0.3011866382345255,-0.0843337685133374,0.3487620591838878,1.0,1.0,1.7261173403931347,-1.3140692476668494,-1.281957120178588,0.0288461538461538,0.0363636363636363,0.0818181818181818,0.0185185185185185,-0.4935713471335369,0.1613195087282378,0.0303030303030303,0.0294117647058823,0,2,0.0833333333333333,0.0285714285714285,0.6333333333333333,0.2727272727272727,0,2,1.2543938159942627,1.0507636070251465
0.9565217391304373,0.953609467455621,0.0851063829787234,0.2048192771084337,0.217391304347826,0.3280918949906568,0.1971008165607045,0.6458333333333333,0.9791666666666666,0.1627906976744186,0.1620553359683794,0.0869565217391304,0.6956521739130435,-1.7370236314641383,0.3358547684095887,0.4785870965164475,2.5893815264237306e-15,2.0,2.0,0.3449711731223855,-1.0248611437064463,-0.4687695980760509,0.0384615384615384,0.0636363636363636,0.0818181818181818,0.0462962962962962,-0.4075949249012579,0.1613195087282378,0.0606060606060606,0.0294117647058823,0,2,0.0555555555555555,0.0285714285714285,0.6333333333333333,0.2727272727272727,0,2,1.3604260683059692,0.9947932958602905
0.9565217391304373,0.953609467455621,0.0851063829787234,0.3012048192771084,0.217391304347826,0.3280918949906568,0.1971008165607045,0.9375,0.8541666666666666,0.1627906976744186,0.1620553359683794,0.6086956521739131,0.7391304347826086,0.565273053026542,0.4643993612518875,-0.0508797361788803,-0.5263477305420222,2.0,1.0,0.3295695725582772,-1.3140692476668494,-0.3350040771310876,0.0288461538461538,0.0454545454545454,0.0272727272727272,0.0462962962962962,0.022287186260137,-0.0081178081999676,0.0,0.0294117647058823,4,1,0.0,0.0571428571428571,0.6333333333333333,0.2727272727272727,1,2,1.3184398412704468,0.9902534484863281
0.9565217391304373,0.9537278106508876,0.0851063829787234,0.710843373493976,0.217391304347826,0.3280918949906568,0.1971008165607045,0.7916666666666666,0.3333333333333333,0.1627906976744186,0.1620553359683794,0.4347826086956522,0.4782608695652174,0.0955593289025059,-0.0431882309847337,-1.6264589190656924,0.160166846399134,1.0,0.0,0.0766681698861375,-0.5433869255002135,-0.3496012856130612,0.048076923076923,0.0545454545454545,0.0363636363636363,0.0462962962962962,0.108263608492416,0.076600850264135,0.0606060606060606,0.0588235294117647,1,1,0.0277777777777777,0.0285714285714285,0.6666666666666666,0.2727272727272727,1,2,1.380139708518982,1.0056935548782349
0.9565217391304373,0.953846153846154,0.0851063829787234,0.036144578313253,0.217391304347826,0.3280918949906568,0.1971008165607045,0.375,0.2291666666666666,0.1627906976744186,0.1620553359683794,0.5652173913043479,0.3043478260869565,-0.8236741338307534,-0.4698321497792341,-0.0322304681947919,1.2097851849199468,1.0,0.0,-0.5973954145480654,0.403220942973219,0.3347921930638176,0.0384615384615384,0.0636363636363636,0.0636363636363636,0.0462962962962962,-0.2356420804366999,0.1613195087282378,0.0,0.0588235294117647,3,1,0.0277777777777777,0.0285714285714285,0.7,0.2727272727272727,1,2,1.5211105346679688,0.9369775056838989
0.9565217391304373,0.9543195266272192,0.1063829787234042,0.4819277108433735,0.217391304347826,0.3280918949906568,0.1971008165607045,0.2291666666666666,0.9375,0.1627906976744186,0.1620553359683794,0.1304347826086956,0.6521739130434783,-0.4966723770229312,0.6063745808251153,1.1906624519596425,-0.0074242863746937,1.0,1.0,0.3449711731223855,-1.611488217641551,-0.2487546419051791,0.0673076923076923,0.0454545454545454,0.0545454545454545,0.037037037037037,0.108263608492416,0.076600850264135,0.0606060606060606,0.0294117647058823,1,4,0.0555555555555555,0.0,0.8333333333333334,0.2727272727272727,0,2,1.3420865535736084,1.0094135999679565
0.9565217391304373,0.9543195266272192,0.1063829787234042,0.2409638554216867,0.217391304347826,0.3280918949906568,0.1971008165607045,0.5833333333333333,0.6458333333333333,0.1627906976744186,0.1620553359683794,0.3913043478260869,0.3043478260869565,0.2841037824995456,-1.7104368319242962,0.3124269791225654,0.5116656403714944,3.0,1.0,-1.3731214176949431,2.395963743631277,2.007930264829456,0.048076923076923,0.0545454545454545,0.0272727272727272,0.1018518518518518,0.194240030724695,-0.4317111005204815,0.0303030303030303,0.0588235294117647,3,1,0.0277777777777777,0.0571428571428571,0.8333333333333334,0.2727272727272727,1,2,1.6726231575012207,0.8875498175621033
0.9565217391304373,0.9543195266272192,0.1063829787234042,0.5301204819277109,0.217391304347826,0.3280918949906568,0.1971008165607045,0.9791666666666666,0.0833333333333333,0.1627906976744186,0.1620553359683794,0.3478260869565217,0.782608695652174,0.3379507302769394,0.5918423106093771,2.641144751217104e-15,0.4168381450064988,2.0,2.0,1.5587577476077388,-1.0248611437064463,-1.2722614868997255,0.0865384615384615,0.0363636363636363,0.0636363636363636,0.0555555555555555,0.194240030724695,-0.1775551251281732,0.0303030303030303,0.0294117647058823,3,2,0.0277777777777777,0.0571428571428571,0.8333333333333334,0.2727272727272727,0,2,1.3043849468231201,1.046749234199524
0.9565217391304373,0.9544378698224852,0.1063829787234042,0.746987951807229,0.217391304347826,0.3280918949906568,0.1971008165607045,0.1666666666666666,0.4583333333333333,0.1627906976744186,0.1620553359683794,0.4782608695652174,0.0869565217391304,-0.3232929386336532,0.2269350660916575,0.0665138130111448,0.0002745635450137,2.0,0.0,0.0114542414871538,-1.076854081981862,-0.0895052960794426,0.0384615384615384,0.0545454545454545,0.0363636363636363,0.037037037037037,0.022287186260137,0.1613195087282378,0.0303030303030303,0.088235294117647,2,1,0.0555555555555555,0.0285714285714285,0.8666666666666667,0.2727272727272727,1,2,1.4204976558685303,1.0830457210540771
0.9565217391304373,0.9544378698224852,0.1063829787234042,0.4698795180722891,0.217391304347826,0.3280918949906568,0.1971008165607045,0.3333333333333333,0.9583333333333331,0.1627906976744186,0.1620553359683794,0.1739130434782608,0.2608695652173913,-0.0833572839161541,-0.5797715914611888,0.1200616396512995,-0.343060681303428,1.0,0.0,0.1570415870942253,-1.1029476336029211,-0.255856403275467,0.0576923076923076,0.0545454545454545,0.0545454545454545,0.0648148148148148,0.022287186260137,-0.0928364666640704,0.0606060606060606,0.0588235294117647,1,1,0.0555555555555555,0.0571428571428571,0.8666666666666667,0.2727272727272727,1,2,1.342850923538208,1.014169692993164
0.9565217391304373,0.9544378698224852,0.1063829787234042,0.5903614457831325,0.217391304347826,0.3280918949906568,0.1971008165607045,0.3958333333333333,0.5416666666666666,0.1627906976744186,0.1620553359683794,0.6086956521739131,0.6956521739130435,-1.191899878578242,0.4142712074590424,-0.4883143183824354,-0.0402226603643458,1.0,1.0,0.3756369276637238,-0.9473523643270856,-0.5300116458787394,0.0576923076923076,0.0363636363636363,0.0727272727272727,0.0925925925925925,-0.1496656582044209,-0.5164297589845843,0.0303030303030303,0.0294117647058823,2,1,0.0555555555555555,0.0857142857142857,0.8666666666666667,0.2727272727272727,0,2,1.3516066074371338,1.0153543949127197
0.9565217391304373,0.9544378698224852,0.1063829787234042,0.5301204819277109,0.217391304347826,0.3280918949906568,0.1971008165607045,0.4375,0.2708333333333333,0.1627906976744186,0.1620553359683794,0.0,0.5652173913043479,1.0502881196673035,0.5621180821859284,0.115225467772681,0.1195764613549228,4.0,0.0,-1.2041937739001138,1.4366549531877222,1.6615158190935084,0.1057692307692307,0.0545454545454545,0.0181818181818181,0.0555555555555555,0.7960749863506482,-0.0081178081999676,0.0909090909090909,0.0588235294117647,2,1,0.0,0.0571428571428571,0.8666666666666667,0.2727272727272727,1,2,1.7158138751983643,0.9314724802970886
0.9565217391304373,0.9544378698224852,0.1063829787234042,0.0,0.217391304347826,0.3280918949906568,0.1971008165607045,0.6875,0.375,0.1627906976744186,0.1620553359683794,0.0434782608695652,0.7391304347826086,0.9392727672401072,-0.7838077235716238,0.0884758237563281,0.0108594786393483,0.0,1.0,-1.060793578209874,1.2921484475112557,1.2066241046063666,0.0673076923076923,0.0454545454545454,0.0181818181818181,0.0648148148148148,0.452169297421532,-0.1775551251281732,0.1212121212121212,0.0294117647058823,1,3,0.0,0.0285714285714285,0.8666666666666667,0.2727272727272727,-1,2,1.7221043109893799,0.9222036600112915
0.9565217391304373,0.9544378698224852,0.1063829787234042,0.1686746987951807,0.217391304347826,0.3280918949906568,0.1971008165607045,0.8958333333333333,0.4791666666666666,0.1627906976744186,0.1620553359683794,0.8260869565217391,0.4347826086956522,-0.2252716504144896,-1.0184128231485476,0.55650615895966,1.5761674031474842,0.0,0.0,-0.1383672501511287,-0.4202767478793102,-0.1234753098305023,0.0288461538461538,0.0454545454545454,0.0727272727272727,0.0462962962962962,-0.4075949249012579,-0.0081178081999676,0.0,0.0294117647058823,1,2,0.1111111111111111,0.0571428571428571,0.8666666666666667,0.2727272727272727,0,2,1.4753278493881226,1.02104651927948
0.9565217391304373,0.9545562130177512,0.1063829787234042,0.8674698795180723,0.217391304347826,0.3280918949906568,0.1971008165607045,0.8541666666666666,0.7916666666666666,0.1627906976744186,0.1620553359683794,0.5217391304347826,0.217391304347826,0.4278076534766787,0.139176108919898,-0.580176758212922,-1.5521240335978803,1.0,2.0,0.0604419153646142,-0.6679609920828745,-0.2915968751214122,0.0576923076923076,0.0545454545454545,0.0636363636363636,0.037037037037037,-0.0636892359721419,0.1613195087282378,0.0303030303030303,0.088235294117647,1,1,0.0833333333333333,0.0285714285714285,0.9,0.2727272727272727,-1,2,1.3957170248031616,1.0211384296417236
0.9565217391304373,0.9551479289940829,0.1276595744680851,0.4819277108433735,0.217391304347826,0.3280918949906568,0.1971008165607045,0.2291666666666666,0.3958333333333333,0.1627906976744186,0.1620553359683794,0.1739130434782608,0.6521739130434783,-0.4968667412917144,-1.1688846077342685,1.1906624519596425,-0.4362856828031928,1.0,0.0,0.2046705693382438,-1.502356443754747,-0.1234753098305023,0.0769230769230769,0.0636363636363636,0.0636363636363636,0.0833333333333333,0.108263608492416,-0.1775551251281732,0.0606060606060606,0.0294117647058823,2,3,0.0555555555555555,0.0571428571428571,0.0666666666666666,0.3636363636363636,1,2,1.3796870708465576,1.0073961019515991
0.9565217391304373,0.9551479289940829,0.1276595744680851,0.9759036144578314,0.217391304347826,0.3280918949906568,0.1971008165607045,0.2708333333333333,0.5833333333333333,0.1627906976744186,0.1620553359683794,0.2608695652173913,0.4782608695652174,0.541311785669725,0.3108385791865628,0.0786598294833466,0.3487620591838878,4.0,2.0,0.7443085954400285,-1.421247221390269,-0.6882952692042844,0.0576923076923076,0.0727272727272727,0.0909090909090909,0.037037037037037,-0.3216185026689789,0.3307568256564434,0.0606060606060606,0.0588235294117647,1,3,0.0833333333333333,0.0285714285714285,0.0666666666666666,0.3636363636363636,1,2,1.3096282482147217,1.0319099426269531
0.9565217391304373,0.9551479289940829,0.1276595744680851,0.5301204819277109,0.217391304347826,0.3280918949906568,0.1971008165607045,0.4583333333333333,0.8958333333333333,0.1627906976744186,0.1620553359683794,0.1304347826086956,0.8260869565217391,0.1954247004042544,-0.1924710240417368,-0.04302698182486,0.588057583961006,2.0,1.0,-0.6717913868051741,-0.0122035251548139,0.6893188027759173,0.0576923076923076,0.0272727272727272,0.0545454545454545,0.074074074074074,0.022287186260137,-0.4317111005204815,0.0909090909090909,0.0,1,2,0.0555555555555555,0.1142857142857142,0.0666666666666666,0.3636363636363636,1,2,1.5355305671691895,0.9221100211143494
0.9565217391304373,0.9551479289940829,0.1276595744680851,0.3012048192771084,0.217391304347826,0.3280918949906568,0.1971008165607045,0.9375,0.4791666666666666,0.1627906976744186,0.1620553359683794,0.3913043478260869,0.5652173913043479,0.5765798650701598,-1.0133668928414687,-0.0508797361788803,1.5761674031474842,0.0,0.0,-0.4877778418888012,-0.6429273946042767,0.5863612126053239,0.0576923076923076,0.0454545454545454,0.0454545454545454,0.0462962962962962,0.108263608492416,-0.0081178081999676,0.0303030303030303,0.0294117647058823,5,3,0.0,0.0571428571428571,0.0666666666666666,0.3636363636363636,0,2,1.494837760925293,0.91636061668396
0.9565217391304373,0.9552662721893492,0.1276595744680851,0.4698795180722891,0.217391304347826,0.3280918949906568,0.1971008165607045,0.3333333333333333,0.4375,0.1627906976744186,0.1620553359683794,0.217391304347826,0.0434782608695652,-0.076754892275226,1.081714176789228,0.1200616396512995,0.1554254576072724,2.0,1.0,3.05601316363409,-0.4693473554356376,-1.8186289740786656,0.0673076923076923,0.1363636363636363,0.0545454545454545,0.0185185185185185,0.108263608492416,1.0932247518333684,0.0909090909090909,0.1176470588235294,1,2,0.0555555555555555,0.0,0.1,0.3636363636363636,1,0,1.1794235706329346,1.188622236251831
0.9565217391304373,0.9552662721893492,0.1276595744680851,0.036144578313253,0.217391304347826,0.3280918949906568,0.1971008165607045,0.375,0.1666666666666666,0.1627906976744186,0.1620553359683794,0.5217391304347826,0.6086956521739131,-0.8169491993137394,-0.2860472382127924,-0.0322304681947919,0.1076684920328081,1.0,0.0,-0.2579839696756624,-0.2262609150274557,-0.0425286459135205,0.0576923076923076,0.0545454545454545,0.0636363636363636,0.037037037037037,-0.0636892359721419,0.1613195087282378,0.0606060606060606,0.0588235294117647,3,2,0.0277777777777777,0.0571428571428571,0.1,0.3636363636363636,1,2,1.5088802576065063,0.9716053009033203
0.9565217391304373,0.9552662721893492,0.1276595744680851,0.1325301204819277,0.217391304347826,0.3280918949906568,0.1971008165607045,0.5416666666666666,0.8541666666666666,0.1627906976744186,0.1620553359683794,0.782608695652174,0.7391304347826086,0.3880477989280584,0.4677662426534615,-0.0843337685133374,-0.5263477305420222,1.0,0.0,0.2204495450779915,-0.8704128100053846,-0.4012073948720659,0.048076923076923,0.0636363636363636,0.0999999999999999,0.0833333333333333,-0.4935713471335369,-0.1775551251281732,0.0303030303030303,0.0294117647058823,2,1,0.0833333333333333,0.1142857142857142,0.1,0.3636363636363636,1,2,1.356608510017395,1.0206834077835083
0.9565217391304373,0.9552662721893492,0.1276595744680851,0.8433734939759037,0.217391304347826,0.3280918949906568,0.1971008165607045,0.9583333333333331,0.6875,0.1627906976744186,0.1620553359683794,0.3043478260869565,0.0,-0.6084363680558237,0.9751957529395804,-0.3932256955276284,0.1292000740789988,0.0,1.0,4.441804020734716,0.4258240921077591,-2.1552966940674043,0.0576923076923076,0.0636363636363636,0.0727272727272727,0.0277777777777777,-0.1496656582044209,0.3307568256564434,0.0606060606060606,0.1176470588235294,1,1,0.0833333333333333,0.0285714285714285,0.1,0.3636363636363636,-1,0,1.1694416999816895,1.499342441558838
0.9565217391304373,0.9553846153846152,0.1276595744680851,0.710843373493976,0.217391304347826,0.3280918949906568,0.1971008165607045,0.7916666666666666,0.9791666666666666,0.1627906976744186,0.1620553359683794,0.0869565217391304,0.4347826086956522,0.1084551989752312,0.3358547684095887,-1.6264589190656924,2.5893815264237306e-15,1.0,0.0,-0.5422950866216237,-0.178313208635131,0.4572597592041285,0.0769230769230769,0.0999999999999999,0.0454545454545454,0.0833333333333333,0.280216452956974,0.1613195087282378,0.1212121212121212,0.0294117647058823,1,4,0.0277777777777777,0.0285714285714285,0.1333333333333333,0.3636363636363636,1,2,1.499026894569397,0.9134417772293091
0.9565217391304373,0.9555029585798818,0.1276595744680851,0.2048192771084337,0.217391304347826,0.3280918949906568,0.1971008165607045,0.6458333333333333,0.0833333333333333,0.1627906976744186,0.1620553359683794,0.3478260869565217,0.6956521739130435,-1.7192289903556086,0.597356801932402,0.4785870965164475,0.4168381450064988,0.0,1.0,1.7025391227995923,-0.7182083572767156,-1.4005885219657894,0.0673076923076923,0.0545454545454545,0.1272727272727272,0.074074074074074,-0.579547769365816,-0.1775551251281732,0.0606060606060606,0.0294117647058823,1,3,0.0833333333333333,0.0571428571428571,0.1666666666666666,0.3636363636363636,-1,2,1.2408829927444458,1.078983187675476
0.9565217391304373,0.9559763313609468,0.1489361702127659,0.5903614457831325,0.217391304347826,0.3280918949906568,0.1971008165607045,0.3958333333333333,0.9583333333333331,0.1627906976744186,0.1620553359683794,0.6521739130434783,0.4347826086956522,-1.176359221241806,-0.5705590926223065,-0.4883143183824354,-0.343060681303428,2.0,1.0,-0.2579839696756624,-0.3470991123393136,0.0234387947139002,0.0673076923076923,0.0545454545454545,0.0909090909090909,0.0833333333333333,-0.2356420804366999,-0.262273783592276,0.0303030303030303,0.0588235294117647,3,1,0.0833333333333333,0.1142857142857142,0.3,0.3636363636363636,1,2,1.4878839254379272,0.9462336897850037
0.9565217391304373,0.9559763313609468,0.1489361702127659,0.4819277108433735,0.217391304347826,0.3280918949906568,0.1971008165607045,0.4791666666666666,0.6458333333333333,0.1627906976744186,0.1620553359683794,0.6086956521739131,0.5217391304347826,-1.0381827441335272,-1.695924201537684,1.5643688612841171,0.5116656403714944,5.0,0.0,-1.0005375515276804,1.0609613108719451,1.0906267207351712,0.048076923076923,0.0636363636363636,0.0454545454545454,0.1388888888888889,0.022287186260137,-0.6858670759127897,0.0303030303030303,0.0588235294117647,4,1,0.0555555555555555,0.1142857142857142,0.3,0.3636363636363636,1,2,1.6621099710464478,0.9380616545677185
0.9565217391304373,0.9559763313609468,0.1489361702127659,0.1325301204819277,0.217391304347826,0.3280918949906568,0.1971008165607045,0.5416666666666666,0.7916666666666666,0.1627906976744186,0.1620553359683794,0.7391304347826086,0.0869565217391304,0.3928546788837149,0.1476931789915202,-0.0843337685133374,-1.5521240335978803,1.0,1.0,0.7726934140861059,-0.7940341808724144,-0.914817637942577,0.0576923076923076,0.0818181818181818,0.0999999999999999,0.0462962962962962,-0.4075949249012579,0.3307568256564434,0.0606060606060606,0.1470588235294117,2,1,0.0833333333333333,0.0285714285714285,0.3,0.3636363636363636,0,2,1.3451694250106812,1.1062158346176147
0.9565217391304373,0.9559763313609468,0.1489361702127659,0.5301204819277109,0.217391304347826,0.3280918949906568,0.1971008165607045,0.9791666666666666,0.2708333333333333,0.1627906976744186,0.1620553359683794,0.5652173913043479,0.4782608695652174,0.3379507302769394,0.5707274750625011,2.641144751217104e-15,0.1195764613549228,2.0,1.0,1.101645442090161,-1.076854081981862,-1.0297062031833464,0.1057692307692307,0.0909090909090909,0.0909090909090909,0.1111111111111111,0.108263608492416,-0.1775551251281732,0.0303030303030303,0.088235294117647,4,1,0.0555555555555555,0.0857142857142857,0.3,0.3636363636363636,1,2,1.304309606552124,1.0447711944580078
0.9565217391304373,0.9560946745562132,0.1489361702127659,0.8072289156626506,0.217391304347826,0.3280918949906568,0.1971008165607045,0.0833333333333333,0.4583333333333333,0.1627906976744186,0.1620553359683794,0.6956521739130435,0.1739130434782608,0.5822035116981061,0.2367696012101892,0.3818639450231136,0.0002745635450137,3.0,2.0,-0.3451574802028851,-0.5681835182832995,0.2505402231983062,0.0673076923076923,0.0727272727272727,0.0727272727272727,0.0648148148148148,-0.0636892359721419,0.076600850264135,0.0606060606060606,0.1176470588235294,3,1,0.0555555555555555,0.0571428571428571,0.3333333333333333,0.3636363636363636,1,2,1.4789317846298218,0.9430981874465942
0.9565217391304373,0.9560946745562132,0.1489361702127659,0.5301204819277109,0.217391304347826,0.3280918949906568,0.1971008165607045,0.4375,0.375,0.1627906976744186,0.1620553359683794,0.0,0.2608695652173913,1.0590603593865255,-0.7763173605285767,0.115225467772681,0.0108594786393483,1.0,0.0,-1.3946322278676115,2.2831092711025223,2.134143749651835,0.1538461538461538,0.0636363636363636,0.0363636363636363,0.0648148148148148,1.0540042530474851,-0.0081178081999676,0.1212121212121212,0.088235294117647,2,3,0.0277777777777777,0.0285714285714285,0.3333333333333333,0.3636363636363636,1,2,1.7532259225845337,0.8902626633644104
0.9565217391304373,0.9560946745562132,0.1489361702127659,0.0,0.217391304347826,0.3280918949906568,0.1971008165607045,0.6875,0.9375,0.1627906976744186,0.1620553359683794,0.0434782608695652,0.3913043478260869,0.9473280802960404,0.6186331101183101,0.0884758237563281,-0.0074242863746937,1.0,0.0,-0.6530914332367731,-0.2985964536704366,0.7891534897870961,0.0769230769230769,0.0545454545454545,0.0272727272727272,0.0462962962962962,0.452169297421532,0.076600850264135,0.1515151515151515,0.0294117647058823,1,6,0.0277777777777777,0.0,0.3333333333333333,0.3636363636363636,1,2,1.5404610633850098,0.9144254326820374
0.9565217391304373,0.9560946745562132,0.1489361702127659,0.1686746987951807,0.217391304347826,0.3280918949906568,0.1971008165607045,0.8958333333333333,0.3333333333333333,0.1627906976744186,0.1620553359683794,0.8260869565217391,0.1304347826086956,-0.2249708242856418,-0.0235624579281186,0.55650615895966,0.160166846399134,0.0,4.0,0.5706349065820281,-1.1816205106413085,-0.6400059173327453,0.0384615384615384,0.0818181818181818,0.0909090909090909,0.0648148148148148,-0.4935713471335369,0.1613195087282378,0.0,0.1176470588235294,2,1,0.1388888888888889,0.0571428571428571,0.3333333333333333,0.3636363636363636,-1,2,1.3062115907669067,1.03132963180542
0.9565217391304373,0.9562130177514794,0.1489361702127659,0.746987951807229,0.217391304347826,0.3280918949906568,0.1971008165607045,0.1666666666666666,0.5833333333333333,0.1627906976744186,0.1620553359683794,0.3043478260869565,0.217391304347826,-0.3156168217951604,0.3169228634918129,0.0665138130111448,0.3487620591838878,4.0,0.0,-0.7283019887119154,0.1513134819178173,0.7683858176282239,0.0576923076923076,0.0909090909090909,0.0454545454545454,0.074074074074074,0.108263608492416,0.1613195087282378,0.0606060606060606,0.0588235294117647,2,3,0.0833333333333333,0.0571428571428571,0.3666666666666667,0.3636363636363636,1,2,1.4971946477890015,0.9245507717132568
0.9565217391304373,0.9563313609467454,0.1489361702127659,0.8674698795180723,0.217391304347826,0.3280918949906568,0.1971008165607045,0.8541666666666666,0.2291666666666666,0.1627906976744186,0.1620553359683794,0.782608695652174,0.3478260869565217,0.4306838898498529,-0.4703450836441654,-0.580176758212922,1.2097851849199468,0.0,0.0,0.4515121069612058,-1.3140692476668494,-0.4611938407198777,0.0673076923076923,0.0818181818181818,0.0909090909090909,0.0648148148148148,-0.2356420804366999,0.1613195087282378,0.0303030303030303,0.088235294117647,1,2,0.1388888888888889,0.0571428571428571,0.4,0.3636363636363636,0,2,1.3200414180755615,1.0297425985336304
0.9565217391304373,0.9568047337278104,0.1702127659574468,0.4819277108433735,0.217391304347826,0.3280918949906568,0.1971008165607045,0.2291666666666666,0.8958333333333333,0.1627906976744186,0.1620553359683794,0.2608695652173913,0.8260869565217391,-0.4973225786833131,-0.192455294076362,1.1906624519596425,0.588057583961006,2.0,0.0,-0.3627705966805152,-0.4693473554356376,0.2869125835365301,0.0865384615384615,0.0363636363636363,0.0636363636363636,0.1296296296296296,0.194240030724695,-0.8553043928409952,0.0909090909090909,0.0,3,2,0.0555555555555555,0.1714285714285714,0.5333333333333333,0.3636363636363636,1,2,1.505732536315918,0.9318235516548157
0.9565217391304373,0.9568047337278104,0.1702127659574468,0.8433734939759037,0.217391304347826,0.3280918949906568,0.1971008165607045,0.9583333333333331,0.4791666666666666,0.1627906976744186,0.1620553359683794,0.5652173913043479,0.6956521739130435,-0.598228067339031,-1.0030212221710846,-0.3932256955276284,1.5761674031474842,3.0,0.0,0.5411114358036283,-1.1816205106413085,-0.5845493569509169,0.0673076923076923,0.0909090909090909,0.0999999999999999,0.0462962962962962,-0.3216185026689789,0.4154754841205461,0.0606060606060606,0.0588235294117647,1,4,0.1388888888888889,0.0571428571428571,0.5333333333333333,0.3636363636363636,1,2,1.308843731880188,1.0102676153182983
0.9565217391304373,0.956923076923077,0.1702127659574468,0.9759036144578314,0.217391304347826,0.3280918949906568,0.1971008165607045,0.2708333333333333,0.8541666666666666,0.1627906976744186,0.1620553359683794,0.3043478260869565,0.782608695652174,0.5519932416751172,0.46872726010535,0.0786598294833466,-0.5263477305420222,1.0,0.0,-0.0879410901254828,-0.9216430126275929,0.0169012252991774,0.1057692307692307,0.0636363636363636,0.1272727272727272,0.0925925925925925,-0.2356420804366999,-0.262273783592276,0.0909090909090909,0.0294117647058823,1,2,0.1111111111111111,0.1428571428571428,0.5666666666666667,0.3636363636363636,1,2,1.5060521364212036,0.9393801689147949
0.9565217391304373,0.956923076923077,0.1702127659574468,0.036144578313253,0.217391304347826,0.3280918949906568,0.1971008165607045,0.375,0.3958333333333333,0.1627906976744186,0.1620553359683794,0.217391304347826,0.7391304347826086,-0.809381122962281,-1.1535020941014378,-0.0322304681947919,-0.4362856828031928,2.0,1.0,-0.7283019887119154,0.0581879304310744,0.8046437071654308,0.0673076923076923,0.0818181818181818,0.0727272727272727,0.1018518518518518,-0.0636892359721419,-0.1775551251281732,0.0909090909090909,0.0588235294117647,3,3,0.0555555555555555,0.0857142857142857,0.5666666666666667,0.3636363636363636,1,2,1.5298197269439697,0.9294832348823547
0.9565217391304373,0.956923076923077,0.1702127659574468,0.5301204819277109,0.217391304347826,0.3280918949906568,0.1971008165607045,0.4375,0.1666666666666666,0.1627906976744186,0.1620553359683794,0.0869565217391304,0.4782608695652174,1.0627284157115144,-0.2800541762178767,0.115225467772681,0.1076684920328081,0.0,0.0,-0.6905594642164002,0.0581879304310744,0.6893188027759173,0.1634615384615384,0.0909090909090909,0.0363636363636363,0.0462962962962962,1.139980675279764,0.4154754841205461,0.1515151515151515,0.088235294117647,2,2,0.0277777777777777,0.0857142857142857,0.5666666666666667,0.3636363636363636,0,2,1.5078752040863037,0.9273520708084106
0.9565217391304373,0.956923076923077,0.1702127659574468,0.2048192771084337,0.217391304347826,0.3280918949906568,0.1971008165607045,0.6458333333333333,0.4583333333333333,0.1627906976744186,0.1620553359683794,0.6086956521739131,0.1739130434782608,-1.7074642683947352,0.2420671351342913,0.4785870965164475,0.0002745635450137,1.0,1.0,2.197856097100309,-0.4202767478793102,-1.5869589603802463,0.0673076923076923,0.0909090909090909,0.1818181818181818,0.0925925925925925,-1.0954063027594898,-0.0081178081999676,0.0606060606060606,0.1176470588235294,1,1,0.1388888888888889,0.0857142857142857,0.5666666666666667,0.3636363636363636,0,0,1.1752694845199585,1.0916696786880493
0.9565217391304373,0.956923076923077,0.1702127659574468,0.710843373493976,0.217391304347826,0.3280918949906568,0.1971008165607045,0.7916666666666666,0.6875,0.1627906976744186,0.1620553359683794,0.0434782608695652,0.0,0.1194654566797499,0.9820583226801296,-1.6264589190656924,0.1292000740789988,1.0,2.0,2.335528853010299,-0.6679609920828745,-1.6083334843063857,0.0961538461538461,0.0818181818181818,0.0545454545454545,0.0277777777777777,0.3661928751892531,0.5001941425846489,0.1515151515151515,0.1764705882352941,2,1,0.0277777777777777,0.0285714285714285,0.5666666666666667,0.3636363636363636,-1,0,1.2008849382400513,1.1650885343551636
0.9565217391304373,0.956923076923077,0.1702127659574468,0.3012048192771084,0.217391304347826,0.3280918949906568,0.1971008165607045,0.9375,0.5416666666666666,0.1627906976744186,0.1620553359683794,0.4347826086956522,0.5217391304347826,0.5889348817251725,0.4319272013498931,-0.0508797361788803,-0.0402226603643458,2.0,1.0,-0.8820994261788107,0.5381140798409912,1.0286529183080204,0.0576923076923076,0.0636363636363636,0.0545454545454545,0.1111111111111111,0.022287186260137,-0.4317111005204815,0.0303030303030303,0.0588235294117647,6,3,0.0277777777777777,0.0857142857142857,0.5666666666666667,0.3636363636363636,1,2,1.544205904006958,0.9202128648757935
0.9565217391304373,0.957041420118343,0.1702127659574468,0.4698795180722891,0.217391304347826,0.3280918949906568,0.1971008165607045,0.3333333333333333,0.0833333333333333,0.1627906976744186,0.1620553359683794,0.1304347826086956,0.3913043478260869,-0.0615098483005215,0.605638185861393,0.1200616396512995,0.4168381450064988,0.0,0.0,0.6291790769428647,-0.9216430126275929,-0.7538032046842718,0.125,0.0909090909090909,0.0636363636363636,0.0925925925925925,0.5381457196538111,-0.0081178081999676,0.1515151515151515,0.088235294117647,1,3,0.0555555555555555,0.0571428571428571,0.6,0.3636363636363636,0,2,1.360938310623169,1.0326786041259766
0.9565217391304373,0.957041420118343,0.1702127659574468,0.2409638554216867,0.217391304347826,0.3280918949906568,0.1971008165607045,0.5833333333333333,0.9791666666666666,0.1627906976744186,0.1620553359683794,0.3478260869565217,0.6521739130434783,0.303175627532854,0.3358547684095887,0.3124269791225654,2.5893815264237306e-15,1.0,1.0,-0.804626815101258,0.6270874855992962,0.7631733618782116,0.0961538461538461,0.1181818181818181,0.109090909090909,0.1018518518518518,-0.1496656582044209,0.1613195087282378,0.0606060606060606,0.0588235294117647,3,4,0.0833333333333333,0.0571428571428571,0.6,0.3636363636363636,0,2,1.5564453601837158,0.9248998165130615
0.9565217391304373,0.9576331360946746,0.1914893617021276,0.5301204819277109,0.217391304347826,0.3280918949906568,0.1971008165607045,0.4583333333333333,0.9583333333333331,0.1627906976744186,0.1620553359683794,0.1739130434782608,0.6956521739130435,0.2111378444781978,-0.5607475987312882,-0.04302698182486,-0.343060681303428,2.0,1.0,-0.5605964612913903,-0.2503173103505782,0.5531676696250067,0.1057692307692307,0.0909090909090909,0.0999999999999999,0.1018518518518518,0.022287186260137,-0.0928364666640704,0.1212121212121212,0.088235294117647,2,1,0.0833333333333333,0.1428571428571428,0.7666666666666667,0.3636363636363636,1,2,1.5140159130096436,0.9302181005477905
0.9565217391304373,0.9576331360946746,0.1914893617021276,0.3012048192771084,0.217391304347826,0.3280918949906568,0.1971008165607045,0.9375,0.9791666666666666,0.1627906976744186,0.1620553359683794,0.6521739130434783,0.4782608695652174,0.5929551655157469,0.3358547684095887,-0.0508797361788803,2.5893815264237306e-15,0.0,2.0,-0.7472774486603239,0.1281095841487151,0.8046437071654308,0.0769230769230769,0.1272727272727272,0.0636363636363636,0.1111111111111111,0.108263608492416,0.1613195087282378,0.0606060606060606,0.0588235294117647,6,5,0.0277777777777777,0.0571428571428571,0.7666666666666667,0.3636363636363636,-1,2,1.5044726133346558,0.9289941787719727
0.9565217391304373,0.9577514792899406,0.1914893617021276,0.8072289156626506,0.217391304347826,0.3280918949906568,0.1971008165607045,0.0833333333333333,0.2708333333333333,0.1627906976744186,0.1620553359683794,0.2608695652173913,0.3913043478260869,0.5909828360676427,0.5802347410158003,0.3818639450231136,0.1195764613549228,0.0,0.0,-0.7283019887119154,0.0347766233480473,0.8097909562491385,0.0961538461538461,0.109090909090909,0.0909090909090909,0.1296296296296296,0.022287186260137,-0.1775551251281732,0.0909090909090909,0.1176470588235294,4,1,0.0555555555555555,0.1142857142857142,0.8,0.3636363636363636,0,2,1.4919843673706055,0.9425933361053467
0.9565217391304373,0.9577514792899406,0.1914893617021276,0.5903614457831325,0.217391304347826,0.3280918949906568,0.1971008165607045,0.3958333333333333,0.8541666666666666,0.1627906976744186,0.1620553359683794,0.5652173913043479,0.782608695652174,-1.159168340174554,0.4720667302432756,-0.4883143183824354,-0.5263477305420222,0.0,1.0,0.1570415870942253,-0.97312496172793,-0.3060024347361497,0.0961538461538461,0.0636363636363636,0.1181818181818181,0.1018518518518518,-0.2356420804366999,-0.3469924420563787,0.0606060606060606,0.0294117647058823,3,2,0.1111111111111111,0.1714285714285714,0.8,0.3636363636363636,-1,2,1.35770583152771,1.0135844945907593
0.9565217391304373,0.9577514792899406,0.1914893617021276,0.1325301204819277,0.217391304347826,0.3280918949906568,0.1971008165607045,0.5416666666666666,0.375,0.1627906976744186,0.1620553359683794,0.6086956521739131,0.3043478260869565,0.4059433811191827,-0.7697743106381559,-0.0843337685133374,0.0108594786393483,1.0,0.0,0.5114177999890718,-0.7686978793825137,-0.7045504386248921,0.0769230769230769,0.0818181818181818,0.1272727272727272,0.0833333333333333,-0.4935713471335369,-0.0081178081999676,0.0606060606060606,0.1176470588235294,3,3,0.1111111111111111,0.0571428571428571,0.8,0.3636363636363636,1,2,1.3521755933761597,1.0194830894470215
0.9565217391304373,0.9577514792899406,0.1914893617021276,0.0,0.217391304347826,0.3280918949906568,0.1971008165607045,0.6875,0.4375,0.1627906976744186,0.1620553359683794,0.0,0.0434782608695652,0.9547005224899034,1.0930798029210202,0.0884758237563281,0.1554254576072724,0.0,2.0,0.1570415870942253,-1.0248611437064463,-0.2844176680916885,0.1057692307692307,0.1545454545454545,0.0363636363636363,0.037037037037037,0.62412214188609,1.0932247518333684,0.2121212121212121,0.1470588235294117,1,3,0.0277777777777777,0.0285714285714285,0.8,0.3636363636363636,-1,2,1.3904409408569336,1.0583990812301636
0.9565217391304373,0.9577514792899406,0.1914893617021276,0.1686746987951807,0.217391304347826,0.3280918949906568,0.1971008165607045,0.8958333333333333,0.5833333333333333,0.1627906976744186,0.1620553359683794,0.8260869565217391,0.5217391304347826,-0.2246742086356481,0.3268330292231751,0.55650615895966,0.3487620591838878,1.0,1.0,0.6582035568204213,-0.9989611167699352,-0.7538032046842718,0.0384615384615384,0.0999999999999999,0.1454545454545454,0.1203703703703703,-1.0094298805272108,-0.1775551251281732,0.0,0.0588235294117647,2,4,0.1944444444444444,0.0857142857142857,0.8,0.3636363636363636,0,2,1.3331471681594849,1.0623105764389038
0.9565217391304373,0.9578698224852072,0.1914893617021276,0.4819277108433735,0.217391304347826,0.3280918949906568,0.1971008165607045,0.4791666666666666,0.3333333333333333,0.1627906976744186,0.1620553359683794,0.4347826086956522,0.1304347826086956,-1.0251205377660286,-0.0100567359206404,1.5643688612841171,0.160166846399134,0.0,2.0,0.2204495450779915,-0.8704128100053846,-0.4012073948720659,0.0961538461538461,0.1181818181818181,0.0727272727272727,0.0648148148148148,0.194240030724695,0.5001941425846489,0.0606060606060606,0.1470588235294117,4,2,0.0833333333333333,0.0571428571428571,0.8333333333333334,0.3636363636363636,-1,2,1.3563789129257202,1.0270919799804688
0.9565217391304373,0.9579881656804732,0.1914893617021276,0.710843373493976,0.217391304347826,0.3280918949906568,0.1971008165607045,0.7916666666666666,0.6458333333333333,0.1627906976744186,0.1620553359683794,0.0869565217391304,0.7391304347826086,0.126171341006188,-1.682462445015019,-1.6264589190656924,0.5116656403714944,1.0,0.0,-1.330367383512685,1.9174990653208923,1.982816621672251,0.1057692307692307,0.0727272727272727,0.0727272727272727,0.1944444444444444,0.280216452956974,-1.1094603682333035,0.1515151515151515,0.0588235294117647,2,2,0.0555555555555555,0.1428571428571428,0.8666666666666667,0.3636363636363636,1,2,1.7269823551177979,0.9013336300849915
0.9565217391304373,0.9584615384615388,0.2127659574468085,0.036144578313253,0.217391304347826,0.3280918949906568,0.1971008165607045,0.375,0.9375,0.1627906976744186,0.1620553359683794,0.1739130434782608,0.3913043478260869,-0.8028247628225111,0.6319636827531389,-0.0322304681947919,-0.0074242863746937,2.0,1.0,-0.4338314688449361,-0.7686978793825137,0.5476027230446039,0.0865384615384615,0.0727272727272727,0.0909090909090909,0.0833333333333333,-0.0636892359721419,-0.0928364666640704,0.1212121212121212,0.0588235294117647,3,6,0.0833333333333333,0.0571428571428571,1.0,0.3636363636363636,1,2,1.4674887657165527,0.93085116147995
0.9565217391304373,0.9585798816568049,0.2127659574468085,0.4819277108433735,0.217391304347826,0.3280918949906568,0.1971008165607045,0.2291666666666666,0.0833333333333333,0.1627906976744186,0.1620553359683794,0.3478260869565217,0.3043478260869565,-0.497821173672181,0.6131975524144977,1.1906624519596425,0.4168381450064988,0.0,1.0,0.9943117358328,-1.421247221390269,-0.8545763335208868,0.1057692307692307,0.0909090909090909,0.0636363636363636,0.0925925925925925,0.3661928751892531,-0.0081178081999676,0.1212121212121212,0.088235294117647,3,5,0.0555555555555555,0.0571428571428571,0.0,0.4545454545454545,-1,2,1.3028432130813599,1.0358991622924805
0.9565217391304373,0.9585798816568049,0.2127659574468085,0.9759036144578314,0.217391304347826,0.3280918949906568,0.1971008165607045,0.2708333333333333,0.3958333333333333,0.1627906976744186,0.1620553359683794,0.2608695652173913,0.6521739130434783,0.5611601300860798,-1.139006845291559,0.0786598294833466,-0.4362856828031928,0.0,0.0,-0.7472774486603239,-0.2744290714194711,1.043058477922758,0.1153846153846153,0.0909090909090909,0.1272727272727272,0.1296296296296296,-0.1496656582044209,-0.3469924420563787,0.1212121212121212,0.0588235294117647,2,3,0.1111111111111111,0.1428571428571428,0.0,0.4545454545454545,0,2,1.5069040060043335,0.9293512105941772
0.9565217391304373,0.9585798816568049,0.2127659574468085,0.4698795180722891,0.217391304347826,0.3280918949906568,0.1971008165607045,0.3333333333333333,0.6875,0.1627906976744186,0.1620553359683794,0.0869565217391304,0.0,-0.0492379830125387,0.988400754021056,0.1200616396512995,0.1292000740789988,2.0,1.0,1.3225648787307558,-1.421247221390269,-1.056798250097148,0.1442307692307692,0.0999999999999999,0.0636363636363636,0.0555555555555555,0.7100985641183691,0.4154754841205461,0.1818181818181818,0.2058823529411764,2,1,0.0555555555555555,0.0571428571428571,0.0,0.4545454545454545,1,2,1.4196184873580933,1.1005586385726929
0.9565217391304373,0.9585798816568049,0.2127659574468085,0.5301204819277109,0.217391304347826,0.3280918949906568,0.1971008165607045,0.4375,0.4791666666666666,0.1627906976744186,0.1620553359683794,0.0434782608695652,0.5652173913043479,1.0703518837344768,-0.992398800460262,0.115225467772681,1.5761674031474842,5.0,0.0,-1.481585035471631,2.9071166093341088,2.407920098115938,0.1826923076923077,0.0909090909090909,0.0363636363636363,0.0925925925925925,1.3119335197443225,-0.0081178081999676,0.1818181818181818,0.0588235294117647,3,4,0.0277777777777777,0.1142857142857142,0.0,0.4545454545454545,1,2,1.807163119316101,0.8725288510322571
0.9565217391304373,0.9585798816568049,0.2127659574468085,0.2048192771084337,0.217391304347826,0.3280918949906568,0.1971008165607045,0.6458333333333333,0.5416666666666666,0.1627906976744186,0.1620553359683794,0.7391304347826086,0.6956521739130435,-1.6943688132121482,0.4427766458267345,0.4785870965164475,-0.0402226603643458,0.0,2.0,1.4606246557543798,-0.6679609920828745,-1.3014344854007065,0.0769230769230769,0.0818181818181818,0.1999999999999999,0.1296296296296296,-1.181382724991769,-0.4317111005204815,0.0606060606060606,0.088235294117647,2,3,0.1666666666666666,0.1142857142857142,0.0,0.4545454545454545,-1,2,1.3406267166137695,1.0604867935180664
0.9565217391304373,0.9585798816568049,0.2127659574468085,0.8674698795180723,0.217391304347826,0.3280918949906568,0.1971008165607045,0.8541666666666666,0.1666666666666666,0.1627906976744186,0.1620553359683794,0.782608695652174,0.4347826086956522,0.4343786664051572,-0.2725647824244484,-0.580176758212922,0.1076684920328081,0.0,1.0,-0.0545957856764702,-0.7940341808724144,-0.0895052960794426,0.0769230769230769,0.0909090909090909,0.0999999999999999,0.0462962962962962,-0.2356420804366999,0.4154754841205461,0.0606060606060606,0.088235294117647,2,3,0.1666666666666666,0.0857142857142857,0.0,0.4545454545454545,-1,2,1.4930906295776367,1.03163480758667
0.9565217391304373,0.9585798816568049,0.2127659574468085,0.8433734939759037,0.217391304347826,0.3280918949906568,0.1971008165607045,0.9583333333333331,0.7916666666666666,0.1627906976744186,0.1620553359683794,0.5217391304347826,0.1304347826086956,-0.5869867521443511,0.1632719388259161,-0.3932256955276284,-1.5521240335978803,0.0,2.0,0.4665539615934443,-0.6679609920828745,-0.6882952692042844,0.1057692307692307,0.109090909090909,0.1181818181818181,0.074074074074074,-0.1496656582044209,0.3307568256564434,0.0909090909090909,0.1764705882352941,1,2,0.1666666666666666,0.0571428571428571,0.0,0.4545454545454545,-1,2,1.3566350936889648,1.0443685054779053
0.9565217391304373,0.9585798816568049,0.2127659574468085,0.5301204819277109,0.217391304347826,0.3280918949906568,0.1971008165607045,0.9791666666666666,0.8958333333333333,0.1627906976744186,0.1620553359683794,0.4782608695652174,0.8260869565217391,0.3379507302769394,-0.1921661340628516,2.641144751217104e-15,0.588057583961006,1.0,0.0,-0.4517509010041132,-0.2744290714194711,0.3407284708103074,0.1538461538461538,0.0454545454545454,0.109090909090909,0.1574074074074073,0.3661928751892531,-1.0247417097692009,0.0909090909090909,0.0,5,3,0.0555555555555555,0.1999999999999999,0.0,0.4545454545454545,1,2,1.508829116821289,0.9256877303123474
0.9565217391304373,0.9586982248520708,0.2127659574468085,0.2409638554216867,0.217391304347826,0.3280918949906568,0.1971008165607045,0.5833333333333333,0.4583333333333333,0.1627906976744186,0.1620553359683794,0.6086956521739131,0.217391304347826,0.3131745151936911,0.2509554172814209,0.3124269791225654,0.0002745635450137,0.0,2.0,0.0441643929711289,-0.9216430126275929,-0.1785672254192772,0.1153846153846153,0.1181818181818181,0.1272727272727272,0.1111111111111111,-0.1496656582044209,0.076600850264135,0.0606060606060606,0.1470588235294117,5,2,0.0833333333333333,0.0857142857142857,0.0333333333333333,0.4545454545454545,-1,2,1.421609878540039,1.000524640083313
0.9565217391304373,0.9590532544378698,0.2340425531914893,0.746987951807229,0.217391304347826,0.3280918949906568,0.1971008165607045,0.1666666666666666,0.2291666666666666,0.1627906976744186,0.1620553359683794,0.4347826086956522,0.217391304347826,-0.3038015985849481,-0.4708462529408619,0.0665138130111448,1.2097851849199468,3.0,2.0,-1.040629828196984,0.7809955818084239,1.4651844356816048,0.1057692307692307,0.0999999999999999,0.0454545454545454,0.074074074074074,0.5381457196538111,0.2460381671923406,0.1212121212121212,0.1176470588235294,3,3,0.0833333333333333,0.0857142857142857,0.1333333333333333,0.4545454545454545,1,2,1.6265429258346558,0.9283297657966614
0.9565217391304373,0.9598816568047336,0.2340425531914893,0.5903614457831325,0.217391304347826,0.3280918949906568,0.1971008165607045,0.3958333333333333,0.3333333333333333,0.1627906976744186,0.1620553359683794,0.6956521739130435,0.0869565217391304,-1.139489965556847,0.0054625789518765,-0.4883143183824354,0.160166846399134,0.0,0.0,1.7025391227995923,-1.0508253591272612,-1.3905376282993074,0.0961538461538461,0.1545454545454545,0.1272727272727272,0.074074074074074,-0.3216185026689789,0.7543501179769573,0.0606060606060606,0.2058823529411764,4,2,0.1388888888888889,0.0571428571428571,0.3666666666666667,0.4545454545454545,0,2,1.2281821966171265,1.1667804718017578
0.9565217391304373,0.9598816568047336,0.2340425531914893,0.4819277108433735,0.217391304347826,0.3280918949906568,0.1971008165607045,0.4791666666666666,0.8541666666666666,0.1627906976744186,0.1620553359683794,0.6521739130434783,0.7391304347826086,-1.0122888224998243,0.4748448120322451,1.5643688612841171,-0.5263477305420222,2.0,3.0,0.1570415870942253,-0.8704128100053846,-0.4385706237061197,0.0961538461538461,0.0727272727272727,0.1363636363636363,0.1111111111111111,-0.4075949249012579,-0.3469924420563787,0.0606060606060606,0.0588235294117647,4,2,0.1388888888888889,0.1999999999999999,0.3666666666666667,0.4545454545454545,-1,2,1.3546571731567383,1.0207444429397583
0.9565217391304373,0.9598816568047336,0.2340425531914893,0.710843373493976,0.217391304347826,0.3280918949906568,0.1971008165607045,0.7916666666666666,0.375,0.1627906976744186,0.1620553359683794,0.1304347826086956,0.2608695652173913,0.138372847800341,-0.760811107527502,-1.6264589190656924,0.0108594786393483,0.0,3.0,0.1570415870942253,-0.8959965969805078,-0.4385706237061197,0.1346153846153846,0.0999999999999999,0.0727272727272727,0.1018518518518518,0.5381457196538111,-0.0081178081999676,0.2121212121212121,0.1470588235294117,2,3,0.0555555555555555,0.0857142857142857,0.3666666666666667,0.4545454545454545,-1,2,1.379242181777954,0.9978670477867126
0.9565217391304373,0.96,0.2340425531914893,0.8072289156626506,0.217391304347826,0.3280918949906568,0.1971008165607045,0.0833333333333333,0.5833333333333333,0.1627906976744186,0.1620553359683794,0.3913043478260869,0.5652173913043479,0.6021260831840692,0.3389868463685536,0.3818639450231136,0.3487620591838878,2.0,0.0,-0.415974149226847,-0.4693473554356376,0.201409981012247,0.1057692307692307,0.109090909090909,0.0909090909090909,0.1481481481481481,0.108263608492416,-0.3469924420563787,0.1212121212121212,0.0588235294117647,5,5,0.0555555555555555,0.1142857142857142,0.4,0.4545454545454545,1,2,1.486417531967163,0.932366132736206
0.9565217391304373,0.96,0.2340425531914893,0.1325301204819277,0.217391304347826,0.3280918949906568,0.1971008165607045,0.5416666666666666,0.2708333333333333,0.1627906976744186,0.1620553359683794,0.4782608695652174,0.3043478260869565,0.4216604553508045,0.591340949041141,-0.0843337685133374,0.1195764613549228,1.0,1.0,0.2986275483044809,-1.421247221390269,-0.3863800494481025,0.1057692307692307,0.109090909090909,0.1272727272727272,0.1296296296296296,-0.2356420804366999,-0.1775551251281732,0.1212121212121212,0.1176470588235294,3,3,0.1111111111111111,0.1142857142857142,0.4,0.4545454545454545,0,2,1.31516695022583,1.0033652782440186
0.9565217391304373,0.96,0.2340425531914893,0.3012048192771084,0.217391304347826,0.3280918949906568,0.1971008165607045,0.9375,0.9583333333333331,0.1627906976744186,0.1620553359683794,0.5217391304347826,0.6086956521739131,0.6078376811723951,-0.5466783250086814,-0.0508797361788803,-0.343060681303428,1.0,3.0,-0.505886231540407,-0.8704128100053846,0.5587232238860428,0.0865384615384615,0.0999999999999999,0.0999999999999999,0.1388888888888889,-0.1496656582044209,-0.3469924420563787,0.0606060606060606,0.088235294117647,6,1,0.0833333333333333,0.1999999999999999,0.4,0.4545454545454545,-1,2,1.5136585235595703,0.9321631789207458
0.9565217391304373,0.963431952662722,0.2553191489361702,0.5301204819277109,0.217391304347826,0.3280918949906568,0.1971008165607045,0.4375,0.9375,0.1627906976744186,0.1620553359683794,0.1304347826086956,0.5217391304347826,1.09138240996916,0.6630301672509814,0.115225467772681,-0.0074242863746937,2.0,0.0,-1.287965238374771,1.1033765735041865,2.007930264829456,0.2307692307692307,0.0909090909090909,0.0363636363636363,0.1296296296296296,1.7418156309057171,-0.3469924420563787,0.2121212121212121,0.0588235294117647,3,6,0.0277777777777777,0.1142857142857142,0.3666666666666667,0.5454545454545454,1,2,1.709107756614685,0.8952293395996094
0.9565217391304373,0.963431952662722,0.2553191489361702,0.2409638554216867,0.217391304347826,0.3280918949906568,0.1971008165607045,0.5833333333333333,0.3958333333333333,0.1627906976744186,0.1620553359683794,0.5652173913043479,0.6521739130434783,0.3403452719906926,-1.101774366081315,0.3124269791225654,-0.4362856828031928,1.0,0.0,-1.081036557306445,0.6270874855992962,1.3667907581490943,0.1153846153846153,0.0909090909090909,0.1636363636363636,0.1296296296296296,-0.4935713471335369,-0.3469924420563787,0.0606060606060606,0.0588235294117647,5,5,0.1388888888888889,0.1428571428571428,0.3666666666666667,0.5454545454545454,1,2,1.6346440315246582,0.9303876757621765
0.9565217391304373,0.963431952662722,0.2553191489361702,0.8433734939759037,0.217391304347826,0.3280918949906568,0.1971008165607045,0.9583333333333331,0.1666666666666666,0.1627906976744186,0.1620553359683794,0.6086956521739131,0.3043478260869565,-0.5569544979377308,-0.254554146025003,-0.3932256955276284,0.1076684920328081,0.0,2.0,1.9336016846828068,-0.8704128100053846,-1.5236557571449685,0.1346153846153846,0.1272727272727272,0.1454545454545454,0.0648148148148148,-0.1496656582044209,0.5849128010487517,0.1212121212121212,0.1470588235294117,1,3,0.1944444444444444,0.0857142857142857,0.3666666666666667,0.5454545454545454,-1,0,1.185950756072998,1.0887901782989502
0.9565217391304373,0.963550295857988,0.2553191489361702,0.9759036144578314,0.217391304347826,0.3280918949906568,0.1971008165607045,0.2708333333333333,0.7916666666666666,0.1627906976744186,0.1620553359683794,0.3913043478260869,0.0434782608695652,0.5873056395351485,0.1962861808005382,0.0786598294833466,-1.5521240335978803,1.0,2.0,-0.3276043744598828,-0.6930545503312608,0.1199754823232281,0.125,0.1272727272727272,0.1363636363636363,0.1018518518518518,-0.1496656582044209,0.2460381671923406,0.1212121212121212,0.2058823529411764,4,2,0.1111111111111111,0.0857142857142857,0.4,0.5454545454545454,-1,2,1.4819045066833496,0.9563779234886169
0.9565217391304373,0.963550295857988,0.2553191489361702,0.036144578313253,0.217391304347826,0.3280918949906568,0.1971008165607045,0.375,0.0833333333333333,0.1627906976744186,0.1620553359683794,0.1739130434782608,0.2608695652173913,-0.7810397562458401,0.6339978059722041,-0.0322304681947919,0.4168381450064988,2.0,1.0,-0.0380037212488559,-1.0508253591272612,-0.1371620867983627,0.1346153846153846,0.1181818181818181,0.0999999999999999,0.0925925925925925,0.280216452956974,0.2460381671923406,0.1818181818181818,0.1470588235294117,3,5,0.0833333333333333,0.0571428571428571,0.4,0.5454545454545454,1,2,1.4656165838241577,0.9907100796699524
0.9565217391304373,0.9636686390532544,0.2553191489361702,0.4698795180722891,0.217391304347826,0.3280918949906568,0.1971008165607045,0.3333333333333333,0.5416666666666666,0.1627906976744186,0.1620553359683794,0.0,0.4347826086956522,-0.0085831623736156,0.4769608283538198,0.1200616396512995,-0.0402226603643458,4.0,1.0,-0.9409781419179728,0.403220942973219,1.0716818332267446,0.1634615384615384,0.109090909090909,0.0727272727272727,0.1388888888888889,0.7960749863506482,-0.262273783592276,0.2121212121212121,0.1176470588235294,3,4,0.0555555555555555,0.1142857142857142,0.4333333333333333,0.5454545454545454,1,2,1.6371722221374512,0.9271891713142395
0.9565217391304373,0.9636686390532544,0.2553191489361702,0.4819277108433735,0.217391304347826,0.3280918949906568,0.1971008165607045,0.4791666666666666,0.2291666666666666,0.1627906976744186,0.1620553359683794,0.6956521739130435,0.3478260869565217,-0.9893065371620888,-0.4724497749219784,1.5643688612841171,1.2097851849199468,0.0,1.0,0.1410669028165541,-1.1816205106413085,-0.3204713156955137,0.1153846153846153,0.1181818181818181,0.1636363636363636,0.1018518518518518,-0.4935713471335369,0.1613195087282378,0.0606060606060606,0.1176470588235294,4,3,0.1666666666666666,0.1142857142857142,0.4333333333333333,0.5454545454545454,-1,2,1.3177381753921509,1.0293161869049072
0.9565217391304373,0.963786982248521,0.2553191489361702,0.2048192771084337,0.217391304347826,0.3280918949906568,0.1971008165607045,0.6458333333333333,0.8958333333333333,0.1627906976744186,0.1620553359683794,0.782608695652174,0.8260869565217391,-1.6529507543086894,-0.1884640629494869,0.4785870965164475,0.588057583961006,2.0,0.0,0.9123179910278606,-1.2079766391580398,-0.9585322926196832,0.0769230769230769,0.0454545454545454,0.2181818181818181,0.1666666666666666,-1.353335569456327,-1.1094603682333035,0.0606060606060606,0.0,2,3,0.1944444444444444,0.2285714285714285,0.4666666666666667,0.5454545454545454,1,2,1.30439031124115,1.071154236793518
0.9565217391304373,0.963905325443787,0.2765957446808511,0.4819277108433735,0.217391304347826,0.3280918949906568,0.1971008165607045,0.2291666666666666,0.2708333333333333,0.1627906976744186,0.1620553359683794,0.4347826086956522,0.3478260869565217,-0.4995521607143251,0.6113831655068648,1.1906624519596425,0.1195764613549228,0.0,1.0,0.4515121069612058,-1.4482139172573738,-0.5300116458787394,0.1346153846153846,0.1272727272727272,0.0999999999999999,0.1574074074074073,0.280216452956974,-0.262273783592276,0.1515151515151515,0.1176470588235294,3,4,0.1111111111111111,0.1428571428571428,0.5,0.5454545454545454,-1,2,1.3136001825332642,1.011290192604065
0.9565217391304373,0.963905325443787,0.2765957446808511,0.0,0.217391304347826,0.3280918949906568,0.1971008165607045,0.6875,0.9791666666666666,0.1627906976744186,0.1620553359683794,0.1304347826086956,0.4782608695652174,0.9797908228663688,0.3358547684095887,0.0884758237563281,2.5893815264237306e-15,1.0,1.0,-1.3946322278676115,1.9760820076809895,2.0257519928162044,0.1153846153846153,0.1545454545454545,0.0727272727272727,0.1111111111111111,0.3661928751892531,0.4154754841205461,0.2121212121212121,0.1176470588235294,1,5,0.0833333333333333,0.0571428571428571,0.5,0.5454545454545454,0,2,1.6759792566299438,0.8905541300773621
0.9565217391304373,0.9640236686390532,0.2765957446808511,0.746987951807229,0.217391304347826,0.3280918949906568,0.1971008165607045,0.1666666666666666,0.3958333333333333,0.1627906976744186,0.1620553359683794,0.2608695652173913,0.6086956521739131,-0.2850595746381715,-1.098590557981082,0.0665138130111448,-0.4362856828031928,0.0,0.0,-1.4597088601307853,2.2831092711025223,2.2022261170679185,0.1538461538461538,0.0909090909090909,0.0636363636363636,0.1388888888888889,0.7960749863506482,-0.4317111005204815,0.1818181818181818,0.0588235294117647,3,5,0.0833333333333333,0.1714285714285714,0.5333333333333333,0.5454545454545454,0,2,1.7391937971115112,0.8992883563041687
0.9565217391304373,0.9640236686390532,0.2765957446808511,0.5301204819277109,0.217391304347826,0.3280918949906568,0.1971008165607045,0.4583333333333333,0.3333333333333333,0.1627906976744186,0.1620553359683794,0.3043478260869565,0.0434782608695652,0.2465488381613452,0.0318249796000548,-0.04302698182486,0.160166846399134,0.0,2.0,0.3141217902142328,-1.4482139172573738,-0.3937853734224945,0.1442307692307692,0.1909090909090909,0.109090909090909,0.0833333333333333,0.280216452956974,1.0085060933692656,0.1818181818181818,0.2352941176470588,2,3,0.0833333333333333,0.0571428571428571,0.5333333333333333,0.5454545454545454,-1,2,1.3180259466171265,1.066469669342041
0.9565217391304373,0.9640236686390532,0.2765957446808511,0.710843373493976,0.217391304347826,0.3280918949906568,0.1971008165607045,0.7916666666666666,0.9375,0.1627906976744186,0.1620553359683794,0.0869565217391304,0.5652173913043479,0.1642074857664098,0.6657201286511757,-1.6264589190656924,-0.0074242863746937,2.0,2.0,0.4212959995117275,-1.5295329974116838,-0.4839736210344957,0.1538461538461538,0.0909090909090909,0.109090909090909,0.1481481481481481,0.3661928751892531,-0.5164297589845843,0.2424242424242424,0.0588235294117647,2,6,0.0833333333333333,0.1428571428571428,0.5333333333333333,0.5454545454545454,0,2,1.3634328842163086,0.9931354522705078
0.9565217391304373,0.9640236686390532,0.2765957446808511,0.8674698795180723,0.217391304347826,0.3280918949906568,0.1971008165607045,0.8541666666666666,0.4375,0.1627906976744186,0.1620553359683794,0.7391304347826086,0.0,0.4439053094406404,1.119338891816254,-0.580176758212922,0.1554254576072724,1.0,0.0,2.766350699693993,-0.4939691189659106,-1.8186289740786656,0.1057692307692307,0.2363636363636363,0.1272727272727272,0.037037037037037,-0.2356420804366999,1.8556926780102927,0.0909090909090909,0.2352941176470588,2,3,0.1944444444444444,0.0285714285714285,0.5333333333333333,0.5454545454545454,1,0,1.1752643585205078,1.1693198680877686
0.9565217391304373,0.9642603550295856,0.2765957446808511,0.4819277108433735,0.217391304347826,0.3280918949906568,0.1971008165607045,0.4791666666666666,0.375,0.1627906976744186,0.1620553359683794,0.6956521739130435,0.1739130434782608,-0.9869897861174556,-0.744269165079868,1.5643688612841171,0.0108594786393483,1.0,1.0,1.1281330662564206,-0.8448913465681646,-1.1768442229088354,0.1153846153846153,0.1454545454545454,0.1727272727272727,0.1111111111111111,-0.579547769365816,0.3307568256564434,0.0606060606060606,0.2058823529411764,4,3,0.1944444444444444,0.0857142857142857,0.6,0.5454545454545454,0,2,1.3448162078857422,1.081107497215271
0.9565217391304373,0.9642603550295856,0.2765957446808511,0.8433734939759037,0.217391304347826,0.3280918949906568,0.1971008165607045,0.9583333333333331,0.5416666666666666,0.1627906976744186,0.1620553359683794,0.5217391304347826,0.3913043478260869,-0.5533371422479418,0.4798326629976986,-0.3932256955276284,-0.0402226603643458,1.0,1.0,-0.0545957856764702,-0.8704128100053846,-0.2064628594759967,0.1346153846153846,0.1181818181818181,0.1636363636363636,0.1759259259259259,-0.3216185026689789,-0.5164297589845843,0.1212121212121212,0.1176470588235294,1,4,0.2222222222222222,0.1428571428571428,0.6,0.5454545454545454,0,2,1.4756840467453003,1.0178334712982178
0.9565217391304373,0.9642603550295856,0.2978723404255319,0.5301204819277109,0.217391304347826,0.3280918949906568,0.1971008165607045,0.9791666666666666,0.8541666666666666,0.1627906976744186,0.1620553359683794,0.3913043478260869,0.6086956521739131,0.3379507302769394,0.4762880360392561,2.641144751217104e-15,-0.5263477305420222,3.0,0.0,0.8009226986988794,-1.1029476336029211,-0.923514248333601,0.173076923076923,0.109090909090909,0.1181818181818181,0.1296296296296296,0.452169297421532,-0.1775551251281732,0.1212121212121212,0.1176470588235294,6,2,0.0555555555555555,0.1999999999999999,0.6,0.5454545454545454,1,2,1.3038078546524048,1.0318622589111328
0.9565217391304373,0.964378698224852,0.2978723404255319,0.4698795180722891,0.217391304347826,0.3280918949906568,0.1971008165607045,0.3333333333333333,0.6458333333333333,0.1627906976744186,0.1620553359683794,0.0434782608695652,0.782608695652174,-0.0047218709931957,-1.633974922394387,0.1200616396512995,0.5116656403714944,4.0,0.0,-1.5700306678470846,3.066257222097415,2.522992382180825,0.2211538461538461,0.0909090909090909,0.0818181818181818,0.2222222222222222,1.225957097512043,-1.1941790266974064,0.2727272727272727,0.088235294117647,3,2,0.0555555555555555,0.1999999999999999,0.6333333333333333,0.5454545454545454,1,2,1.8187490701675415,0.8699999451637268
0.9565217391304373,0.964378698224852,0.2978723404255319,0.5903614457831325,0.217391304347826,0.3280918949906568,0.1971008165607045,0.3958333333333333,0.7916666666666666,0.1627906976744186,0.1620553359683794,0.6521739130434783,0.0869565217391304,-1.099039245797513,0.1971361347993825,-0.4883143183824354,-1.5521240335978803,1.0,0.0,0.4965065549868699,-1.2874452039608613,-0.6320261191985076,0.0961538461538461,0.1636363636363636,0.1363636363636363,0.1296296296296296,-0.4075949249012579,0.3307568256564434,0.0606060606060606,0.2352941176470588,6,3,0.1666666666666666,0.0857142857142857,0.6333333333333333,0.5454545454545454,1,2,1.3149830102920532,1.0829225778579712
0.9565217391304373,0.964378698224852,0.2978723404255319,0.5301204819277109,0.217391304347826,0.3280918949906568,0.1971008165607045,0.4375,0.4583333333333333,0.1627906976744186,0.1620553359683794,0.0,0.2608695652173913,1.094388501260522,0.2789351854562801,0.115225467772681,0.0002745635450137,1.0,0.0,-0.7093961636354963,-0.4447833217673027,0.7994883966076645,0.25,0.1363636363636363,0.0454545454545454,0.1296296296296296,1.827792053137996,0.076600850264135,0.2424242424242424,0.1764705882352941,3,2,0.0555555555555555,0.1142857142857142,0.6333333333333333,0.5454545454545454,1,2,1.5871070623397827,0.9232883453369141
0.9565217391304373,0.964378698224852,0.2978723404255319,0.2409638554216867,0.217391304347826,0.3280918949906568,0.1971008165607045,0.5833333333333333,0.2291666666666666,0.1627906976744186,0.1620553359683794,0.6956521739130435,0.3478260869565217,0.3443686079225027,-0.4724438740746163,0.3124269791225654,1.2097851849199468,1.0,0.0,-0.98060781080609,0.403220942973219,1.1560881276248929,0.125,0.1272727272727272,0.1636363636363636,0.1111111111111111,-0.4075949249012579,0.1613195087282378,0.0909090909090909,0.1470588235294117,5,3,0.1388888888888889,0.1428571428571428,0.6333333333333333,0.5454545454545454,1,2,1.5885121822357178,0.9481645822525024
0.9565217391304373,0.964378698224852,0.2978723404255319,0.0,0.217391304347826,0.3280918949906568,0.1971008165607045,0.6875,0.0833333333333333,0.1627906976744186,0.1620553359683794,0.1739130434782608,0.3043478260869565,0.9809066541276292,0.6367279124969266,0.0884758237563281,0.4168381450064988,3.0,2.0,-0.7854393383531333,-0.2262609150274557,0.935923825245049,0.125,0.1272727272727272,0.0818181818181818,0.1111111111111111,0.3661928751892531,0.1613195087282378,0.2121212121212121,0.1470588235294117,2,5,0.0833333333333333,0.0857142857142857,0.6333333333333333,0.5454545454545454,1,2,1.475989818572998,0.9322403073310852
0.9565217391304373,0.964378698224852,0.2978723404255319,0.1686746987951807,0.217391304347826,0.3280918949906568,0.1971008165607045,0.8958333333333333,0.1666666666666666,0.1627906976744186,0.1620553359683794,0.8260869565217391,0.217391304347826,-0.2232764204597186,-0.2537278831922048,0.55650615895966,0.1076684920328081,0.0,1.0,2.100342178560804,-1.0508253591272612,-1.534122109741383,0.048076923076923,0.1454545454545454,0.1818181818181818,0.0648148148148148,-1.267359147224048,0.7543501179769573,0.0,0.1764705882352941,3,4,0.25,0.0857142857142857,0.6333333333333333,0.5454545454545454,-1,0,1.1841795444488525,1.1126145124435425
0.9565217391304373,0.964378698224852,0.2978723404255319,0.3012048192771084,0.217391304347826,0.3280918949906568,0.1971008165607045,0.9375,0.2708333333333333,0.1627906976744186,0.1620553359683794,0.5652173913043479,0.4347826086956522,0.6333877139311435,0.6122709181724958,-0.0508797361788803,0.1195764613549228,2.0,0.0,0.0604419153646142,-1.6664833862369766,-0.0292289707769464,0.1153846153846153,0.1363636363636363,0.1636363636363636,0.1574074074074073,-0.4935713471335369,-0.1775551251281732,0.0606060606060606,0.1470588235294117,7,4,0.1388888888888889,0.1428571428571428,0.6333333333333333,0.5454545454545454,1,2,1.3901458978652954,0.9491609930992126
0.9565217391304373,0.9647337278106513,0.3191489361702128,0.4819277108433735,0.217391304347826,0.3280918949906568,0.1971008165607045,0.2291666666666666,0.9791666666666666,0.1627906976744186,0.1620553359683794,0.3913043478260869,0.4347826086956522,-0.4997336172903088,0.3358547684095887,1.1906624519596425,2.5893815264237306e-15,0.0,2.0,-0.0214649219672212,-0.9216430126275929,-0.1924854918994024,0.1346153846153846,0.1909090909090909,0.1181818181818181,0.1203703703703703,0.108263608492416,0.6696314595128544,0.1515151515151515,0.1470588235294117,3,6,0.1666666666666666,0.0571428571428571,0.7333333333333333,0.5454545454545454,-1,2,1.4368354082107544,1.0087751150131226
0.9565217391304373,0.9647337278106513,0.3191489361702128,0.9759036144578314,0.217391304347826,0.3280918949906568,0.1971008165607045,0.2708333333333333,0.3333333333333333,0.1627906976744186,0.1620553359683794,0.3478260869565217,0.0,0.5920861342419038,0.0340561560349694,0.0786598294833466,0.160166846399134,0.0,0.0,0.9397944910999774,-1.611488217641551,-0.8545763335208868,0.1442307692307692,0.2454545454545454,0.1727272727272727,0.0833333333333333,-0.3216185026689789,1.516818044153882,0.1515151515151515,0.2941176470588235,4,3,0.1666666666666666,0.0571428571428571,0.7333333333333333,0.5454545454545454,0,2,1.3050869703292847,1.0946494340896606
0.9565217391304373,0.9647337278106513,0.3191489361702128,0.5301204819277109,0.217391304347826,0.3280918949906568,0.1971008165607045,0.4583333333333333,0.6875,0.1627906976744186,0.1620553359683794,0.2608695652173913,0.1739130434782608,0.2491600030716723,1.010319263648209,-0.04302698182486,0.1292000740789988,1.0,2.0,1.114906277086749,-1.6664833862369766,-0.9497427944244294,0.1442307692307692,0.1454545454545454,0.1363636363636363,0.1018518518518518,0.022287186260137,0.4154754841205461,0.1818181818181818,0.2352941176470588,2,2,0.1388888888888889,0.0857142857142857,0.7333333333333333,0.5454545454545454,-1,2,1.3051713705062866,1.0452802181243896
0.9565217391304373,0.9648520710059172,0.3191489361702128,0.5903614457831325,0.217391304347826,0.3280918949906568,0.1971008165607045,0.3958333333333333,0.8958333333333333,0.1627906976744186,0.1620553359683794,0.6956521739130435,0.8260869565217391,-1.096807969650748,-0.1910708427776893,-0.4883143183824354,0.588057583961006,2.0,2.0,0.2986275483044809,-1.2874452039608613,-0.4235744013296885,0.1057692307692307,0.0454545454545454,0.1363636363636363,0.1944444444444444,-0.3216185026689789,-1.363616343625612,0.0909090909090909,0.0,6,3,0.1666666666666666,0.2857142857142857,0.7666666666666667,0.5454545454545454,0,2,1.3184101581573486,1.024074673652649
0.9565217391304373,0.9648520710059172,0.3191489361702128,0.2048192771084337,0.217391304347826,0.3280918949906568,0.1971008165607045,0.6458333333333333,0.9375,0.1627906976744186,0.1620553359683794,0.7391304347826086,0.6521739130434783,-1.647165840395137,0.6673657171161497,0.4785870965164475,-0.0074242863746937,0.0,1.0,3.037808792919394,-0.5433869255002135,-1.8646669989229092,0.0961538461538461,0.1272727272727272,0.2545454545454545,0.1666666666666666,-1.5252884139208849,-0.3469924420563787,0.0909090909090909,0.088235294117647,2,7,0.2222222222222222,0.1428571428571428,0.7666666666666667,0.5454545454545454,-1,0,1.1658674478530884,1.1352018117904663
0.9565217391304373,0.9648520710059172,0.3191489361702128,0.710843373493976,0.217391304347826,0.3280918949906568,0.1971008165607045,0.7916666666666666,0.4375,0.1627906976744186,0.1620553359683794,0.0869565217391304,0.0434782608695652,0.1678767810456506,1.1216061356301443,-1.6264589190656924,0.1554254576072724,1.0,2.0,2.5101839365853773,-0.2985964536704366,-1.784518149465468,0.173076923076923,0.2454545454545454,0.1363636363636363,0.0462962962962962,0.280216452956974,1.8556926780102927,0.2424242424242424,0.2647058823529412,3,3,0.1111111111111111,0.0571428571428571,0.7666666666666667,0.5454545454545454,-1,0,1.2037386894226074,1.2105518579483032
0.9565217391304373,0.9648520710059172,0.3191489361702128,0.8674698795180723,0.217391304347826,0.3280918949906568,0.1971008165607045,0.8541666666666666,0.5833333333333333,0.1627906976744186,0.1620553359683794,0.5217391304347826,0.5652173913043479,0.4447788923039172,0.3661906174034437,-0.580176758212922,0.3487620591838878,1.0,2.0,0.3756369276637238,-0.97312496172793,-0.6161243244159433,0.1153846153846153,0.1272727272727272,0.1545454545454545,0.1666666666666666,-0.4075949249012579,-0.3469924420563787,0.1212121212121212,0.1176470588235294,2,5,0.2222222222222222,0.1428571428571428,0.7666666666666667,0.5454545454545454,-1,2,1.3530323505401611,1.009324312210083
0.9565217391304373,0.9650887573964496,0.3404255319148936,0.746987951807229,0.217391304347826,0.3280918949906568,0.1971008165607045,0.1666666666666666,0.2708333333333333,0.1627906976744186,0.1620553359683794,0.217391304347826,0.3913043478260869,-0.2820389504881127,0.6155265234908974,0.0665138130111448,0.1195764613549228,1.0,1.0,-0.98060781080609,0.1048541793500865,1.31426307245563,0.1634615384615384,0.1363636363636363,0.0636363636363636,0.1759259259259259,0.8820514085829272,-0.3469924420563787,0.2121212121212121,0.1470588235294117,4,5,0.0833333333333333,0.1714285714285714,0.8333333333333334,0.5454545454545454,0,2,1.6146328449249268,0.935606062412262
0.9565217391304373,0.9650887573964496,0.3404255319148936,0.4819277108433735,0.217391304347826,0.3280918949906568,0.1971008165607045,0.4791666666666666,0.7916666666666666,0.1627906976744186,0.1620553359683794,0.782608695652174,0.0869565217391304,-0.983554190746742,0.1987888104777331,1.5643688612841171,-1.5521240335978803,3.0,1.0,-0.5605964612913903,0.4708846155948588,0.0945079269000567,0.125,0.1727272727272727,0.1818181818181818,0.1574074074074073,-0.579547769365816,0.1613195087282378,0.0606060606060606,0.2352941176470588,5,3,0.1944444444444444,0.1428571428571428,0.8333333333333334,0.5454545454545454,1,2,1.5196788311004639,0.971378743648529
0.9565217391304373,0.9650887573964496,0.3404255319148936,0.1686746987951807,0.217391304347826,0.3280918949906568,0.1971008165607045,0.8958333333333333,0.8541666666666666,0.1627906976744186,0.1620553359683794,0.8260869565217391,0.6521739130434783,-0.2231876555571771,0.4764419697519196,0.55650615895966,-0.5263477305420222,2.0,2.0,0.7157665193787079,-0.8448913465681646,-0.9409767037087994,0.0673076923076923,0.1181818181818181,0.209090909090909,0.1759259259259259,-1.353335569456327,-0.5164297589845843,0.0,0.1176470588235294,4,2,0.2777777777777778,0.2571428571428571,0.8333333333333334,0.5454545454545454,0,2,1.3410780429840088,1.0662281513214111
0.9565217391304373,0.9650887573964496,0.3404255319148936,0.5301204819277109,0.217391304347826,0.3280918949906568,0.1971008165607045,0.9791666666666666,0.3958333333333333,0.1627906976744186,0.1620553359683794,0.2608695652173913,0.6086956521739131,0.3379507302769394,-1.0797508653802717,2.641144751217104e-15,-0.4362856828031928,1.0,1.0,-0.7854393383531333,-0.0593952966622821,0.820061370566481,0.2211538461538461,0.1181818181818181,0.1181818181818181,0.1574074074074073,0.8820514085829272,-0.3469924420563787,0.1818181818181818,0.088235294117647,6,7,0.0555555555555555,0.1714285714285714,0.8333333333333334,0.5454545454545454,0,2,1.5282855033874512,0.9275622367858887
0.9565217391304373,0.9652071005917158,0.3404255319148936,0.4698795180722891,0.217391304347826,0.3280918949906568,0.1971008165607045,0.3333333333333333,0.2291666666666666,0.1627906976744186,0.1620553359683794,0.0,0.4347826086956522,-0.0001821169211074,-0.4725568912759622,0.1200616396512995,1.2097851849199468,1.0,2.0,-1.245909237057441,1.208669475470106,1.7049056819942034,0.2596153846153846,0.1272727272727272,0.0818181818181818,0.1388888888888889,1.5698627864411592,-0.0928364666640704,0.303030303030303,0.1470588235294117,4,3,0.0555555555555555,0.1999999999999999,0.8666666666666667,0.5454545454545454,-1,2,1.7165052890777588,0.9175317287445068
0.9565217391304373,0.9652071005917158,0.3404255319148936,0.036144578313253,0.217391304347826,0.3280918949906568,0.1971008165607045,0.375,0.6458333333333333,0.1627906976744186,0.1620553359683794,0.1739130434782608,0.7391304347826086,-0.7753112010089942,-1.6273518141830854,-0.0322304681947919,0.5116656403714944,3.0,0.0,-1.6827667100995003,3.860187498098882,2.778698642717875,0.1634615384615384,0.0909090909090909,0.1181818181818181,0.2685185185185185,0.3661928751892531,-1.6177723190179203,0.2121212121212121,0.088235294117647,4,2,0.0833333333333333,0.2571428571428571,0.8666666666666667,0.5454545454545454,1,2,1.8075003623962402,0.8696907162666321
0.9565217391304373,0.9652071005917158,0.3404255319148936,0.2409638554216867,0.217391304347826,0.3280918949906568,0.1971008165607045,0.5833333333333333,0.9583333333333331,0.1627906976744186,0.1620553359683794,0.4782608695652174,0.6956521739130435,0.3476655326073899,-0.5188040379734888,0.3124269791225654,-0.343060681303428,1.0,1.0,-1.1013593905706476,1.082190407416607,1.1653343840369128,0.1538461538461538,0.1363636363636363,0.1727272727272727,0.1759259259259259,-0.2356420804366999,-0.3469924420563787,0.1515151515151515,0.1176470588235294,5,2,0.1388888888888889,0.2285714285714285,0.8666666666666667,0.5454545454545454,0,2,1.6779630184173584,0.9324747323989868
0.9565217391304373,0.9652071005917158,0.3404255319148936,0.0,0.217391304347826,0.3280918949906568,0.1971008165607045,0.6875,0.5416666666666666,0.1627906976744186,0.1620553359683794,0.1304347826086956,0.5217391304347826,0.9830949960617856,0.484676319056927,0.0884758237563281,-0.0402226603643458,1.0,0.0,-1.3731214176949431,2.0536864777859845,1.917344880808902,0.173076923076923,0.1272727272727272,0.109090909090909,0.1851851851851851,0.5381457196538111,-0.5164297589845843,0.2727272727272727,0.1176470588235294,2,5,0.0833333333333333,0.1428571428571428,0.8666666666666667,0.5454545454545454,1,2,1.7110850811004639,0.8936729431152344
0.9565217391304373,0.9652071005917158,0.3404255319148936,0.3012048192771084,0.217391304347826,0.3280918949906568,0.1971008165607045,0.9375,0.4583333333333333,0.1627906976744186,0.1620553359683794,0.5652173913043479,0.3043478260869565,0.6369751673734052,0.2815939517236145,-0.0508797361788803,0.0002745635450137,3.0,1.0,-0.1383672501511287,-1.2079766391580398,0.0494599983513029,0.1442307692307692,0.1454545454545454,0.1636363636363636,0.1574074074074073,-0.2356420804366999,-0.0928364666640704,0.1212121212121212,0.1764705882352941,7,2,0.1388888888888889,0.1714285714285714,0.8666666666666667,0.5454545454545454,1,2,1.4847030639648438,0.9359081983566284
0.9565217391304373,0.9653254437869824,0.3404255319148936,0.5301204819277109,0.217391304347826,0.3280918949906568,0.1971008165607045,0.4375,0.0833333333333333,0.1627906976744186,0.1620553359683794,0.0434782608695652,0.3478260869565217,1.097262366189214,0.6398184470697313,0.115225467772681,0.4168381450064988,1.0,0.0,-1.3517000498186804,1.5386670109837148,2.022195358090612,0.2788461538461538,0.1454545454545454,0.0545454545454545,0.1388888888888889,1.9997448976025545,0.076600850264135,0.303030303030303,0.1470588235294117,3,5,0.0555555555555555,0.1142857142857142,0.9,0.5454545454545454,1,2,1.731831669807434,0.9056044220924377
0.9565217391304373,0.9655621301775148,0.3617021276595745,0.1325301204819277,0.217391304347826,0.3280918949906568,0.1971008165607045,0.5416666666666666,0.4791666666666666,0.1627906976744186,0.1620553359683794,0.5652173913043479,0.782608695652174,0.4572785551149533,-0.9540235857393248,-0.0843337685133374,1.5761674031474842,2.0,1.0,-0.3627705966805152,-0.178313208635131,-0.0292289707769464,0.1346153846153846,0.1454545454545454,0.1909090909090909,0.1944444444444444,-0.579547769365816,-0.4317111005204815,0.1212121212121212,0.088235294117647,5,5,0.1666666666666666,0.1999999999999999,0.9666666666666668,0.5454545454545454,1,2,1.5128203630447388,0.9299400448799133
0.9565217391304373,0.9659171597633138,0.3617021276595745,0.1686746987951807,0.217391304347826,0.3280918949906568,0.1971008165607045,0.8958333333333333,0.375,0.1627906976744186,0.1620553359683794,0.8260869565217391,0.217391304347826,-0.2230805739184944,-0.7394866068671554,0.55650615895966,0.0108594786393483,0.0,0.0,1.4606246557543798,-0.8704128100053846,-1.350638168648746,0.0865384615384615,0.1818181818181818,0.2272727272727272,0.1203703703703703,-1.353335569456327,0.5849128010487517,0.0,0.2352941176470588,5,4,0.2777777777777778,0.0857142857142857,0.0333333333333333,0.6363636363636364,0,2,1.3130336999893188,1.0808343887329102
0.9565217391304373,0.9659171597633138,0.3617021276595745,0.5301204819277109,0.217391304347826,0.3280918949906568,0.1971008165607045,0.9791666666666666,0.9583333333333331,0.1627906976744186,0.1620553359683794,0.2608695652173913,0.6521739130434783,0.3379507302769394,-0.5155853768485451,2.641144751217104e-15,-0.343060681303428,3.0,2.0,-0.4877778418888012,-0.4939691189659106,0.3407284708103074,0.2307692307692307,0.1454545454545454,0.1272727272727272,0.1851851851851851,0.8820514085829272,-0.3469924420563787,0.1818181818181818,0.1176470588235294,7,3,0.0555555555555555,0.2285714285714285,0.0333333333333333,0.6363636363636364,1,2,1.5085738897323608,0.9214981198310852
0.9565217391304373,0.96603550295858,0.3617021276595745,0.8072289156626506,0.217391304347826,0.3280918949906568,0.1971008165607045,0.0833333333333333,0.7916666666666666,0.1627906976744186,0.1620553359683794,0.3478260869565217,0.1304347826086956,0.6285489819718543,0.2042396442941415,0.3818639450231136,-1.5521240335978803,2.0,1.0,-0.3804441356314412,-0.2022596317693716,-0.0093796737347103,0.1538461538461538,0.1818181818181818,0.1454545454545454,0.1851851851851851,0.022287186260137,-0.0081178081999676,0.1515151515151515,0.2352941176470588,5,3,0.1388888888888889,0.1714285714285714,0.0666666666666666,0.6363636363636364,1,2,1.4811789989471436,0.9295857548713684
0.9565217391304373,0.96603550295858,0.3617021276595745,0.746987951807229,0.217391304347826,0.3280918949906568,0.1971008165607045,0.1666666666666666,0.3333333333333333,0.1627906976744186,0.1620553359683794,0.1739130434782608,0.0,-0.2795141663238834,0.042608348403861,0.0665138130111448,0.160166846399134,0.0,2.0,0.1410669028165541,-0.9989611167699352,-0.3937853734224945,0.173076923076923,0.2545454545454545,0.0727272727272727,0.1018518518518518,0.8820514085829272,1.4320993856897792,0.2121212121212121,0.2941176470588235,5,4,0.0833333333333333,0.0857142857142857,0.0666666666666666,0.6363636363636364,-1,2,1.4487080574035645,1.061535358428955
0.9565217391304373,0.96603550295858,0.3617021276595745,0.4819277108433735,0.217391304347826,0.3280918949906568,0.1971008165607045,0.2291666666666666,0.4375,0.1627906976744186,0.1620553359683794,0.5217391304347826,0.0434782608695652,-0.5000509224296517,1.124883161101777,1.1906624519596425,0.1554254576072724,1.0,1.0,3.532973793546395,-0.178313208635131,-2.006775331132528,0.1538461538461538,0.2727272727272727,0.1454545454545454,0.0555555555555555,0.022287186260137,2.0251299949384984,0.1818181818181818,0.3235294117647059,3,3,0.1944444444444444,0.0571428571428571,0.0666666666666666,0.6363636363636364,0,0,1.1762759685516357,1.2394492626190186
0.9565217391304373,0.96603550295858,0.3829787234042553,0.9759036144578314,0.217391304347826,0.3280918949906568,0.1971008165607045,0.2708333333333333,0.4791666666666666,0.1627906976744186,0.1620553359683794,0.4782608695652174,0.7391304347826086,0.5971612388456338,-0.952319878807518,0.0786598294833466,1.5761674031474842,1.0,1.0,-0.1722610010318848,-0.9216430126275929,-0.0159828156045751,0.1538461538461538,0.1545454545454545,0.1818181818181818,0.2129629629629629,-0.3216185026689789,-0.5164297589845843,0.1515151515151515,0.088235294117647,6,5,0.1666666666666666,0.2285714285714285,0.0666666666666666,0.6363636363636364,0,2,1.5059759616851807,0.9333008527755737
0.9565217391304373,0.96603550295858,0.3829787234042553,0.5903614457831325,0.217391304347826,0.3280918949906568,0.1971008165607045,0.3958333333333333,0.6875,0.1627906976744186,0.1620553359683794,0.6086956521739131,0.0869565217391304,-1.0896254860869723,1.0141057593949518,-0.4883143183824354,0.1292000740789988,2.0,2.0,1.3605859483617346,-1.556780231391779,-1.1394385349469036,0.1346153846153846,0.1727272727272727,0.1636363636363636,0.1111111111111111,-0.3216185026689789,0.5849128010487517,0.0909090909090909,0.2941176470588235,8,2,0.1666666666666666,0.0857142857142857,0.0666666666666666,0.6363636363636364,0,2,1.3011728525161743,1.1247626543045044
0.9565217391304373,0.96603550295858,0.3829787234042553,0.5301204819277109,0.217391304347826,0.3280918949906568,0.1971008165607045,0.4583333333333333,0.5416666666666666,0.1627906976744186,0.1620553359683794,0.3478260869565217,0.5652173913043479,0.2543274684301146,0.4875849304960323,-0.04302698182486,-0.0402226603643458,1.0,0.0,-0.4517509010041132,-0.6679609920828745,0.3169188543898358,0.1634615384615384,0.1454545454545454,0.1818181818181818,0.2037037037037037,-0.2356420804366999,-0.5164297589845843,0.1818181818181818,0.1470588235294117,2,5,0.1944444444444444,0.1714285714285714,0.0666666666666666,0.6363636363636364,1,2,1.4896959066390991,0.9254522919654846
0.9565217391304373,0.9661538461538464,0.3829787234042553,0.2409638554216867,0.217391304347826,0.3280918949906568,0.1971008165607045,0.5833333333333333,0.9375,0.1627906976744186,0.1620553359683794,0.4347826086956522,0.5217391304347826,0.351387176163434,0.6728879695603418,0.3124269791225654,-0.0074242863746937,1.0,2.0,0.4965065549868699,-1.2874452039608613,-0.6480051074620717,0.1634615384615384,0.1636363636363636,0.1818181818181818,0.1759259259259259,-0.2356420804366999,-0.0928364666640704,0.1515151515151515,0.1470588235294117,6,7,0.1388888888888889,0.1428571428571428,0.1,0.6363636363636364,-1,2,1.314798355102539,0.9818544983863831
0.9565217391304373,0.9662721893491124,0.3829787234042553,0.8674698795180723,0.217391304347826,0.3280918949906568,0.1971008165607045,0.8541666666666666,0.6458333333333333,0.1627906976744186,0.1620553359683794,0.6956521739130435,0.782608695652174,0.4464818059851396,-1.6261584264464384,-0.580176758212922,0.5116656403714944,3.0,1.0,-1.4162332303801906,2.5261089645914385,1.81283879801562,0.1442307692307692,0.0909090909090909,0.1909090909090909,0.2962962962962963,-0.4935713471335369,-1.871928294410229,0.1212121212121212,0.088235294117647,3,2,0.25,0.2857142857142857,0.1333333333333333,0.6363636363636364,1,2,1.7292730808258057,0.8982236385345459
0.9565217391304373,0.9667455621301776,0.3829787234042553,0.5301204819277109,0.217391304347826,0.3280918949906568,0.1971008165607045,0.4375,0.9791666666666666,0.1627906976744186,0.1620553359683794,0.0,0.2608695652173913,1.1016245066379262,0.3358547684095887,0.115225467772681,2.5893815264237306e-15,2.0,1.0,-1.59238138208678,3.2230165890322766,2.574544156273653,0.2980769230769231,0.2454545454545454,0.0636363636363636,0.1481481481481481,2.085721319834833,0.9237874349051628,0.3333333333333333,0.2058823529411764,4,7,0.0555555555555555,0.0571428571428571,0.2666666666666666,0.6363636363636364,1,2,1.8530046939849854,0.8769475221633911
0.9565217391304373,0.9667455621301776,0.4042553191489362,0.710843373493976,0.217391304347826,0.3280918949906568,0.1971008165607045,0.7916666666666666,0.5833333333333333,0.1627906976744186,0.1620553359683794,0.217391304347826,0.3913043478260869,0.1771649982562392,0.3736302686277667,-1.6264589190656924,0.3487620591838878,1.0,3.0,1.06165689809816,-0.9989611167699352,-1.1208938936809043,0.2019230769230769,0.1636363636363636,0.1999999999999999,0.2037037037037037,-0.0636892359721419,-0.3469924420563787,0.2424242424242424,0.1470588235294117,3,6,0.1944444444444444,0.1714285714285714,0.2666666666666666,0.6363636363636364,-1,2,1.333612322807312,1.0518627166748047
0.9565217391304373,0.9667455621301776,0.4042553191489362,0.3012048192771084,0.217391304347826,0.3280918949906568,0.1971008165607045,0.9375,0.3958333333333333,0.1627906976744186,0.1620553359683794,0.3043478260869565,0.6086956521739131,0.6440416902024281,-1.0744570168345222,-0.0508797361788803,-0.4362856828031928,2.0,0.0,-0.7472774486603239,-0.3228197143115979,0.8251845857926003,0.1923076923076923,0.1454545454545454,0.1818181818181818,0.1851851851851851,0.022287186260137,-0.3469924420563787,0.1818181818181818,0.088235294117647,7,9,0.1388888888888889,0.1714285714285714,0.2666666666666666,0.6363636363636364,1,2,1.5133689641952515,0.9278942942619324
0.9565217391304373,0.966863905325444,0.4042553191489362,0.4698795180722891,0.217391304347826,0.3280918949906568,0.1971008165607045,0.3333333333333333,0.8541666666666666,0.1627906976744186,0.1620553359683794,0.0434782608695652,0.6956521739130435,0.0097105184768003,0.4802690543759634,0.1200616396512995,-0.5263477305420222,1.0,2.0,-1.12176271051321,1.3749674998293444,1.0953459546880302,0.2884615384615385,0.1636363636363636,0.0999999999999999,0.2037037037037037,1.655839208673438,-0.3469924420563787,0.3333333333333333,0.1470588235294117,4,3,0.0833333333333333,0.2571428571428571,0.3,0.6363636363636364,-1,2,1.7290844917297363,0.9293387532234192
0.9565217391304373,0.966863905325444,0.4042553191489362,0.036144578313253,0.217391304347826,0.3280918949906568,0.1971008165607045,0.375,0.4583333333333333,0.1627906976744186,0.1620553359683794,0.1304347826086956,0.4782608695652174,-0.7698899580859921,0.2880755171621079,-0.0322304681947919,0.0002745635450137,3.0,3.0,-0.8820994261788107,0.2436185333015441,0.926009163778442,0.1923076923076923,0.1636363636363636,0.1181818181818181,0.1851851851851851,0.62412214188609,-0.1775551251281732,0.2424242424242424,0.2058823529411764,5,2,0.0833333333333333,0.1999999999999999,0.3,0.6363636363636364,0,2,1.5122807025909424,0.9245160818099976
0.9565217391304373,0.966863905325444,0.4042553191489362,0.4819277108433735,0.217391304347826,0.3280918949906568,0.1971008165607045,0.4791666666666666,0.1666666666666666,0.1627906976744186,0.1620553359683794,0.7391304347826086,0.2608695652173913,-0.9754220792181306,-0.2469715998359306,1.5643688612841171,0.1076684920328081,0.0,5.0,0.5999901515427922,-1.0248611437064463,-0.8122119763186683,0.173076923076923,0.1636363636363636,0.2181818181818181,0.0925925925925925,-0.4935713471335369,0.6696314595128544,0.0909090909090909,0.2058823529411764,6,5,0.2222222222222222,0.1142857142857142,0.3,0.6363636363636364,-1,2,1.3095577955245972,1.0584548711776733
0.9565217391304373,0.966863905325444,0.4042553191489362,0.0,0.217391304347826,0.3280918949906568,0.1971008165607045,0.6875,0.2291666666666666,0.1627906976744186,0.1620553359683794,0.0869565217391304,0.3478260869565217,0.9877984172840282,-0.4729176063017766,0.0884758237563281,1.2097851849199468,2.0,1.0,-1.4162332303801906,1.8585866951244,2.219028936189955,0.2019230769230769,0.1545454545454545,0.1272727272727272,0.1574074074074073,0.62412214188609,-0.0081178081999676,0.303030303030303,0.1764705882352941,3,4,0.0833333333333333,0.1999999999999999,0.3,0.6363636363636364,1,2,1.7078874111175537,0.8921932578086853
0.9565217391304373,0.966863905325444,0.4042553191489362,0.8433734939759037,0.217391304347826,0.3280918949906568,0.1971008165607045,0.9583333333333331,0.0833333333333333,0.1627906976744186,0.1620553359683794,0.6521739130434783,0.5217391304347826,-0.5403483789970126,0.6466336030443193,-0.3932256955276284,0.4168381450064988,1.0,1.0,0.8985245917528065,-1.2874452039608613,-0.9409767037087994,0.173076923076923,0.1636363636363636,0.209090909090909,0.1574074074074073,-0.4075949249012579,0.076600850264135,0.1212121212121212,0.1764705882352941,3,5,0.25,0.1428571428571428,0.3,0.6363636363636364,0,2,1.3011298179626465,1.035969614982605
0.9565217391304373,0.96698224852071,0.4042553191489362,0.1325301204819277,0.217391304347826,0.3280918949906568,0.1971008165607045,0.5416666666666666,0.8958333333333333,0.1627906976744186,0.1620553359683794,0.5652173913043479,0.8260869565217391,0.464330167020315,-0.1908241205142514,-0.0843337685133374,0.588057583961006,0.0,1.0,-0.5605964612913903,-0.178313208635131,0.3049491498608237,0.1538461538461538,0.0818181818181818,0.209090909090909,0.2314814814814814,-0.579547769365816,-1.363616343625612,0.1515151515151515,0.0,5,6,0.1944444444444444,0.2857142857142857,0.3333333333333333,0.6363636363636364,-1,2,1.515890121459961,0.9251201748847961
0.9565217391304373,0.9671005917159764,0.4042553191489362,0.2048192771084337,0.217391304347826,0.3280918949906568,0.1971008165607045,0.6458333333333333,0.2708333333333333,0.1627906976744186,0.1620553359683794,0.782608695652174,0.4347826086956522,-1.633874503197324,0.6219503465736637,0.4785870965164475,0.1195764613549228,2.0,1.0,2.45942656491336,-0.7182083572767156,-1.7062745476298782,0.1057692307692307,0.1545454545454545,0.3181818181818182,0.1944444444444444,-2.0411469473145587,-0.3469924420563787,0.0909090909090909,0.1470588235294117,2,7,0.3055555555555555,0.1714285714285714,0.3666666666666667,0.6363636363636364,1,0,1.1723016500473022,1.1389007568359375
0.9565217391304373,0.9675739644970413,0.425531914893617,0.4819277108433735,0.217391304347826,0.3280918949906568,0.1971008165607045,0.2291666666666666,0.7916666666666666,0.1627906976744186,0.1620553359683794,0.4347826086956522,0.217391304347826,-0.5004365505058449,0.2104885919431121,1.1906624519596425,-1.5521240335978803,1.0,0.0,0.0278352777104329,-0.9989611167699352,-0.2844176680916885,0.173076923076923,0.1999999999999999,0.1727272727272727,0.2314814814814814,-0.0636892359721419,-0.262273783592276,0.1818181818181818,0.2352941176470588,4,3,0.2222222222222222,0.2285714285714285,0.5,0.6363636363636364,1,2,1.4020639657974243,1.0139299631118774
0.9565217391304373,0.9675739644970413,0.425531914893617,0.5903614457831325,0.217391304347826,0.3280918949906568,0.1971008165607045,0.3958333333333333,0.6458333333333333,0.1627906976744186,0.1620553359683794,0.6521739130434783,0.782608695652174,-1.079968993910333,-1.6166059659890093,-0.4883143183824354,0.5116656403714944,2.0,2.0,-0.7283019887119154,0.1744661003130459,0.5587232238860428,0.1538461538461538,0.1181818181818181,0.1999999999999999,0.3333333333333333,-0.4935713471335369,-1.9566469528743315,0.0909090909090909,0.1176470588235294,9,2,0.1944444444444444,0.3142857142857143,0.5,0.6363636363636364,0,2,1.5414539575576782,0.9361947178840637
0.9565217391304373,0.9675739644970413,0.425531914893617,0.5301204819277109,0.217391304347826,0.3280918949906568,0.1971008165607045,0.4583333333333333,0.4791666666666666,0.1627906976744186,0.1620553359683794,0.3478260869565217,0.7391304347826086,0.2603002400698105,-0.946103846841225,-0.04302698182486,1.5761674031474842,2.0,1.0,-0.7093961636354963,0.1281095841487151,0.4914296001438208,0.2019230769230769,0.1636363636363636,0.209090909090909,0.2685185185185185,-0.1496656582044209,-0.940023051305098,0.2121212121212121,0.088235294117647,3,6,0.1944444444444444,0.2571428571428571,0.5,0.6363636363636364,1,2,1.5305500030517578,0.9293832778930664
0.9565217391304373,0.9675739644970413,0.425531914893617,0.1686746987951807,0.217391304347826,0.3280918949906568,0.1971008165607045,0.8958333333333333,0.9375,0.1627906976744186,0.1620553359683794,0.8260869565217391,0.3043478260869565,-0.2228290031530191,0.6784331975370179,0.55650615895966,-0.0074242863746937,2.0,2.0,-0.1892918646465037,-0.6679609920828745,-0.1030512621851642,0.0961538461538461,0.1999999999999999,0.2272727272727272,0.1851851851851851,-1.267359147224048,0.1613195087282378,0.0303030303030303,0.2058823529411764,6,7,0.2777777777777778,0.1428571428571428,0.5,0.6363636363636364,0,2,1.4631004333496094,1.0172713994979858
0.9565217391304373,0.9676923076923076,0.425531914893617,0.8072289156626506,0.217391304347826,0.3280918949906568,0.1971008165607045,0.0833333333333333,0.5416666666666666,0.1627906976744186,0.1620553359683794,0.3913043478260869,0.5652173913043479,0.6340864205686902,0.4951203816341076,0.3818639450231136,-0.0402226603643458,1.0,3.0,-0.86262177896387,0.403220942973219,0.7787860320251706,0.1826923076923077,0.1454545454545454,0.1636363636363636,0.2222222222222222,0.108263608492416,-0.6858670759127897,0.1818181818181818,0.1470588235294117,6,5,0.1388888888888889,0.2285714285714285,0.5333333333333333,0.6363636363636364,-1,2,1.5390262603759766,0.9284928441047668
0.9565217391304373,0.9676923076923076,0.425531914893617,0.9759036144578314,0.217391304347826,0.3280918949906568,0.1971008165607045,0.2708333333333333,0.375,0.1627906976744186,0.1620553359683794,0.4782608695652174,0.1304347826086956,0.603474200414564,-0.7342375661920995,0.0786598294833466,0.0108594786393483,1.0,2.0,0.6582035568204213,-1.1553305205341426,-0.8122119763186683,0.173076923076923,0.209090909090909,0.209090909090909,0.1481481481481481,-0.4075949249012579,0.5849128010487517,0.1515151515151515,0.2352941176470588,7,6,0.1944444444444444,0.0857142857142857,0.5333333333333333,0.6363636363636364,-1,2,1.3108896017074585,1.0427299737930298
0.9565217391304373,0.9676923076923076,0.425531914893617,0.2409638554216867,0.217391304347826,0.3280918949906568,0.1971008165607045,0.5833333333333333,0.4375,0.1627906976744186,0.1620553359683794,0.5217391304347826,0.0,0.3576104926385707,1.1294928473578874,0.3124269791225654,0.1554254576072724,1.0,3.0,2.9458093561594767,-0.3714349085548058,-1.876277822666244,0.2019230769230769,0.3,0.209090909090909,0.074074074074074,-0.1496656582044209,2.1098486534026013,0.1818181818181818,0.3529411764705882,6,4,0.1666666666666666,0.0571428571428571,0.5333333333333333,0.6363636363636364,-1,0,1.1782344579696655,1.1859381198883057
0.9565217391304373,0.9676923076923076,0.425531914893617,0.8674698795180723,0.217391304347826,0.3280918949906568,0.1971008165607045,0.8541666666666666,0.9583333333333331,0.1627906976744186,0.1620553359683794,0.6086956521739131,0.6956521739130435,0.4481438950400153,-0.5082085222736529,-0.580176758212922,-0.343060681303428,0.0,6.0,-0.5422950866216237,0.2665682808359271,0.1136270423259014,0.1923076923076923,0.1727272727272727,0.209090909090909,0.2222222222222222,-0.2356420804366999,-0.4317111005204815,0.1818181818181818,0.1176470588235294,3,4,0.25,0.2571428571428571,0.5333333333333333,0.6363636363636364,-1,2,1.5383527278900146,0.9298322200775146
0.9565217391304373,0.9678106508875736,0.425531914893617,0.746987951807229,0.217391304347826,0.3280918949906568,0.1971008165607045,0.1666666666666666,0.6875,0.1627906976744186,0.1620553359683794,0.2608695652173913,0.0869565217391304,-0.2745177143756105,1.0187786327876671,0.0665138130111448,0.1292000740789988,0.0,1.0,1.101645442090161,-1.3140692476668494,-1.04774276950764,0.2211538461538461,0.209090909090909,0.0909090909090909,0.1388888888888889,1.139980675279764,0.6696314595128544,0.2424242424242424,0.3235294117647059,5,3,0.1111111111111111,0.0857142857142857,0.5666666666666667,0.6363636363636364,-1,2,1.3873040676116943,1.0990056991577148
0.9565217391304373,0.9679289940828402,0.425531914893617,0.5301204819277109,0.217391304347826,0.3280918949906568,0.1971008165607045,0.9791666666666666,0.3333333333333333,0.1627906976744186,0.1620553359683794,0.1739130434782608,0.0434782608695652,0.3379507302769394,0.0536125593637269,2.641144751217104e-15,0.160166846399134,1.0,1.0,0.9123179910278606,-0.6930545503312608,-1.1208938936809043,0.2692307692307693,0.2818181818181818,0.1636363636363636,0.1203703703703703,0.8820514085829272,1.516818044153882,0.2121212121212121,0.3235294117647059,7,4,0.0833333333333333,0.1142857142857142,0.6,0.6363636363636364,0,2,1.443124532699585,1.105300784111023
0.9565217391304373,0.9680473372781068,0.4468085106382979,0.2048192771084337,0.217391304347826,0.3280918949906568,0.1971008165607045,0.6458333333333333,0.9583333333333331,0.1627906976744186,0.1620553359683794,0.782608695652174,0.6956521739130435,-1.6294747030714274,-0.5069930915129889,0.4785870965164475,-0.343060681303428,2.0,0.0,2.1655561069597864,-0.2262609150274557,-1.7173389786133226,0.1442307692307692,0.2272727272727272,0.3454545454545454,0.2222222222222222,-1.95517052508228,0.076600850264135,0.1212121212121212,0.1470588235294117,3,4,0.3055555555555555,0.2571428571428571,0.6333333333333333,0.6363636363636364,1,0,1.1682499647140503,1.180813193321228
0.9565217391304373,0.9684023668639052,0.4468085106382979,0.4698795180722891,0.217391304347826,0.3280918949906568,0.1971008165607045,0.3333333333333333,0.5833333333333333,0.1627906976744186,0.1620553359683794,0.0434782608695652,0.4347826086956522,0.0184802516118595,0.3795319651127127,0.1200616396512995,0.3487620591838878,2.0,1.0,-0.615893931915712,-0.2022596317693716,0.4572597592041285,0.3076923076923077,0.1999999999999999,0.1272727272727272,0.2407407407407407,1.5698627864411592,-0.3469924420563787,0.3333333333333333,0.1764705882352941,5,6,0.1111111111111111,0.1999999999999999,0.7333333333333333,0.6363636363636364,1,2,1.5471879243850708,0.921915590763092
0.9565217391304373,0.9684023668639052,0.4468085106382979,0.710843373493976,0.217391304347826,0.3280918949906568,0.1971008165607045,0.7916666666666666,0.4583333333333333,0.1627906976744186,0.1620553359683794,0.3043478260869565,0.3478260869565217,0.1847066719519553,0.2933477222794608,-1.6264589190656924,0.0002745635450137,4.0,2.0,0.5411114358036283,-1.0508253591272612,-0.7787087342306448,0.2115384615384615,0.209090909090909,0.2363636363636363,0.2222222222222222,-0.3216185026689789,-0.0928364666640704,0.2424242424242424,0.2352941176470588,3,3,0.25,0.1999999999999999,0.7333333333333333,0.6363636363636364,1,2,1.3094520568847656,1.0308319330215454
0.9565217391304373,0.9685207100591716,0.4468085106382979,0.036144578313253,0.217391304347826,0.3280918949906568,0.1971008165607045,0.375,0.8541666666666666,0.1627906976744186,0.1620553359683794,0.1304347826086956,0.5652173913043479,-0.7647452495057703,0.4825199446157024,-0.0322304681947919,-0.5263477305420222,2.0,0.0,-0.9212770412297816,0.8462702824403396,0.7105897337793636,0.2403846153846154,0.1818181818181818,0.1545454545454545,0.2685185185185185,0.7100985641183691,-0.7705857343768925,0.2727272727272727,0.1764705882352941,6,3,0.0833333333333333,0.2857142857142857,0.7666666666666667,0.6363636363636364,1,2,1.6415367126464844,0.9237176179885864
0.9565217391304373,0.9685207100591716,0.4468085106382979,0.4819277108433735,0.217391304347826,0.3280918949906568,0.1971008165607045,0.4791666666666666,0.9791666666666666,0.1627906976744186,0.1620553359683794,0.7391304347826086,0.217391304347826,-0.968228617002068,0.3358547684095887,1.5643688612841171,2.5893815264237306e-15,0.0,1.0,0.5558943198398035,-0.7686978793825137,-0.8631150286287937,0.1826923076923077,0.2636363636363636,0.2818181818181818,0.1759259259259259,-1.0094298805272108,0.83906877644106,0.0909090909090909,0.2058823529411764,6,8,0.2777777777777778,0.0857142857142857,0.7666666666666667,0.6363636363636364,-1,2,1.3412811756134033,1.0661228895187378
0.9565217391304373,0.9685207100591716,0.4468085106382979,0.1325301204819277,0.217391304347826,0.3280918949906568,0.1971008165607045,0.5416666666666666,0.2291666666666666,0.1627906976744186,0.1620553359683794,0.6086956521739131,0.4782608695652174,0.4716424942808701,-0.4732698146926182,-0.0843337685133374,1.2097851849199468,0.0,0.0,-0.1722610010318848,-0.97312496172793,-0.0225992301303433,0.1826923076923077,0.1727272727272727,0.2272727272727272,0.1759259259259259,-0.4935713471335369,-0.0081178081999676,0.1818181818181818,0.2058823529411764,5,4,0.2222222222222222,0.2285714285714285,0.7666666666666667,0.6363636363636364,0,2,1.4852410554885864,0.9426314830780029
0.9565217391304373,0.9685207100591716,0.4680851063829787,0.2048192771084337,0.217391304347826,0.3280918949906568,0.1971008165607045,0.6458333333333333,0.1666666666666666,0.1627906976744186,0.1620553359683794,0.7391304347826086,0.1739130434782608,-1.627785034788081,-0.2428822873348884,0.4785870965164475,0.1076684920328081,1.0,3.0,2.133052330044779,-0.4447833217673027,-1.6623850291631883,0.1634615384615384,0.209090909090909,0.3454545454545454,0.1018518518518518,-1.783217680617722,1.0085060933692656,0.1515151515151515,0.2352941176470588,3,5,0.3055555555555555,0.1428571428571428,0.7666666666666667,0.6363636363636364,-1,0,1.1819099187850952,1.145270824432373
0.9565217391304373,0.9685207100591716,0.4680851063829787,0.8433734939759037,0.217391304347826,0.3280918949906568,0.1971008165607045,0.9583333333333331,0.2708333333333333,0.1627906976744186,0.1620553359683794,0.6521739130434783,0.5652173913043479,-0.5329791785427146,0.6269493850236567,-0.3932256955276284,0.1195764613549228,2.0,3.0,-0.1552862523908431,-0.7434227029254181,-0.1234753098305023,0.2403846153846154,0.1727272727272727,0.2363636363636363,0.2314814814814814,-0.0636892359721419,-0.5164297589845843,0.1515151515151515,0.1470588235294117,4,7,0.2777777777777778,0.2285714285714285,0.7666666666666667,0.6363636363636364,-1,2,1.4838979244232178,1.0078253746032715
0.9565217391304373,0.9686390532544378,0.4680851063829787,0.0,0.217391304347826,0.3280918949906568,0.1971008165607045,0.6875,0.8958333333333333,0.1627906976744186,0.1620553359683794,0.0869565217391304,0.8260869565217391,0.9925984711548966,-0.1906076060107031,0.0884758237563281,0.588057583961006,3.0,0.0,-1.61482948536705,3.4453844835343124,2.5865575459524943,0.2307692307692307,0.109090909090909,0.1363636363636363,0.25,0.7960749863506482,-1.278897685161509,0.3636363636363636,0.0294117647058823,3,7,0.0833333333333333,0.2857142857142857,0.8,0.6363636363636364,1,2,1.8209128379821777,0.8682873249053955
0.9565217391304373,0.9686390532544378,0.4680851063829787,0.3012048192771084,0.217391304347826,0.3280918949906568,0.1971008165607045,0.9375,0.0833333333333333,0.1627906976744186,0.1620553359683794,0.2608695652173913,0.4347826086956522,0.6524953477221928,0.6524597123489763,-0.0508797361788803,0.4168381450064988,2.0,0.0,-0.6905594642164002,-0.3470991123393136,0.6786315689776655,0.2307692307692307,0.1818181818181818,0.1999999999999999,0.1944444444444444,0.194240030724695,-0.0928364666640704,0.2121212121212121,0.1764705882352941,8,6,0.1388888888888889,0.1714285714285714,0.8,0.6363636363636364,1,2,1.474337100982666,0.9344995021820068
0.9565217391304373,0.9687573964497038,0.4680851063829787,0.5301204819277109,0.217391304347826,0.3280918949906568,0.1971008165607045,0.4375,0.3958333333333333,0.1627906976744186,0.1620553359683794,0.0,0.6956521739130435,1.1076554271967505,-1.0647089766948328,0.115225467772681,-0.4362856828031928,8.0,0.0,-1.868438391995659,5.414556949351826,3.8769477865815416,0.3461538461538461,0.1636363636363636,0.0818181818181818,0.2222222222222222,2.34365058653167,-0.5164297589845843,0.3939393939393939,0.088235294117647,4,10,0.0555555555555555,0.1999999999999999,0.8333333333333334,0.6363636363636364,1,2,1.8763468265533447,0.8743645548820496
0.9565217391304373,0.9692307692307692,0.4893617021276595,0.746987951807229,0.217391304347826,0.3280918949906568,0.1971008165607045,0.1666666666666666,0.7916666666666666,0.1627906976744186,0.1620553359683794,0.1739130434782608,0.3478260869565217,-0.2708054421160393,0.2170530253633443,0.0665138130111448,-1.5521240335978803,4.0,1.0,-0.8238860209011809,0.737252071242866,0.5587232238860428,0.25,0.2363636363636363,0.109090909090909,0.2592592592592592,1.225957097512043,-0.1775551251281732,0.2727272727272727,0.2647058823529412,5,3,0.1388888888888889,0.2571428571428571,0.9666666666666668,0.6363636363636364,1,2,1.5292366743087769,0.9232444167137146
0.9565217391304373,0.9692307692307692,0.4893617021276595,0.4819277108433735,0.217391304347826,0.3280918949906568,0.1971008165607045,0.2291666666666666,0.6458333333333333,0.1627906976744186,0.1620553359683794,0.3913043478260869,0.7391304347826086,-0.5008527550562264,-1.6089177060468722,1.1906624519596425,0.5116656403714944,0.0,1.0,-0.7283019887119154,0.1281095841487151,0.5973517574344392,0.1826923076923077,0.1636363636363636,0.1727272727272727,0.3796296296296296,0.022287186260137,-1.9566469528743315,0.2121212121212121,0.1470588235294117,5,3,0.2222222222222222,0.3428571428571428,0.9666666666666668,0.6363636363636364,-1,2,1.5468411445617676,0.9257981181144714
0.9565217391304373,0.9693491124260354,0.4893617021276595,0.9759036144578314,0.217391304347826,0.3280918949906568,0.1971008165607045,0.2708333333333333,0.6875,0.1627906976744186,0.1620553359683794,0.5652173913043479,0.0434782608695652,0.6094339915813659,1.0223227929147785,0.0786598294833466,0.1292000740789988,1.0,1.0,2.000946846948167,-1.0248611437064463,-1.5132225784634474,0.2115384615384615,0.2454545454545454,0.2454545454545454,0.1388888888888889,-0.4075949249012579,1.0085060933692656,0.1818181818181818,0.3823529411764705,7,3,0.2222222222222222,0.0857142857142857,1.0,0.6363636363636364,0,0,1.190224528312683,1.1586700677871704
0.9565217391304373,0.9693491124260354,0.4893617021276595,0.4698795180722891,0.217391304347826,0.3280918949906568,0.1971008165607045,0.3333333333333333,0.9375,0.1627906976744186,0.1620553359683794,0.0869565217391304,0.2608695652173913,0.0232659531116431,0.6853991674680562,0.1200616396512995,-0.0074242863746937,1.0,0.0,-0.3804441356314412,-0.6429273946042767,0.2322022085365805,0.3269230769230769,0.2363636363636363,0.1363636363636363,0.2037037037037037,1.655839208673438,0.3307568256564434,0.3636363636363636,0.2352941176470588,5,8,0.1111111111111111,0.1428571428571428,1.0,0.6363636363636364,1,2,1.4602707624435425,0.9221775531768799
0.9565217391304373,0.9693491124260354,0.4893617021276595,0.5903614457831325,0.217391304347826,0.3280918949906568,0.1971008165607045,0.3958333333333333,0.0833333333333333,0.1627906976744186,0.1620553359683794,0.6956521739130435,0.4347826086956522,-1.069035254034033,0.6536830017708054,-0.4883143183824354,0.4168381450064988,1.0,0.0,1.5708939877353705,-1.1029476336029211,-1.3308683487501232,0.173076923076923,0.1818181818181818,0.2909090909090909,0.2129629629629629,-1.181382724991769,-0.262273783592276,0.0909090909090909,0.1764705882352941,10,6,0.2222222222222222,0.1999999999999999,1.0,0.6363636363636364,1,2,1.3002941608428955,1.0774614810943604
0.9565217391304373,0.9693491124260354,0.4893617021276595,0.5301204819277109,0.217391304347826,0.3280918949906568,0.1971008165607045,0.4375,0.5416666666666666,0.1627906976744186,0.1620553359683794,0.0,0.5217391304347826,1.1090225815627617,0.5022834450903736,0.115225467772681,-0.0402226603643458,1.0,1.0,-1.7747661468594178,4.445445398222787,3.416796992438628,0.4230769230769231,0.1727272727272727,0.0818181818181818,0.2314814814814814,3.031461964389902,-0.5164297589845843,0.4242424242424242,0.1764705882352941,4,6,0.0555555555555555,0.2285714285714285,1.0,0.6363636363636364,0,2,1.8713335990905762,0.870969295501709
0.9565217391304373,0.9693491124260354,0.4893617021276595,0.8674698795180723,0.217391304347826,0.3280918949906568,0.1971008165607045,0.8541666666666666,0.4583333333333333,0.1627906976744186,0.1620553359683794,0.6086956521739131,0.3043478260869565,0.450081161658462,0.2969175763572248,-0.580176758212922,0.0002745635450137,0.0,0.0,0.40612122697415,-0.7940341808724144,-0.7045504386248921,0.1923076923076923,0.2272727272727272,0.2818181818181818,0.2592592592592592,-0.923453458294932,-0.262273783592276,0.1818181818181818,0.2352941176470588,3,3,0.3055555555555555,0.2285714285714285,1.0,0.6363636363636364,0,2,1.3583987951278687,1.0344914197921753
0.9565217391304373,0.9693491124260354,0.4893617021276595,0.5301204819277109,0.217391304347826,0.3280918949906568,0.1971008165607045,0.9791666666666666,0.375,0.1627906976744186,0.1620553359683794,0.217391304347826,0.1304347826086956,0.3379507302769394,-0.7297753789759838,2.641144751217104e-15,0.0108594786393483,5.0,1.0,0.2046705693382438,-0.5681835182832995,-0.6082021422085355,0.2884615384615385,0.2454545454545454,0.1727272727272727,0.1574074074074073,0.9680278308152062,0.83906877644106,0.2424242424242424,0.2941176470588235,8,6,0.0833333333333333,0.0857142857142857,1.0,0.6363636363636364,1,2,1.4684200286865234,1.003877878189087
0.9565217391304373,0.969467455621302,0.4893617021276595,0.2409638554216867,0.217391304347826,0.3280918949906568,0.1971008165607045,0.5833333333333333,0.4791666666666666,0.1627906976744186,0.1620553359683794,0.4782608695652174,0.782608695652174,0.3645547160278934,-0.9387051572975046,0.3124269791225654,1.5761674031474842,2.0,1.0,-0.9212770412297816,0.8027990351723963,0.7891534897870961,0.2211538461538461,0.1727272727272727,0.2545454545454545,0.2962962962962963,-0.4075949249012579,-1.1094603682333035,0.1818181818181818,0.088235294117647,6,6,0.2222222222222222,0.3142857142857143,0.0,0.7272727272727273,1,2,1.6371326446533203,0.9260223507881165
0.9565217391304373,0.969467455621302,0.4893617021276595,0.1686746987951807,0.217391304347826,0.3280918949906568,0.1971008165607045,0.8958333333333333,0.9583333333333331,0.1627906976744186,0.1620553359683794,0.8260869565217391,0.6521739130434783,-0.222533563891856,-0.5017047420019165,0.55650615895966,-0.343060681303428,2.0,3.0,0.4364262058396629,-0.5681835182832995,-0.8038041425818739,0.1153846153846153,0.2454545454545454,0.2727272727272727,0.2685185185185185,-1.5252884139208849,-0.1775551251281732,0.0303030303030303,0.1470588235294117,7,4,0.3055555555555555,0.3142857142857143,0.0,0.7272727272727273,-1,2,1.358406662940979,1.0679279565811157
0.9565217391304373,0.9708875739644972,0.5106382978723404,0.4819277108433735,0.217391304347826,0.3280918949906568,0.1971008165607045,0.4791666666666666,0.3958333333333333,0.1627906976744186,0.1620553359683794,0.782608695652174,0.6956521739130435,-0.9581284056911484,-1.053857857216476,1.5643688612841171,-0.4362856828031928,2.0,0.0,-0.5240584957145404,-0.0830711385125294,0.2444388959309704,0.1923076923076923,0.1727272727272727,0.3090909090909091,0.2962962962962963,-1.181382724991769,-1.1094603682333035,0.0909090909090909,0.1176470588235294,6,10,0.3333333333333333,0.2285714285714285,0.4,0.7272727272727273,1,2,1.5140999555587769,0.9452009201049805
0.9565217391304373,0.9708875739644972,0.5106382978723404,0.1325301204819277,0.217391304347826,0.3280918949906568,0.1971008165607045,0.5416666666666666,0.9791666666666666,0.1627906976744186,0.1620553359683794,0.5652173913043479,0.217391304347826,0.4827070257968984,0.3358547684095887,-0.0843337685133374,2.5893815264237306e-15,0.0,1.0,0.2361803406641606,-0.8704128100053846,-0.5377476426669237,0.1923076923076923,0.3181818181818182,0.2363636363636363,0.1851851851851851,-0.4935713471335369,1.262662068761574,0.1818181818181818,0.2647058823529412,7,8,0.2222222222222222,0.0857142857142857,0.4,0.7272727272727273,-1,2,1.3572139739990234,0.9934566617012024
0.9565217391304373,0.9708875739644972,0.5106382978723404,0.0,0.217391304347826,0.3280918949906568,0.1971008165607045,0.6875,0.5833333333333333,0.1627906976744186,0.1620553359683794,0.0434782608695652,0.5217391304347826,0.9983771998425552,0.3877510102437486,0.0884758237563281,0.3487620591838878,4.0,1.0,-1.287965238374771,1.497981307189877,1.7283340023795415,0.2692307692307693,0.2272727272727272,0.1454545454545454,0.2685185185185185,1.0540042530474851,-0.3469924420563787,0.3939393939393939,0.2058823529411764,4,6,0.0833333333333333,0.2285714285714285,0.4,0.7272727272727273,1,2,1.7341089248657227,0.8914470076560974
0.9565217391304373,0.9710059171597633,0.5106382978723404,0.8072289156626506,0.217391304347826,0.3280918949906568,0.1971008165607045,0.0833333333333333,0.8541666666666666,0.1627906976744186,0.1620553359683794,0.4782608695652174,0.6086956521739131,0.6448107063069938,0.4863647121663607,0.3818639450231136,-0.5263477305420222,1.0,1.0,-0.3981785130463787,-0.178313208635131,0.0429739566107633,0.1923076923076923,0.1818181818181818,0.2181818181818181,0.287037037037037,-0.3216185026689789,-0.940023051305098,0.1818181818181818,0.1764705882352941,6,4,0.2222222222222222,0.3142857142857143,0.4333333333333333,0.7272727272727273,0,2,1.5064351558685303,0.9317337870597839
0.9565217391304373,0.9710059171597633,0.5106382978723404,0.5301204819277109,0.217391304347826,0.3280918949906568,0.1971008165607045,0.4583333333333333,0.2708333333333333,0.1627906976744186,0.1620553359683794,0.3478260869565217,0.4347826086956522,0.2735616572012509,0.6346763466471669,-0.04302698182486,0.1195764613549228,0.0,1.0,0.3295695725582772,-1.4752502046748277,-0.4161018325852042,0.2403846153846154,0.209090909090909,0.2545454545454545,0.2592592592592592,-0.2356420804366999,-0.4317111005204815,0.2424242424242424,0.1764705882352941,4,8,0.2222222222222222,0.2285714285714285,0.4333333333333333,0.7272727272727273,-1,2,1.3147823810577393,1.0057263374328613
0.9565217391304373,0.9710059171597633,0.5106382978723404,0.2048192771084337,0.217391304347826,0.3280918949906568,0.1971008165607045,0.6458333333333333,0.4375,0.1627906976744186,0.1620553359683794,0.7391304347826086,0.0,-1.615549171468534,1.1382686588438615,0.4785870965164475,0.1554254576072724,0.0,2.0,5.80626275511103,2.451938349946297,-2.502108228303537,0.1826923076923077,0.409090909090909,0.3727272727272727,0.0925925925925925,-1.869194102850001,2.957035238043629,0.1818181818181818,0.4117647058823529,3,5,0.3333333333333333,0.0571428571428571,0.4333333333333333,0.7272727272727273,-1,0,1.1950130462646484,1.5536242723464966
0.9565217391304373,0.9710059171597633,0.5106382978723404,0.710843373493976,0.217391304347826,0.3280918949906568,0.1971008165607045,0.7916666666666666,0.8958333333333333,0.1627906976744186,0.1620553359683794,0.3043478260869565,0.8260869565217391,0.1963940159984073,-0.1899019331607084,-1.6264589190656924,0.588057583961006,1.0,1.0,-0.7663230583428943,0.403220942973219,0.5753338484617933,0.2596153846153846,0.1272727272727272,0.2909090909090909,0.3055555555555555,-0.4075949249012579,-1.6177723190179203,0.2727272727272727,0.0294117647058823,3,7,0.2777777777777778,0.3428571428571428,0.4333333333333333,0.7272727272727273,0,2,1.568892002105713,0.9257807731628418
0.9565217391304373,0.9710059171597633,0.5106382978723404,0.3012048192771084,0.217391304347826,0.3280918949906568,0.1971008165607045,0.9375,0.1666666666666666,0.1627906976744186,0.1620553359683794,0.2608695652173913,0.1739130434782608,0.6626137121258722,-0.2363393172492399,-0.0508797361788803,0.1076684920328081,1.0,0.0,0.0604419153646142,-1.2608886483974704,-0.1994667566972128,0.25,0.2727272727272727,0.209090909090909,0.1203703703703703,0.280216452956974,1.4320993856897792,0.2424242424242424,0.2941176470588235,8,5,0.1666666666666666,0.1428571428571428,0.4333333333333333,0.7272727272727273,1,2,1.3723399639129639,0.9856196641921997
0.9565217391304373,0.9711242603550296,0.5106382978723404,0.8433734939759037,0.217391304347826,0.3280918949906568,0.1971008165607045,0.9583333333333331,0.2291666666666666,0.1627906976744186,0.1620553359683794,0.6521739130434783,0.3913043478260869,-0.5215105075790373,-0.473861234326985,-0.3932256955276284,1.2097851849199468,2.0,2.0,-0.3276043744598828,-0.5433869255002135,0.0494599983513029,0.2884615384615385,0.1727272727272727,0.2818181818181818,0.1851851851851851,-0.0636892359721419,-0.0928364666640704,0.1818181818181818,0.2058823529411764,4,5,0.3055555555555555,0.2571428571428571,0.4666666666666667,0.7272727272727273,0,2,1.4891719818115234,0.9525459408760071
0.9565217391304373,0.971242603550296,0.5106382978723404,0.036144578313253,0.217391304347826,0.3280918949906568,0.1971008165607045,0.375,0.3333333333333333,0.1627906976744186,0.1620553359683794,0.1304347826086956,0.0869565217391304,-0.7563239696556401,0.0712237366305645,-0.0322304681947919,0.160166846399134,1.0,2.0,1.114906277086749,-0.9473523643270856,-1.1580882455624903,0.2692307692307693,0.3181818181818182,0.1999999999999999,0.1388888888888889,0.5381457196538111,1.6862553610820876,0.303030303030303,0.3823529411764705,6,5,0.1111111111111111,0.1142857142857142,0.5,0.7272727272727273,-1,2,1.3552839756011963,1.117254376411438
0.9565217391304373,0.9713609467455622,0.5319148936170213,0.746987951807229,0.217391304347826,0.3280918949906568,0.1971008165607045,0.1666666666666666,0.9791666666666666,0.1627906976744186,0.1620553359683794,0.1739130434782608,0.217391304347826,-0.2652553740477574,0.3358547684095887,0.0665138130111448,2.5893815264237306e-15,3.0,3.0,-0.7472774486603239,0.2665682808359271,0.5364445255180685,0.2884615384615385,0.3272727272727272,0.1272727272727272,0.1851851851851851,1.3979099419766012,1.3473807272256766,0.303030303030303,0.2941176470588235,5,8,0.1666666666666666,0.0857142857142857,0.5333333333333333,0.7272727272727273,0,2,1.4951121807098389,0.9351962208747864
0.9565217391304373,0.9717159763313608,0.553191489361702,0.746987951807229,0.217391304347826,0.3280918949906568,0.1971008165607045,0.1666666666666666,0.0833333333333333,0.1627906976744186,0.1620553359683794,0.217391304347826,0.5652173913043479,-0.2646625757223578,0.6618979323701585,0.0665138130111448,0.4168381450064988,1.0,0.0,-0.7093961636354963,-0.178313208635131,0.6463600838398857,0.3173076923076923,0.1909090909090909,0.1545454545454545,0.2314814814814814,1.3979099419766012,-0.3469924420563787,0.303030303030303,0.1764705882352941,6,7,0.1666666666666666,0.2285714285714285,0.6333333333333333,0.7272727272727273,1,2,1.473529577255249,0.933914303779602
0.9565217391304373,0.9717159763313608,0.553191489361702,0.4819277108433735,0.217391304347826,0.3280918949906568,0.1971008165607045,0.2291666666666666,0.375,0.1627906976744186,0.1620553359683794,0.4347826086956522,0.1739130434782608,-0.5015108799321888,-0.7236760510698632,1.1906624519596425,0.0108594786393483,1.0,1.0,0.8708265059394648,-1.3140692476668494,-0.9322338961300513,0.2019230769230769,0.2636363636363636,0.1999999999999999,0.2222222222222222,-0.0636892359721419,0.4154754841205461,0.2121212121212121,0.2941176470588235,6,6,0.25,0.1428571428571428,0.6333333333333333,0.7272727272727273,0,2,1.3050519227981567,1.0359328985214233
0.9565217391304373,0.9717159763313608,0.553191489361702,0.5903614457831325,0.217391304347826,0.3280918949906568,0.1971008165607045,0.3958333333333333,0.4583333333333333,0.1627906976744186,0.1620553359683794,0.6956521739130435,0.3478260869565217,-1.0546576221885944,0.3046649540285612,-0.4883143183824354,0.0002745635450137,0.0,1.0,0.7157665193787079,-1.1553305205341426,-0.8545763335208868,0.1826923076923077,0.2272727272727272,0.3090909090909091,0.2685185185185185,-1.267359147224048,-0.3469924420563787,0.1212121212121212,0.2352941176470588,10,4,0.25,0.2571428571428571,0.6333333333333333,0.7272727272727273,-1,2,1.3024386167526245,1.0597950220108032
0.9565217391304373,0.9718343195266272,0.553191489361702,0.5301204819277109,0.217391304347826,0.3280918949906568,0.1971008165607045,0.4375,0.9583333333333331,0.1627906976744186,0.1620553359683794,0.0,0.6086956521739131,1.1157456862308957,-0.492351576910951,0.115225467772681,-0.343060681303428,1.0,1.0,-1.547776501270021,2.9071166093341088,2.3729189792548624,0.4519230769230769,0.2909090909090909,0.0909090909090909,0.3055555555555555,3.20341480885446,-0.0928364666640704,0.4545454545454546,0.1764705882352941,5,5,0.0555555555555555,0.3142857142857143,0.6666666666666666,0.7272727272727273,0,2,1.828590989112854,0.8708081841468811
0.9565217391304373,0.9718343195266272,0.553191489361702,0.2409638554216867,0.217391304347826,0.3280918949906568,0.1971008165607045,0.5833333333333333,0.5416666666666666,0.1627906976744186,0.1620553359683794,0.3913043478260869,0.5217391304347826,0.3734867901079141,0.5129800463540641,0.3124269791225654,-0.0402226603643458,2.0,3.0,-0.505886231540407,-0.0593952966622821,0.1827954255523832,0.25,0.1818181818181818,0.3,0.25,-0.579547769365816,-0.6011484174486871,0.2121212121212121,0.1764705882352941,6,7,0.25,0.2571428571428571,0.6666666666666666,0.7272727272727273,-1,2,1.5050690174102783,0.925525963306427
0.9565217391304373,0.9718343195266272,0.553191489361702,0.0,0.217391304347826,0.3280918949906568,0.1971008165607045,0.6875,0.4791666666666666,0.1627906976744186,0.1620553359683794,0.0869565217391304,0.782608695652174,1.0004082711835434,-0.9296127501978032,0.0884758237563281,1.5761674031474842,4.0,1.0,-1.3731214176949431,2.0922742030309496,1.8952283466435689,0.3076923076923077,0.1999999999999999,0.1545454545454545,0.3148148148148147,1.3119335197443225,-1.0247417097692009,0.4242424242424242,0.1176470588235294,4,6,0.0833333333333333,0.3428571428571428,0.6666666666666666,0.7272727272727273,1,2,1.7283329963684082,0.8943686485290527
0.9565217391304373,0.9718343195266272,0.553191489361702,0.1686746987951807,0.217391304347826,0.3280918949906568,0.1971008165607045,0.8958333333333333,0.2708333333333333,0.1627906976744186,0.1620553359683794,0.8260869565217391,0.4782608695652174,-0.2221564600545386,0.6368477834005957,0.55650615895966,0.1195764613549228,1.0,0.0,1.193762381194773,-1.2079766391580398,-1.1394385349469036,0.1442307692307692,0.2181818181818181,0.3090909090909091,0.2592592592592592,-1.6112648361531638,-0.3469924420563787,0.0303030303030303,0.2058823529411764,8,8,0.3333333333333333,0.2285714285714285,0.6666666666666666,0.7272727272727273,1,2,1.3011146783828735,1.074326992034912
0.9565217391304373,0.9718343195266272,0.553191489361702,0.5301204819277109,0.217391304347826,0.3280918949906568,0.1971008165607045,0.9791666666666666,0.6458333333333333,0.1627906976744186,0.1620553359683794,0.1304347826086956,0.7391304347826086,0.3379507302769394,-1.5988455621746942,2.641144751217104e-15,0.5116656403714944,2.0,0.0,-1.12176271051321,1.208669475470106,1.1699477907042086,0.375,0.1727272727272727,0.209090909090909,0.3981481481481481,1.3979099419766012,-2.041365611338434,0.303030303030303,0.1764705882352941,9,3,0.0833333333333333,0.3714285714285714,0.6666666666666666,0.7272727272727273,1,2,1.7049193382263184,0.946747899055481
0.9565217391304373,0.9719526627218932,0.553191489361702,0.4698795180722891,0.217391304347826,0.3280918949906568,0.1971008165607045,0.3333333333333333,0.7916666666666666,0.1627906976744186,0.1620553359683794,0.0434782608695652,0.3043478260869565,0.0376642195736759,0.2281148181360778,0.1200616396512995,-1.5521240335978803,2.0,1.0,-1.2041937739001138,1.497981307189877,1.4227654837254895,0.3557692307692308,0.2545454545454545,0.1454545454545454,0.3055555555555555,1.827792053137996,-0.4317111005204815,0.4242424242424242,0.2647058823529412,5,4,0.1111111111111111,0.2857142857142857,0.7,0.7272727272727273,1,2,1.7222791910171509,0.9302436709403992
0.9565217391304373,0.9719526627218932,0.553191489361702,0.8674698795180723,0.217391304347826,0.3280918949906568,0.1971008165607045,0.8541666666666666,0.9375,0.1627906976744186,0.1620553359683794,0.6521739130434783,0.2608695652173913,0.4532609263736069,0.6958364627630066,-0.580176758212922,-0.0074242863746937,1.0,0.0,0.1410669028165541,-1.0248611437064463,-0.4012073948720659,0.2019230769230769,0.2454545454545454,0.2909090909090909,0.2129629629629629,-0.923453458294932,0.3307568256564434,0.1818181818181818,0.2647058823529412,5,8,0.3055555555555555,0.1714285714285714,0.7,0.7272727272727273,1,2,1.3173269033432007,1.011902093887329
0.9565217391304373,0.9721893491124258,0.5744680851063829,0.1325301204819277,0.217391304347826,0.3280918949906568,0.1971008165607045,0.5416666666666666,0.1666666666666666,0.1627906976744186,0.1620553359683794,0.5652173913043479,0.1739130434782608,0.4880274931376314,-0.2348496568529382,-0.0843337685133374,0.1076684920328081,1.0,1.0,0.7300573234152988,-1.1291063377300967,-0.8716759310311647,0.2211538461538461,0.3090909090909091,0.2636363636363636,0.1574074074074073,-0.4935713471335369,1.4320993856897792,0.2121212121212121,0.3235294117647059,7,6,0.25,0.1714285714285714,0.7666666666666667,0.7272727272727273,0,2,1.307112216949463,1.021550178527832
0.9565217391304373,0.9721893491124258,0.5744680851063829,0.8433734939759037,0.217391304347826,0.3280918949906568,0.1971008165607045,0.9583333333333331,0.375,0.1627906976744186,0.1620553359683794,0.6086956521739131,0.217391304347826,-0.517626270383473,-0.7221038589987329,-0.3932256955276284,0.0108594786393483,3.0,1.0,0.2204495450779915,-0.5186488843484226,-0.6161243244159433,0.3173076923076923,0.2727272727272727,0.3090909090909091,0.2314814814814814,-0.0636892359721419,0.4154754841205461,0.1818181818181818,0.2941176470588235,6,7,0.3055555555555555,0.1428571428571428,0.7666666666666667,0.7272727272727273,1,2,1.3617501258850098,1.0092995166778564
0.9565217391304373,0.9725443786982249,0.5744680851063829,0.4819277108433735,0.217391304347826,0.3280918949906568,0.1971008165607045,0.4791666666666666,0.8958333333333333,0.1627906976744186,0.1620553359683794,0.782608695652174,0.8260869565217391,-0.9517764327496931,-0.1904770714324914,1.5643688612841171,0.588057583961006,1.0,0.0,-0.5973954145480654,0.1048541793500865,0.2505402231983062,0.2211538461538461,0.1454545454545454,0.3454545454545454,0.3148148148148147,-1.267359147224048,-1.5330536605538176,0.1212121212121212,0.0588235294117647,6,8,0.3611111111111111,0.3428571428571428,0.8666666666666667,0.7272727272727273,1,2,1.535239577293396,0.9449350237846375
0.9565217391304373,0.9725443786982249,0.5744680851063829,0.2048192771084337,0.217391304347826,0.3280918949906568,0.1971008165607045,0.6458333333333333,0.5833333333333333,0.1627906976744186,0.1620553359683794,0.7391304347826086,0.4782608695652174,-1.608737825792522,0.3941593798882385,0.4785870965164475,0.3487620591838878,1.0,1.0,1.5950810347522066,-0.7434227029254181,-1.4309266640819962,0.1826923076923077,0.2545454545454545,0.409090909090909,0.3333333333333333,-2.213099791779117,-0.6858670759127897,0.1818181818181818,0.2058823529411764,3,6,0.3888888888888888,0.2857142857142857,0.8666666666666667,0.7272727272727273,0,2,1.2940526008605957,1.1083104610443115
0.9565217391304373,0.9725443786982249,0.5957446808510638,0.8433734939759037,0.217391304347826,0.3280918949906568,0.1971008165607045,0.9583333333333331,0.3333333333333333,0.1627906976744186,0.1620553359683794,0.6086956521739131,0.0434782608695652,-0.5167136379544787,0.0754391919524904,-0.3932256955276284,0.160166846399134,2.0,0.0,1.048258108876666,-0.9473523643270856,-1.1301531546901076,0.3461538461538461,0.3545454545454545,0.3181818181818182,0.1574074074074073,0.108263608492416,1.8556926780102927,0.2121212121212121,0.4411764705882353,6,5,0.3055555555555555,0.1142857142857142,0.8666666666666667,0.7272727272727273,1,2,1.3391900062561035,1.1326730251312256
0.9565217391304373,0.9726627218934912,0.5957446808510638,0.8072289156626506,0.217391304347826,0.3280918949906568,0.1971008165607045,0.0833333333333333,0.9791666666666666,0.1627906976744186,0.1620553359683794,0.5652173913043479,0.1739130434782608,0.6493586828508076,0.3358547684095887,0.3818639450231136,2.5893815264237306e-15,1.0,0.0,0.0278352777104329,-0.8448913465681646,-0.3204713156955137,0.2019230769230769,0.3727272727272727,0.2363636363636363,0.2129629629629629,-0.4075949249012579,1.516818044153882,0.1818181818181818,0.3235294117647059,7,9,0.25,0.0857142857142857,0.9,0.7272727272727273,1,2,1.4072991609573364,1.0100780725479126
0.9565217391304373,0.9726627218934912,0.5957446808510638,0.036144578313253,0.217391304347826,0.3280918949906568,0.1971008165607045,0.375,0.6875,0.1627906976744186,0.1620553359683794,0.217391304347826,0.0869565217391304,-0.752503114922122,1.029840467749933,-0.0322304681947919,0.1292000740789988,1.0,0.0,2.438982762086992,-0.2503173103505782,-1.7732259767502898,0.2980769230769231,0.3272727272727272,0.2545454545454545,0.1666666666666666,0.280216452956974,1.516818044153882,0.303030303030303,0.4411764705882353,7,4,0.1666666666666666,0.0857142857142857,0.9,0.7272727272727273,1,0,1.1758484840393066,1.228461503982544
0.9565217391304373,0.9726627218934912,0.5957446808510638,0.5301204819277109,0.217391304347826,0.3280918949906568,0.1971008165607045,0.4583333333333333,0.1666666666666666,0.1627906976744186,0.1620553359683794,0.3913043478260869,0.1304347826086956,0.2790926263346744,-0.2337196333938646,-0.04302698182486,0.1076684920328081,2.0,0.0,-0.0712414594522267,-0.8959965969805078,-0.1371620867983627,0.25,0.3181818181818182,0.2636363636363636,0.1666666666666666,-0.2356420804366999,1.4320993856897792,0.2727272727272727,0.3235294117647059,4,7,0.25,0.1714285714285714,0.9,0.7272727272727273,1,2,1.4762495756149292,1.008995532989502
0.9565217391304373,0.9726627218934912,0.5957446808510638,0.1325301204819277,0.217391304347826,0.3280918949906568,0.1971008165607045,0.5416666666666666,0.3958333333333333,0.1627906976744186,0.1620553359683794,0.4347826086956522,0.6956521739130435,0.4895128596156012,-1.0429309287630664,-0.0843337685133374,-0.4362856828031928,3.0,1.0,-0.4877778418888012,-0.178313208635131,0.1640750047530544,0.2307692307692307,0.1727272727272727,0.2727272727272727,0.324074074074074,-0.4935713471335369,-1.363616343625612,0.2121212121212121,0.1176470588235294,8,10,0.25,0.2857142857142857,0.9,0.7272727272727273,1,2,1.5147192478179932,0.9279929399490356
0.9565217391304373,0.9726627218934912,0.5957446808510638,0.710843373493976,0.217391304347826,0.3280918949906568,0.1971008165607045,0.7916666666666666,0.8541666666666666,0.1627906976744186,0.1620553359683794,0.3043478260869565,0.6521739130434783,0.2029541479265238,0.4868216653858537,-1.6264589190656924,-0.5263477305420222,2.0,2.0,0.1410669028165541,-0.7434227029254181,-0.4916020488248334,0.2788461538461538,0.1999999999999999,0.3181818181818182,0.2962962962962963,-0.4935713471335369,-0.8553043928409952,0.2727272727272727,0.2058823529411764,4,5,0.3055555555555555,0.3142857142857143,0.9,0.7272727272727273,0,2,1.3587363958358765,1.0000170469284058
0.9565217391304373,0.9727810650887574,0.5957446808510638,0.9759036144578314,0.217391304347826,0.3280918949906568,0.1971008165607045,0.2708333333333333,0.4375,0.1627906976744186,0.1620553359683794,0.3478260869565217,0.0,0.621578839205017,1.1425437699206291,0.0786598294833466,0.1554254576072724,1.0,2.0,3.019539867563564,-0.8194319037593477,-1.830078255598412,0.2307692307692307,0.4363636363636363,0.2636363636363636,0.1018518518518518,-0.4075949249012579,3.1264725549718344,0.2121212121212121,0.4411764705882353,8,6,0.25,0.0571428571428571,0.9333333333333332,0.7272727272727273,-1,0,1.1998125314712524,1.1874277591705322
0.9565217391304373,0.9728994082840234,0.5957446808510638,0.3012048192771084,0.217391304347826,0.3280918949906568,0.1971008165607045,0.9375,0.2291666666666666,0.1627906976744186,0.1620553359683794,0.2608695652173913,0.4782608695652174,0.6700391120481131,-0.4742406192564837,-0.0508797361788803,1.2097851849199468,0.0,1.0,-0.8432174940591176,-0.154421395407195,1.047846355302599,0.2596153846153846,0.1999999999999999,0.2181818181818181,0.2129629629629629,0.280216452956974,-0.0928364666640704,0.2727272727272727,0.2058823529411764,8,7,0.1944444444444444,0.2571428571428571,0.9666666666666668,0.7272727272727273,-1,2,1.4960081577301025,0.9306204319000244
0.9565217391304373,0.97301775147929,0.6170212765957447,0.8072289156626506,0.217391304347826,0.3280918949906568,0.1971008165607045,0.0833333333333333,0.6458333333333333,0.1627906976744186,0.1620553359683794,0.6521739130434783,0.7391304347826086,0.6500018334801724,-1.5919262676607502,0.3818639450231136,0.5116656403714944,0.0,0.0,-0.9607548708172284,0.3123175044525882,1.1000584323981322,0.2115384615384615,0.1818181818181818,0.2363636363636363,0.4259259259259259,-0.3216185026689789,-2.21080292826664,0.2121212121212121,0.1764705882352941,7,4,0.25,0.3999999999999999,0.0,0.8181818181818182,0,2,1.6380001306533813,0.9507099390029907
0.9565217391304373,0.97301775147929,0.6170212765957447,0.2409638554216867,0.217391304347826,0.3280918949906568,0.1971008165607045,0.5833333333333333,0.2708333333333333,0.1627906976744186,0.1620553359683794,0.5652173913043479,0.3913043478260869,0.377367233459907,0.6431819395287544,0.3124269791225654,0.1195764613549228,1.0,1.0,-0.2063792154743537,-1.2608886483974704,0.1703269821658607,0.2788461538461538,0.2272727272727272,0.3363636363636363,0.287037037037037,-0.665524191598095,-0.5164297589845843,0.2121212121212121,0.2058823529411764,7,8,0.2777777777777778,0.2857142857142857,0.0,0.8181818181818182,0,2,1.4678471088409424,0.9418964982032776
0.9565217391304373,0.97301775147929,0.6170212765957447,0.0,0.217391304347826,0.3280918949906568,0.1971008165607045,0.6875,0.9583333333333331,0.1627906976744186,0.1620553359683794,0.0869565217391304,0.5217391304347826,1.002925114800086,-0.4886418524446991,0.0884758237563281,-0.343060681303428,3.0,0.0,-1.547776501270021,3.101295902115913,2.225726120836533,0.3461538461538461,0.3454545454545454,0.1727272727272727,0.324074074074074,1.4838863642088802,0.2460381671923406,0.4545454545454546,0.2352941176470588,4,6,0.1111111111111111,0.3142857142857143,0.0,0.8181818181818182,1,2,1.7477596998214722,0.8590423464775085
0.9565217391304373,0.97301775147929,0.6170212765957447,0.1686746987951807,0.217391304347826,0.3280918949906568,0.1971008165607045,0.8958333333333333,0.4583333333333333,0.1627906976744186,0.1620553359683794,0.8260869565217391,0.3043478260869565,-0.2219950396879578,0.3081708471210057,0.55650615895966,0.0002745635450137,2.0,2.0,1.8193657060201915,-0.8704128100053846,-1.4821199994840062,0.1538461538461538,0.2545454545454545,0.3181818181818182,0.2685185185185185,-1.6112648361531638,-0.0928364666640704,0.0606060606060606,0.2941176470588235,8,4,0.3611111111111111,0.2571428571428571,0.0,0.8181818181818182,0,0,1.177630066871643,1.104661464691162
0.9565217391304373,0.97301775147929,0.6170212765957447,0.5301204819277109,0.217391304347826,0.3280918949906568,0.1971008165607045,0.9791666666666666,0.7916666666666666,0.1627906976744186,0.1620553359683794,0.1304347826086956,0.3478260869565217,0.3379507302769394,0.2314050231857528,2.641144751217104e-15,-1.5521240335978803,1.0,1.0,-0.6717913868051741,0.2436185333015441,0.3819853328881085,0.3942307692307693,0.2818181818181818,0.2181818181818181,0.3425925925925925,1.4838863642088802,-0.5164297589845843,0.3333333333333333,0.2647058823529412,9,5,0.1111111111111111,0.3142857142857143,0.0,0.8181818181818182,0,2,1.5099084377288818,0.9215214848518372
0.9565217391304373,0.973136094674556,0.6170212765957447,0.746987951807229,0.217391304347826,0.3280918949906568,0.1971008165607045,0.1666666666666666,0.375,0.1627906976744186,0.1620553359683794,0.1739130434782608,0.217391304347826,-0.2614801703758312,-0.7205946628395292,0.0665138130111448,0.0108594786393483,2.0,1.0,-0.4697328793010963,0.0815470383468714,0.0881101306813188,0.3365384615384615,0.2909090909090909,0.1818181818181818,0.2592592592592592,1.3119335197443225,0.3307568256564434,0.3333333333333333,0.3235294117647059,7,7,0.1944444444444444,0.1714285714285714,0.0333333333333333,0.8181818181818182,1,2,1.4936836957931519,0.9245931506156921
0.9565217391304373,0.973136094674556,0.6170212765957447,0.5903614457831325,0.217391304347826,0.3280918949906568,0.1971008165607045,0.3958333333333333,0.2291666666666666,0.1627906976744186,0.1620553359683794,0.6956521739130435,0.4782608695652174,-1.0471569444137812,-0.4742705956664721,-0.4883143183824354,1.2097851849199468,1.0,0.0,0.2986275483044809,-1.1816205106413085,-0.5069121467431923,0.1923076923076923,0.209090909090909,0.3454545454545454,0.2129629629629629,-1.5252884139208849,-0.0081178081999676,0.1212121212121212,0.2352941176470588,10,7,0.3055555555555555,0.2571428571428571,0.0333333333333333,0.8181818181818182,1,2,1.3177365064620972,1.0312260389328003
0.9565217391304373,0.973136094674556,0.6170212765957447,0.4819277108433735,0.217391304347826,0.3280918949906568,0.1971008165607045,0.4791666666666666,0.9375,0.1627906976744186,0.1620553359683794,0.782608695652174,0.2608695652173913,-0.9500451048193204,0.6990394060499704,1.5643688612841171,-0.0074242863746937,0.0,2.0,0.7868273915431278,-1.2874452039608613,-0.8716759310311647,0.2307692307692307,0.2454545454545454,0.3454545454545454,0.2314814814814814,-1.181382724991769,0.1613195087282378,0.1515151515151515,0.2647058823529412,6,8,0.3611111111111111,0.2285714285714285,0.0333333333333333,0.8181818181818182,-1,2,1.3013553619384766,1.0571807622909546
0.9565217391304373,0.973136094674556,0.6170212765957447,0.8674698795180723,0.217391304347826,0.3280918949906568,0.1971008165607045,0.8541666666666666,0.5416666666666666,0.1627906976744186,0.1620553359683794,0.6086956521739131,0.4347826086956522,0.4544468014874747,0.5174084364599041,-0.580176758212922,-0.0402226603643458,1.0,1.0,-0.7283019887119154,0.1281095841487151,0.5308512104622962,0.2307692307692307,0.2454545454545454,0.3090909090909091,0.287037037037037,-0.8374770360626529,-0.3469924420563787,0.2121212121212121,0.2352941176470588,6,8,0.3055555555555555,0.2571428571428571,0.0333333333333333,0.8181818181818182,0,2,1.5057851076126099,0.9271363615989685
0.9565217391304373,0.9732544378698224,0.6170212765957447,0.5301204819277109,0.217391304347826,0.3280918949906568,0.1971008165607045,0.4375,0.3333333333333333,0.1627906976744186,0.1620553359683794,0.0,0.0434782608695652,1.1191499831566274,0.0795772970876137,0.115225467772681,0.160166846399134,0.0,0.0,-1.1013593905706476,1.0183736279990063,1.1560881276248929,0.4807692307692308,0.3545454545454545,0.109090909090909,0.1759259259259259,3.289391231086739,1.6862553610820876,0.4848484848484848,0.4411764705882353,6,5,0.0555555555555555,0.1428571428571428,0.0666666666666666,0.8181818181818182,0,2,1.6961416006088257,0.9632614254951477
0.9565217391304373,0.973372781065089,0.6382978723404255,0.5301204819277109,0.217391304347826,0.3280918949906568,0.1971008165607045,0.4583333333333333,0.0833333333333333,0.1627906976744186,0.1620553359683794,0.3043478260869565,0.5652173913043479,0.2810534837837659,0.6692706713785156,-0.04302698182486,0.4168381450064988,3.0,0.0,-0.3627705966805152,-0.8448913465681646,0.2505402231983062,0.2884615384615385,0.1999999999999999,0.2818181818181818,0.2407407407407407,-0.0636892359721419,-0.3469924420563787,0.303030303030303,0.2058823529411764,5,8,0.25,0.2571428571428571,0.1,0.8181818181818182,1,2,1.4782068729400635,0.9368482828140259
0.9565217391304373,0.973372781065089,0.6382978723404255,0.2409638554216867,0.217391304347826,0.3280918949906568,0.1971008165607045,0.5833333333333333,0.1666666666666666,0.1627906976744186,0.1620553359683794,0.6086956521739131,0.1739130434782608,0.3782062225950616,-0.2328019918335247,0.3124269791225654,0.1076684920328081,2.0,0.0,0.2518632494317034,-0.6679609920828745,-0.6161243244159433,0.2884615384615385,0.3363636363636363,0.3454545454545454,0.1944444444444444,-0.665524191598095,1.3473807272256766,0.2121212121212121,0.3529411764705882,8,7,0.2777777777777778,0.1999999999999999,0.1,0.8181818181818182,1,2,1.361342430114746,0.9933093786239624
0.9565217391304373,0.973372781065089,0.6382978723404255,0.710843373493976,0.217391304347826,0.3280918949906568,0.1971008165607045,0.7916666666666666,0.5416666666666666,0.1627906976744186,0.1620553359683794,0.3478260869565217,0.3913043478260869,0.2051999506082562,0.5180195917175867,-1.6264589190656924,-0.0402226603643458,1.0,0.0,-0.3981785130463787,-0.1305839435759947,0.0169012252991774,0.3076923076923077,0.2545454545454545,0.3454545454545454,0.2962962962962963,-0.4935713471335369,-0.3469924420563787,0.2727272727272727,0.2352941176470588,6,9,0.3055555555555555,0.2571428571428571,0.1,0.8181818181818182,1,2,1.4949053525924683,0.9253255724906921
0.9565217391304373,0.973491124260355,0.6382978723404255,0.9759036144578314,0.217391304347826,0.3280918949906568,0.1971008165607045,0.2708333333333333,0.9791666666666666,0.1627906976744186,0.1620553359683794,0.5217391304347826,0.1304347826086956,0.6234583821592693,0.3358547684095887,0.0786598294833466,2.5893815264237306e-15,3.0,0.0,-0.2063792154743537,-0.59303894052313,-0.0962713110378267,0.25,0.3818181818181818,0.2909090909090909,0.2314814814814814,-0.4935713471335369,1.4320993856897792,0.2121212121212121,0.3235294117647059,9,10,0.2777777777777778,0.1142857142857142,0.1333333333333333,0.8181818181818182,1,2,1.4714711904525757,1.0069470405578613
0.9565217391304373,0.973491124260355,0.6382978723404255,0.036144578313253,0.217391304347826,0.3280918949906568,0.1971008165607045,0.375,0.4375,0.1627906976744186,0.1620553359683794,0.217391304347826,0.0,-0.7505732084158564,1.1444645623755516,-0.0322304681947919,0.1554254576072724,1.0,0.0,3.655739687213083,0.403220942973219,-2.0925964151159437,0.3173076923076923,0.4545454545454545,0.2727272727272727,0.1111111111111111,0.280216452956974,3.2111912134359373,0.3333333333333333,0.4705882352941176,7,7,0.1944444444444444,0.0571428571428571,0.1333333333333333,0.8181818181818182,1,0,1.1970224380493164,1.4998555183410645
0.9565217391304373,0.973491124260355,0.6382978723404255,0.2048192771084337,0.217391304347826,0.3280918949906568,0.1971008165607045,0.6458333333333333,0.4791666666666666,0.1627906976744186,0.1620553359683794,0.6956521739130435,0.782608695652174,-1.60514289692547,-0.9234081086062724,0.4785870965164475,1.5761674031474842,1.0,2.0,0.8149795465785886,-0.8704128100053846,-0.993926882233862,0.1923076923076923,0.2181818181818181,0.4181818181818181,0.3703703703703703,-2.213099791779117,-1.363616343625612,0.1818181818181818,0.1470588235294117,5,6,0.3888888888888888,0.3999999999999999,0.1333333333333333,0.8181818181818182,-1,2,1.3451985120773315,1.0467205047607422
0.9565217391304373,0.973491124260355,0.6382978723404255,0.3012048192771084,0.217391304347826,0.3280918949906568,0.1971008165607045,0.9375,0.6875,0.1627906976744186,0.1620553359683794,0.2608695652173913,0.0869565217391304,0.6718452193860353,1.031124197633901,-0.0508797361788803,0.1292000740789988,2.0,3.0,1.7729524952394482,-1.421247221390269,-1.350638168648746,0.2788461538461538,0.3545454545454545,0.2272727272727272,0.1759259259259259,0.3661928751892531,1.6862553610820876,0.303030303030303,0.4705882352941176,8,4,0.2222222222222222,0.1142857142857142,0.1333333333333333,0.8181818181818182,-1,2,1.1942774057388306,1.1088783740997314
0.9565217391304373,0.973491124260355,0.6382978723404255,0.8433734939759037,0.217391304347826,0.3280918949906568,0.1971008165607045,0.9583333333333331,0.3958333333333333,0.1627906976744186,0.1620553359683794,0.4782608695652174,0.7391304347826086,-0.5136483099374998,-1.0340286946057042,-0.3932256955276284,-0.4362856828031928,4.0,3.0,-0.86262177896387,0.6270874855992962,0.6999714499965528,0.3653846153846154,0.1909090909090909,0.3454545454545454,0.3518518518518518,0.022287186260137,-1.4483350020897148,0.2424242424242424,0.1470588235294117,6,10,0.3333333333333333,0.3142857142857143,0.1333333333333333,0.8181818181818182,1,2,1.5825201272964478,0.9283625483512878
0.9565217391304373,0.9736094674556216,0.6382978723404255,0.4819277108433735,0.217391304347826,0.3280918949906568,0.1971008165607045,0.2291666666666666,0.8541666666666666,0.1627906976744186,0.1620553359683794,0.4347826086956522,0.6521739130434783,-0.5019854930720881,0.4865648270469899,1.1906624519596425,-0.5263477305420222,3.0,0.0,0.4665539615934443,-1.3140692476668494,-0.6082021422085355,0.2211538461538461,0.2272727272727272,0.2181818181818181,0.324074074074074,-0.0636892359721419,-0.8553043928409952,0.2424242424242424,0.2058823529411764,7,7,0.2777777777777778,0.3142857142857143,0.1666666666666666,0.8181818181818182,1,2,1.3135836124420166,1.0000230073928833
0.9565217391304373,0.9736094674556216,0.6382978723404255,0.4698795180722891,0.217391304347826,0.3280918949906568,0.1971008165607045,0.3333333333333333,0.8958333333333333,0.1627906976744186,0.1620553359683794,0.0434782608695652,0.8260869565217391,0.0459731184469937,-0.1908188480835798,0.1200616396512995,0.588057583961006,1.0,1.0,-1.12176271051321,1.208669475470106,1.2111800432136686,0.375,0.1636363636363636,0.1727272727272727,0.3425925925925925,1.7418156309057171,-1.6177723190179203,0.4545454545454546,0.0588235294117647,6,9,0.1388888888888889,0.3714285714285714,0.1666666666666666,0.8181818181818182,0,2,1.7498834133148193,0.9259781241416931
0.9565217391304373,0.973846153846154,0.6595744680851063,0.8072289156626506,0.217391304347826,0.3280918949906568,0.1971008165607045,0.0833333333333333,0.8958333333333333,0.1627906976744186,0.1620553359683794,0.5652173913043479,0.8260869565217391,0.6518260885421049,-0.1905958723501873,0.3818639450231136,0.588057583961006,3.0,1.0,-0.7283019887119154,0.1048541793500865,0.5420283523333995,0.2115384615384615,0.1727272727272727,0.2636363636363636,0.3518518518518518,-0.579547769365816,-1.6177723190179203,0.2121212121212121,0.0588235294117647,8,10,0.2777777777777778,0.3714285714285714,0.2333333333333333,0.8181818181818182,1,2,1.5450669527053833,0.9281145930290222
0.9565217391304373,0.97396449704142,0.6595744680851063,0.5301204819277109,0.217391304347826,0.3280918949906568,0.1971008165607045,0.9791666666666666,0.4583333333333333,0.1627906976744186,0.1620553359683794,0.1739130434782608,0.3043478260869565,0.3379507302769394,0.3106619754150939,2.641144751217104e-15,0.0002745635450137,2.0,1.0,0.9397944910999774,-1.1553305205341426,-1.0207248466746464,0.4038461538461538,0.3,0.2545454545454545,0.287037037037037,1.225957097512043,0.1613195087282378,0.3333333333333333,0.3235294117647059,10,5,0.1388888888888889,0.2571428571428571,0.2666666666666666,0.8181818181818182,1,2,1.4058822393417358,1.0215044021606445
0.9565217391304373,0.9742011834319526,0.6595744680851063,0.0,0.217391304347826,0.3280918949906568,0.1971008165607045,0.6875,0.6458333333333333,0.1627906976744186,0.1620553359683794,0.0434782608695652,0.7391304347826086,1.0053316851939624,-1.5883786257509362,0.0884758237563281,0.5116656403714944,4.0,1.0,-1.7980250195558034,4.5220847711569645,3.495064046114458,0.4038461538461538,0.1909090909090909,0.1909090909090909,0.4444444444444444,1.827792053137996,-2.2955215867307426,0.5151515151515151,0.1764705882352941,4,5,0.1111111111111111,0.4285714285714285,0.3333333333333333,0.8181818181818182,1,2,1.8929414749145508,0.8848217725753784
0.9565217391304373,0.9746745562130176,0.6595744680851063,0.746987951807229,0.217391304347826,0.3280918949906568,0.1971008165607045,0.1666666666666666,0.4375,0.1627906976744186,0.1620553359683794,0.1304347826086956,0.0,-0.2580573133750976,1.1464338697725984,0.0665138130111448,0.1554254576072724,0.0,3.0,-0.0214649219672212,0.6270874855992962,-0.8716759310311647,0.3557692307692308,0.4545454545454545,0.209090909090909,0.1203703703703703,1.225957097512043,3.1264725549718344,0.3636363636363636,0.4705882352941176,7,7,0.2222222222222222,0.0857142857142857,0.4666666666666667,0.8181818181818182,-1,2,1.4980659484863281,1.2508400678634644
0.9565217391304373,0.9746745562130176,0.6808510638297872,0.0,0.217391304347826,0.3280918949906568,0.1971008165607045,0.6875,0.7916666666666666,0.1627906976744186,0.1620553359683794,0.0,0.3478260869565217,1.0060991052006256,0.2369106457864979,0.0884758237563281,-1.5521240335978803,5.0,1.0,3.1816738214314597,0.737252071242866,-2.117533391338616,0.4423076923076923,0.3,0.1999999999999999,0.3518518518518518,2.085721319834833,-0.4317111005204815,0.5454545454545454,0.2941176470588235,4,6,0.1111111111111111,0.3142857142857143,0.4666666666666667,0.8181818181818182,1,2,1.4482312202453613,1.3659522533416748
0.9565217391304373,0.9747928994082842,0.6808510638297872,0.8072289156626506,0.217391304347826,0.3280918949906568,0.1971008165607045,0.0833333333333333,0.3333333333333333,0.1627906976744186,0.1620553359683794,0.5652173913043479,0.0869565217391304,0.6539300614320904,0.0860403560840543,0.3818639450231136,0.160166846399134,1.0,1.0,-0.1215036293598677,-0.8704128100053846,-0.1371620867983627,0.2403846153846154,0.3636363636363636,0.2727272727272727,0.1851851851851851,-0.4075949249012579,1.6862553610820876,0.2424242424242424,0.4411764705882353,8,7,0.2777777777777778,0.1428571428571428,0.5,0.8181818181818182,0,2,1.4710252285003662,1.0765430927276611
0.9565217391304373,0.9747928994082842,0.6808510638297872,0.4819277108433735,0.217391304347826,0.3280918949906568,0.1971008165607045,0.4791666666666666,0.9583333333333331,0.1627906976744186,0.1620553359683794,0.782608695652174,0.4782608695652174,-0.9443064193564416,-0.4830903509294759,1.5643688612841171,-0.343060681303428,0.0,2.0,0.1250425304829062,-0.6930545503312608,-0.4839736210344957,0.25,0.3818181818181818,0.3727272727272727,0.3796296296296296,-1.267359147224048,0.076600850264135,0.1818181818181818,0.2647058823529412,6,6,0.3888888888888888,0.3428571428571428,0.5,0.8181818181818182,-1,2,1.3708854913711548,1.0400104522705078
0.9565217391304373,0.9747928994082842,0.6808510638297872,0.1325301204819277,0.217391304347826,0.3280918949906568,0.1971008165607045,0.5416666666666666,0.9375,0.1627906976744186,0.1620553359683794,0.3913043478260869,0.3043478260869565,0.4979243185000376,0.7051271627677977,-0.0843337685133374,-0.0074242863746937,2.0,0.0,2.659522843655678,-0.7434227029254181,-1.7507571856293744,0.2692307692307693,0.2818181818181818,0.3,0.2592592592592592,-0.4075949249012579,0.2460381671923406,0.2424242424242424,0.2941176470588235,9,8,0.2777777777777778,0.2571428571428571,0.5,0.8181818181818182,1,0,1.1702324151992798,1.1317228078842163
0.9565217391304373,0.9747928994082842,0.6808510638297872,0.8674698795180723,0.217391304347826,0.3280918949906568,0.1971008165607045,0.8541666666666666,0.2708333333333333,0.1627906976744186,0.1620553359683794,0.6521739130434783,0.5217391304347826,0.4561655406363462,0.6461156467945565,-0.580176758212922,0.1195764613549228,3.0,1.0,0.3603268672083911,-0.8704128100053846,-0.6400059173327453,0.2403846153846154,0.2636363636363636,0.3454545454545454,0.2962962962962963,-1.0954063027594898,-0.262273783592276,0.2121212121212121,0.2352941176470588,7,9,0.3333333333333333,0.2857142857142857,0.5,0.8181818181818182,1,2,1.3578948974609375,1.0076450109481812
0.9565217391304373,0.9747928994082842,0.6808510638297872,0.1686746987951807,0.217391304347826,0.3280918949906568,0.1971008165607045,0.8958333333333333,0.2291666666666666,0.1627906976744186,0.1620553359683794,0.8260869565217391,0.4347826086956522,-0.2217392996757439,-0.4746025929473457,0.55650615895966,1.2097851849199468,1.0,1.0,0.3449711731223855,-0.3958273655809532,-0.7787087342306448,0.1923076923076923,0.2363636363636363,0.3727272727272727,0.2222222222222222,-1.783217680617722,0.1613195087282378,0.0606060606060606,0.2647058823529412,10,7,0.3888888888888888,0.2857142857142857,0.5,0.8181818181818182,0,2,1.3584798574447632,1.0637158155441284
0.9565217391304373,0.9747928994082842,0.6808510638297872,0.5301204819277109,0.217391304347826,0.3280918949906568,0.1971008165607045,0.9791666666666666,0.5833333333333333,0.1627906976744186,0.1620553359683794,0.1739130434782608,0.6086956521739131,0.3379507302769394,0.4008755646501588,2.641144751217104e-15,0.3487620591838878,3.0,1.0,1.5708939877353705,-1.0508253591272612,-1.350638168648746,0.4230769230769231,0.2909090909090909,0.2636363636363636,0.3518518518518518,1.3119335197443225,-0.5164297589845843,0.3636363636363636,0.2352941176470588,10,8,0.1388888888888889,0.2857142857142857,0.5,0.8181818181818182,1,2,1.3945633172988892,1.032616376876831
0.9565217391304373,0.9749112426035502,0.6808510638297872,0.5903614457831325,0.217391304347826,0.3280918949906568,0.1971008165607045,0.3958333333333333,0.375,0.1627906976744186,0.1620553359683794,0.6956521739130435,0.217391304347826,-1.0379004338698232,-0.7159268799274862,-0.4883143183824354,0.0108594786393483,2.0,1.0,-1.547776501270021,2.7455212889839764,2.4644038216440545,0.2307692307692307,0.3090909090909091,0.3818181818181818,0.2777777777777778,-1.5252884139208849,0.3307568256564434,0.1515151515151515,0.3529411764705882,10,7,0.3333333333333333,0.1999999999999999,0.5333333333333333,0.8181818181818182,1,2,1.7120692729949951,0.899965226650238
0.9565217391304373,0.9749112426035502,0.6808510638297872,0.5301204819277109,0.217391304347826,0.3280918949906568,0.1971008165607045,0.4583333333333333,0.6458333333333333,0.1627906976744186,0.1620553359683794,0.2608695652173913,0.7391304347826086,0.2857050517275752,-1.5879191292216277,-0.04302698182486,0.5116656403714944,1.0,0.0,-1.4162332303801906,2.562998282846172,1.6931286922638933,0.3269230769230769,0.1999999999999999,0.3,0.4814814814814814,0.108263608492416,-2.5496775621230507,0.3333333333333333,0.1764705882352941,5,5,0.2777777777777778,0.4571428571428571,0.5333333333333333,0.8181818181818182,1,2,1.7850631475448608,0.9122872352600098
0.9565217391304373,0.9750295857988168,0.702127659574468,0.9759036144578314,0.217391304347826,0.3280918949906568,0.1971008165607045,0.2708333333333333,0.0833333333333333,0.1627906976744186,0.1620553359683794,0.4782608695652174,0.5652173913043479,0.6279435064464073,0.6740588602567755,0.0786598294833466,0.4168381450064988,1.0,0.0,-0.3804441356314412,-0.6930545503312608,0.2322022085365805,0.2884615384615385,0.2363636363636363,0.3181818181818182,0.287037037037037,-0.4075949249012579,-0.4317111005204815,0.2424242424242424,0.2352941176470588,9,9,0.3055555555555555,0.2857142857142857,0.5666666666666667,0.8181818181818182,1,2,1.4754915237426758,0.9387147426605225
0.9565217391304373,0.9751479289940828,0.702127659574468,0.4819277108433735,0.217391304347826,0.3280918949906568,0.1971008165607045,0.2291666666666666,0.1666666666666666,0.1627906976744186,0.1620553359683794,0.3913043478260869,0.1739130434782608,-0.5023490449899335,-0.2290075535203045,1.1906624519596425,0.1076684920328081,0.0,2.0,0.4515121069612058,-1.2079766391580398,-0.6240656192648065,0.2596153846153846,0.3363636363636363,0.2272727272727272,0.2407407407407407,0.194240030724695,0.9237874349051628,0.2727272727272727,0.3529411764705882,8,7,0.2777777777777778,0.2571428571428571,0.6,0.8181818181818182,-1,2,1.3175745010375977,1.0075186491012573
0.9565217391304373,0.9751479289940828,0.702127659574468,0.4698795180722891,0.217391304347826,0.3280918949906568,0.1971008165607045,0.3333333333333333,0.4791666666666666,0.1627906976744186,0.1620553359683794,0.0869565217391304,0.7391304347826086,0.0532808255514072,-0.9181118968008546,0.1200616396512995,1.5761674031474842,1.0,0.0,-1.040629828196984,1.3749674998293444,0.8405065612541587,0.3942307692307693,0.2363636363636363,0.1909090909090909,0.3981481481481481,1.7418156309057171,-1.4483350020897148,0.4545454545454546,0.1764705882352941,8,6,0.1388888888888889,0.4285714285714285,0.6,0.8181818181818182,1,2,1.6767979860305786,0.9326543807983398
0.9565217391304373,0.9751479289940828,0.702127659574468,0.5301204819277109,0.217391304347826,0.3280918949906568,0.1971008165607045,0.4375,0.6875,0.1627906976744186,0.1620553359683794,0.0434782608695652,0.0,1.1235653335571494,1.0339633788098277,0.115225467772681,0.1292000740789988,3.0,2.0,-0.4697328793010963,-0.2985964536704366,0.1952168180972665,0.5096153846153847,0.4636363636363636,0.1181818181818181,0.2129629629629629,3.4613440755512968,2.364004628794909,0.5151515151515151,0.5588235294117647,7,4,0.0833333333333333,0.1142857142857142,0.6,0.8181818181818182,1,2,1.518197774887085,0.9613020420074463
0.9565217391304373,0.9751479289940828,0.702127659574468,0.2409638554216867,0.217391304347826,0.3280918949906568,0.1971008165607045,0.5833333333333333,0.8958333333333333,0.1627906976744186,0.1620553359683794,0.6086956521739131,0.8260869565217391,0.3838021552277387,-0.1912145477002838,0.3124269791225654,0.588057583961006,2.0,0.0,-0.9409781419179728,0.8679384505781049,0.7735900323380412,0.3173076923076923,0.1909090909090909,0.3727272727272727,0.3888888888888888,-0.665524191598095,-1.7872096359461258,0.2424242424242424,0.0588235294117647,8,11,0.3055555555555555,0.3999999999999999,0.6,0.8181818181818182,1,2,1.6775786876678467,0.9257093667984009
0.9565217391304373,0.9751479289940828,0.702127659574468,0.5301204819277109,0.217391304347826,0.3280918949906568,0.1971008165607045,0.9791666666666666,0.9375,0.1627906976744186,0.1620553359683794,0.1304347826086956,0.3043478260869565,0.3379507302769394,0.7061582692538745,2.641144751217104e-15,-0.0074242863746937,3.0,0.0,0.6146052863139619,-1.0248611437064463,-0.8038041425818739,0.4519230769230769,0.2818181818181818,0.2727272727272727,0.2777777777777778,1.4838863642088802,0.076600850264135,0.3939393939393939,0.2941176470588235,10,8,0.1388888888888889,0.2857142857142857,0.6,0.8181818181818182,1,2,1.409947395324707,1.0190973281860352
0.9565217391304373,0.9752662721893488,0.702127659574468,0.036144578313253,0.217391304347826,0.3280918949906568,0.1971008165607045,0.375,0.5416666666666666,0.1627906976744186,0.1620553359683794,0.217391304347826,0.5217391304347826,-0.7460437110545597,0.5248882743855646,-0.0322304681947919,-0.0402226603643458,4.0,0.0,-0.7093961636354963,0.3805689221268368,0.3995097671017144,0.3365384615384615,0.2727272727272727,0.2909090909090909,0.3055555555555555,0.280216452956974,-0.262273783592276,0.3636363636363636,0.2647058823529412,7,9,0.2222222222222222,0.2857142857142857,0.6333333333333333,0.8181818181818182,1,2,1.5284377336502075,0.9252939820289612
0.9565217391304373,0.9752662721893488,0.702127659574468,0.2048192771084337,0.217391304347826,0.3280918949906568,0.1971008165607045,0.6458333333333333,0.7916666666666666,0.1627906976744186,0.1620553359683794,0.782608695652174,0.3478260869565217,-1.5979001707194398,0.2386868766270741,0.4785870965164475,-1.5521240335978803,1.0,0.0,1.3983284728572496,-0.7182083572767156,-1.340738416469995,0.2115384615384615,0.3090909090909091,0.4818181818181818,0.3981481481481481,-2.642981902940512,-0.7705857343768925,0.1818181818181818,0.2941176470588235,5,6,0.4722222222222222,0.3428571428571428,0.6333333333333333,0.8181818181818182,1,2,1.3347707986831665,1.085780143737793
0.9565217391304373,0.9752662721893488,0.702127659574468,0.8433734939759037,0.217391304347826,0.3280918949906568,0.1971008165607045,0.9583333333333331,0.4583333333333333,0.1627906976744186,0.1620553359683794,0.4347826086956522,0.2608695652173913,-0.5073718671966221,0.3140829701087127,-0.3932256955276284,0.0002745635450137,2.0,0.0,1.583001705533243,-0.8704128100053846,-1.4106701994281576,0.4230769230769231,0.3181818181818182,0.3727272727272727,0.3055555555555555,0.280216452956974,0.1613195087282378,0.303030303030303,0.3529411764705882,6,5,0.3333333333333333,0.2857142857142857,0.6333333333333333,0.8181818181818182,1,2,1.3154109716415405,1.0863893032073975
0.9565217391304373,0.9753846153846152,0.702127659574468,0.8674698795180723,0.217391304347826,0.3280918949906568,0.1971008165607045,0.8541666666666666,0.3958333333333333,0.1627906976744186,0.1620553359683794,0.6521739130434783,0.6956521739130435,0.4566116313876899,-1.0255898535192565,-0.580176758212922,-0.4362856828031928,0.0,1.0,-1.040629828196984,0.954165732068384,1.0906267207351712,0.2692307692307693,0.2363636363636363,0.3545454545454545,0.3981481481481481,-0.923453458294932,-1.4483350020897148,0.2424242424242424,0.1764705882352941,7,10,0.3333333333333333,0.3428571428571428,0.6666666666666666,0.8181818181818182,-1,2,1.7034709453582764,0.9433823227882385
0.9565217391304373,0.9755029585798818,0.7234042553191489,0.036144578313253,0.217391304347826,0.3280918949906568,0.1971008165607045,0.375,0.5833333333333333,0.1627906976744186,0.1620553359683794,0.217391304347826,0.6086956521739131,-0.745712520866261,0.4045019122060325,-0.0322304681947919,0.3487620591838878,1.0,0.0,-0.6717913868051741,0.1513134819178173,0.4169413971687611,0.375,0.3181818181818182,0.2909090909090909,0.3796296296296296,0.62412214188609,-0.5164297589845843,0.3939393939393939,0.2647058823529412,7,8,0.2222222222222222,0.3142857142857143,0.7,0.8181818181818182,1,2,1.53402578830719,0.9269970059394836
0.9565217391304373,0.9758579881656804,0.7234042553191489,0.8072289156626506,0.217391304347826,0.3280918949906568,0.1971008165607045,0.0833333333333333,0.2291666666666666,0.1627906976744186,0.1620553359683794,0.5652173913043479,0.4782608695652174,0.6562706627258393,-0.4748241119611334,0.3818639450231136,1.2097851849199468,1.0,0.0,-0.4877778418888012,-0.3470991123393136,0.2808783653145138,0.25,0.2454545454545454,0.2909090909090909,0.25,-0.4935713471335369,-0.0081178081999676,0.2424242424242424,0.2647058823529412,9,8,0.3055555555555555,0.3142857142857143,0.8,0.8181818181818182,1,2,1.478929042816162,0.9367896318435669
0.9565217391304373,0.9758579881656804,0.7234042553191489,0.5903614457831325,0.217391304347826,0.3280918949906568,0.1971008165607045,0.3958333333333333,0.2708333333333333,0.1627906976744186,0.1620553359683794,0.6956521739130435,0.5217391304347826,-1.033753648994076,0.6492516537933342,-0.4883143183824354,0.1195764613549228,0.0,1.0,0.8149795465785886,-1.076854081981862,-0.9409767037087994,0.2596153846153846,0.2818181818181818,0.3909090909090909,0.324074074074074,-1.353335569456327,-0.3469924420563787,0.2121212121212121,0.2647058823529412,10,9,0.3333333333333333,0.3142857142857143,0.8,0.8181818181818182,-1,2,1.3021214008331299,1.053645372390747
0.9565217391304373,0.9758579881656804,0.7446808510638298,0.5301204819277109,0.217391304347826,0.3280918949906568,0.1971008165607045,0.4583333333333333,0.5833333333333333,0.1627906976744186,0.1620553359683794,0.2608695652173913,0.5652173913043479,0.2882832475497615,0.4044831548893768,-0.04302698182486,0.3487620591838878,1.0,0.0,-0.804626815101258,0.1744661003130459,0.7683858176282239,0.3365384615384615,0.3181818181818182,0.3181818181818182,0.3888888888888888,0.022287186260137,-0.6011484174486871,0.3636363636363636,0.2647058823529412,5,8,0.3055555555555555,0.3428571428571428,0.8,0.8181818181818182,1,2,1.51851487159729,0.9293984174728394
0.9565217391304373,0.9758579881656804,0.7446808510638298,0.4819277108433735,0.217391304347826,0.3280918949906568,0.1971008165607045,0.4791666666666666,0.4375,0.1627906976744186,0.1620553359683794,0.7391304347826086,0.0434782608695652,-0.9409753130420362,1.1489482994485,1.5643688612841171,0.1554254576072724,1.0,0.0,3.565998467861494,0.5826952346024562,-2.105041288609992,0.25,0.509090909090909,0.3999999999999999,0.1388888888888889,-1.5252884139208849,3.465347188828245,0.1818181818181818,0.5294117647058824,6,7,0.4444444444444444,0.0857142857142857,0.8,0.8181818181818182,1,0,1.1880464553833008,1.5482381582260132
0.9565217391304373,0.9758579881656804,0.7446808510638298,0.1686746987951807,0.217391304347826,0.3280918949906568,0.1971008165607045,0.8958333333333333,0.9791666666666666,0.1627906976744186,0.1620553359683794,0.8260869565217391,0.1304347826086956,-0.2216039550886138,0.3358547684095887,0.55650615895966,2.5893815264237306e-15,1.0,2.0,0.8985245917528065,-0.4939691189659106,-1.1394385349469036,0.2019230769230769,0.4545454545454545,0.3999999999999999,0.2777777777777778,-1.95517052508228,1.6862553610820876,0.0606060606060606,0.4117647058823529,11,10,0.4166666666666666,0.1428571428571428,0.8,0.8181818181818182,-1,2,1.3410133123397827,1.1195148229599
0.9565217391304373,0.9759763313609467,0.7446808510638298,0.746987951807229,0.217391304347826,0.3280918949906568,0.1971008165607045,0.1666666666666666,0.8541666666666666,0.1627906976744186,0.1620553359683794,0.217391304347826,0.6521739130434783,-0.2553270202412108,0.4882581560603445,0.0665138130111448,-0.5263477305420222,2.0,2.0,-0.86262177896387,0.5826952346024562,0.7211738751116616,0.375,0.2545454545454545,0.2363636363636363,0.3703703703703703,1.139980675279764,-1.0247417097692009,0.3939393939393939,0.2352941176470588,7,7,0.25,0.3714285714285714,0.8333333333333334,0.8181818181818182,0,2,1.5682460069656372,0.9251084327697754
0.9565217391304373,0.9759763313609467,0.7446808510638298,0.1325301204819277,0.217391304347826,0.3280918949906568,0.1971008165607045,0.5416666666666666,0.6458333333333333,0.1627906976744186,0.1620553359683794,0.4347826086956522,0.782608695652174,0.5021195965643095,-1.5828552279305046,-0.0843337685133374,0.5116656403714944,3.0,1.0,-0.6717913868051741,0.1975676654840635,0.3761230604244869,0.2884615384615385,0.209090909090909,0.3363636363636363,0.4907407407407407,-0.579547769365816,-2.5496775621230507,0.2727272727272727,0.2058823529411764,9,5,0.3055555555555555,0.4857142857142857,0.8333333333333334,0.8181818181818182,1,2,1.5785404443740845,0.9351176619529724
0.9565217391304373,0.9759763313609467,0.7446808510638298,0.0,0.217391304347826,0.3280918949906568,0.1971008165607045,0.6875,0.3333333333333333,0.1627906976744186,0.1620553359683794,0.0,0.0869565217391304,1.0085581179191108,0.0901818518519282,0.0884758237563281,0.160166846399134,0.0,0.0,-0.86262177896387,0.6049148729632746,0.6946494357114249,0.5096153846153847,0.3818181818181818,0.2363636363636363,0.1944444444444444,2.34365058653167,1.7709740195461905,0.5757575757575758,0.4705882352941176,4,8,0.1388888888888889,0.1428571428571428,0.8333333333333334,0.8181818181818182,0,2,1.6208118200302124,0.9593834280967712
0.9565217391304373,0.9759763313609467,0.7446808510638298,0.710843373493976,0.217391304347826,0.3280918949906568,0.1971008165607045,0.7916666666666666,0.9583333333333331,0.1627906976744186,0.1620553359683794,0.3913043478260869,0.3478260869565217,0.2149643404861148,-0.4794339937017791,-1.6264589190656924,-0.343060681303428,0.0,3.0,-0.0879410901254828,-0.0830711385125294,-0.4161018325852042,0.3269230769230769,0.4181818181818181,0.3999999999999999,0.3796296296296296,-0.8374770360626529,0.4154754841205461,0.303030303030303,0.3235294117647059,6,6,0.3611111111111111,0.3428571428571428,0.8333333333333334,0.8181818181818182,-1,2,1.4749534130096436,1.0302238464355469
0.9565217391304373,0.9759763313609467,0.7446808510638298,0.3012048192771084,0.217391304347826,0.3280918949906568,0.1971008165607045,0.9375,0.375,0.1627906976744186,0.1620553359683794,0.3043478260869565,0.1739130434782608,0.6809081642778937,-0.7148893178705676,-0.0508797361788803,0.0108594786393483,2.0,0.0,-0.6344591107512245,0.3351174167375081,0.0364751092513681,0.2980769230769231,0.3636363636363636,0.3,0.2962962962962963,-0.1496656582044209,0.6696314595128544,0.303030303030303,0.4117647058823529,8,7,0.3055555555555555,0.2285714285714285,0.8333333333333334,0.8181818181818182,1,2,1.520467758178711,0.9327422380447388
0.9565217391304373,0.9763313609467454,0.7659574468085106,0.5301204819277109,0.217391304347826,0.3280918949906568,0.1971008165607045,0.4583333333333333,0.2291666666666666,0.1627906976744186,0.1620553359683794,0.2608695652173913,0.5217391304347826,0.2893575261645729,-0.4748856593626043,-0.04302698182486,1.2097851849199468,1.0,0.0,-1.060793578209874,0.737252071242866,1.2563959343820794,0.3461538461538461,0.2454545454545454,0.3181818181818182,0.2592592592592592,0.108263608492416,-0.0928364666640704,0.3939393939393939,0.2647058823529412,5,8,0.3055555555555555,0.3428571428571428,0.9333333333333332,0.8181818181818182,1,2,1.635501742362976,0.9371840953826904
0.9565217391304373,0.9766863905325444,0.7659574468085106,0.4698795180722891,0.217391304347826,0.3280918949906568,0.1971008165607045,0.3333333333333333,0.3958333333333333,0.1627906976744186,0.1620553359683794,0.0869565217391304,0.6956521739130435,0.0602919478065944,-1.0216265205205253,0.1200616396512995,-0.4362856828031928,3.0,1.0,-1.3731214176949431,2.0343391859347784,1.9099892015059636,0.4038461538461538,0.2454545454545454,0.1909090909090909,0.4074074074074074,1.827792053137996,-1.4483350020897148,0.4848484848484848,0.2058823529411764,9,10,0.1388888888888889,0.3714285714285714,0.0,0.9090909090909092,1,2,1.7452220916748047,0.8905590772628784
0.9565217391304373,0.9766863905325444,0.7659574468085106,0.8674698795180723,0.217391304347826,0.3280918949906568,0.1971008165607045,0.8541666666666666,0.4791666666666666,0.1627906976744186,0.1620553359683794,0.6521739130434783,0.782608695652174,0.457780468024624,-0.9140645826380536,-0.580176758212922,1.5761674031474842,1.0,1.0,-0.8238860209011809,0.6933251491952606,0.5642694174783487,0.2884615384615385,0.2454545454545454,0.3818181818181818,0.4074074074074074,-1.0094298805272108,-1.4483350020897148,0.2424242424242424,0.2058823529411764,8,6,0.3611111111111111,0.4571428571428571,0.0,0.9090909090909092,0,2,1.5813822746276855,0.9341374635696411
0.9565217391304373,0.9766863905325444,0.7659574468085106,0.5301204819277109,0.217391304347826,0.3280918949906568,0.1971008165607045,0.9791666666666666,0.1666666666666666,0.1627906976744186,0.1620553359683794,0.1304347826086956,0.217391304347826,0.3379507302769394,-0.2259825261927421,2.641144751217104e-15,0.1076684920328081,0.0,0.0,0.2830865665293505,-0.3714349085548058,-0.7208862791918095,0.5,0.3727272727272727,0.2818181818181818,0.2592592592592592,1.827792053137996,1.0932247518333684,0.4545454545454546,0.3823529411764705,10,8,0.1388888888888889,0.2571428571428571,0.0,0.9090909090909092,0,2,1.5163770914077759,1.0238648653030396
0.9565217391304373,0.976804733727811,0.7872340425531914,0.4819277108433735,0.217391304347826,0.3280918949906568,0.1971008165607045,0.2291666666666666,0.4583333333333333,0.1627906976744186,0.1620553359683794,0.5217391304347826,0.2608695652173913,-0.5027377396840642,0.317791444933778,1.1906624519596425,0.0002745635450137,2.0,0.0,1.258566148250302,-1.3943497597350551,-1.1208938936809043,0.2596153846153846,0.3363636363636363,0.2636363636363636,0.324074074074074,-0.1496656582044209,0.1613195087282378,0.2727272727272727,0.4117647058823529,8,5,0.3611111111111111,0.3142857142857143,0.0333333333333333,0.9090909090909092,1,2,1.3019148111343384,1.0546636581420898
0.9565217391304373,0.976804733727811,0.7872340425531914,0.9759036144578314,0.217391304347826,0.3280918949906568,0.1971008165607045,0.2708333333333333,0.5416666666666666,0.1627906976744186,0.1620553359683794,0.4347826086956522,0.4782608695652174,0.6329835500382657,0.5299149543221056,0.0786598294833466,-0.0402226603643458,2.0,0.0,-0.9016509925356154,0.6270874855992962,0.7891534897870961,0.3076923076923077,0.3,0.3181818181818182,0.3518518518518518,-0.2356420804366999,-0.4317111005204815,0.303030303030303,0.2941176470588235,9,9,0.3055555555555555,0.3142857142857143,0.0333333333333333,0.9090909090909092,1,2,1.542109489440918,0.9256801009178162
0.9565217391304373,0.976804733727811,0.7872340425531914,0.036144578313253,0.217391304347826,0.3280918949906568,0.1971008165607045,0.375,0.7916666666666666,0.1627906976744186,0.1620553359683794,0.1739130434782608,0.3913043478260869,-0.7428440778202694,0.243485602567273,-0.0322304681947919,-1.5521240335978803,2.0,1.0,-0.8820994261788107,0.6270874855992962,0.7579526389467022,0.3846153846153846,0.3090909090909091,0.3090909090909091,0.4351851851851852,0.5381457196538111,-1.1094603682333035,0.4242424242424242,0.2941176470588235,7,6,0.25,0.3999999999999999,0.0333333333333333,0.9090909090909092,1,2,1.5465118885040283,0.9233636856079102
0.9565217391304373,0.976804733727811,0.7872340425531914,0.5301204819277109,0.217391304347826,0.3280918949906568,0.1971008165607045,0.4375,0.8958333333333333,0.1627906976744186,0.1620553359683794,0.0434782608695652,0.8260869565217391,1.1271429899159744,-0.1903302804148341,0.115225467772681,0.588057583961006,3.0,0.0,-1.7980250195558034,5.072434938888689,3.348536921462401,0.5384615384615385,0.1999999999999999,0.1454545454545454,0.4259259259259259,3.4613440755512968,-2.041365611338434,0.5454545454545454,0.0588235294117647,7,11,0.1111111111111111,0.4571428571428571,0.0333333333333333,0.9090909090909092,1,2,2.0387842655181885,0.8899610638618469
0.9565217391304373,0.976804733727811,0.7872340425531914,0.2409638554216867,0.217391304347826,0.3280918949906568,0.1971008165607045,0.5833333333333333,0.0833333333333333,0.1627906976744186,0.1620553359683794,0.5652173913043479,0.6086956521739131,0.3888436304015968,0.6750585186009704,0.3124269791225654,0.4168381450064988,0.0,0.0,-0.2063792154743537,-0.7434227029254181,-0.0491986889623719,0.3365384615384615,0.2454545454545454,0.3909090909090909,0.2962962962962963,-0.665524191598095,-0.4317111005204815,0.2727272727272727,0.2647058823529412,8,9,0.3611111111111111,0.3142857142857143,0.0333333333333333,0.9090909090909092,0,2,1.4951276779174805,0.9658241271972656
0.9565217391304373,0.976804733727811,0.7872340425531914,0.2048192771084337,0.217391304347826,0.3280918949906568,0.1971008165607045,0.6458333333333333,0.6875,0.1627906976744186,0.1620553359683794,0.782608695652174,0.0,-1.5920367271323523,1.036995880210518,0.4785870965164475,0.1292000740789988,0.0,2.0,4.163644521463578,0.493342406745466,-2.1679813537657693,0.2307692307692307,0.4818181818181818,0.509090909090909,0.2407407407407407,-2.728958325172791,2.279285970330807,0.2121212121212121,0.5588235294117647,5,5,0.5,0.1428571428571428,0.0333333333333333,0.9090909090909092,-1,0,1.1674660444259644,1.5649296045303345
0.9565217391304373,0.976804733727811,0.7872340425531914,0.8433734939759037,0.217391304347826,0.3280918949906568,0.1971008165607045,0.9583333333333331,0.9375,0.1627906976744186,0.1620553359683794,0.3043478260869565,0.3478260869565217,-0.5021727746047646,0.7112826304263998,-0.3932256955276284,-0.0074242863746937,0.0,2.0,0.1570415870942253,-1.0248611437064463,-0.3937853734224945,0.4711538461538462,0.3,0.3727272727272727,0.3055555555555555,0.7100985641183691,-0.0081178081999676,0.3636363636363636,0.3235294117647059,6,8,0.3333333333333333,0.3142857142857143,0.0333333333333333,0.9090909090909092,-1,2,1.4271012544631958,0.9905306696891785
0.9565217391304373,0.9771597633136097,0.8085106382978723,0.8072289156626506,0.217391304347826,0.3280918949906568,0.1971008165607045,0.0833333333333333,0.375,0.1627906976744186,0.1620553359683794,0.5217391304347826,0.1739130434782608,0.6591093192456791,-0.7125847743185815,0.3818639450231136,0.0108594786393483,3.0,0.0,-0.0380037212488559,-0.6930545503312608,-0.3060024347361497,0.2596153846153846,0.3818181818181818,0.2909090909090909,0.324074074074074,-0.4075949249012579,0.5849128010487517,0.2727272727272727,0.4411764705882353,10,7,0.3055555555555555,0.2571428571428571,0.1333333333333333,0.9090909090909092,1,2,1.458890676498413,1.000929594039917
0.9565217391304373,0.9771597633136097,0.8085106382978723,0.746987951807229,0.217391304347826,0.3280918949906568,0.1971008165607045,0.1666666666666666,0.9583333333333331,0.1627906976744186,0.1620553359683794,0.2608695652173913,0.3043478260869565,-0.2529665340360011,-0.4756001930108366,0.0665138130111448,-0.343060681303428,3.0,0.0,-0.6905594642164002,0.5826952346024562,0.2929357601819815,0.3942307692307693,0.4454545454545454,0.2545454545454545,0.3981481481481481,1.139980675279764,0.5001941425846489,0.3939393939393939,0.3529411764705882,9,6,0.25,0.3714285714285714,0.1333333333333333,0.9090909090909092,1,2,1.5253804922103882,0.9167988896369934
0.9565217391304373,0.9771597633136097,0.8085106382978723,0.5903614457831325,0.217391304347826,0.3280918949906568,0.1971008165607045,0.3958333333333333,0.5833333333333333,0.1627906976744186,0.1620553359683794,0.6956521739130435,0.6086956521739131,-1.0279058123041476,0.4091013542116337,-0.4883143183824354,0.3487620591838878,1.0,0.0,0.5114177999890718,-0.8704128100053846,-0.7870526299995663,0.2692307692307693,0.3181818181818182,0.4272727272727272,0.3981481481481481,-1.6112648361531638,-0.6858670759127897,0.2121212121212121,0.2647058823529412,10,9,0.3888888888888888,0.3714285714285714,0.1333333333333333,0.9090909090909092,1,2,1.3470637798309326,1.0549001693725586
0.9565217391304373,0.9771597633136097,0.8085106382978723,0.1325301204819277,0.217391304347826,0.3280918949906568,0.1971008165607045,0.5416666666666666,0.3333333333333333,0.1627906976744186,0.1620553359683794,0.4347826086956522,0.0869565217391304,0.5061548453446368,0.0940032620286555,-0.0843337685133374,0.160166846399134,0.0,1.0,1.5950810347522066,-0.5186488843484226,-1.4821199994840062,0.3173076923076923,0.409090909090909,0.3636363636363636,0.2037037037037037,-0.579547769365816,1.940411336474396,0.303030303030303,0.5,9,9,0.3333333333333333,0.1428571428571428,0.1333333333333333,0.9090909090909092,-1,2,1.2854186296463013,1.1400766372680664
0.9565217391304373,0.9771597633136097,0.8085106382978723,0.710843373493976,0.217391304347826,0.3280918949906568,0.1971008165607045,0.7916666666666666,0.2708333333333333,0.1627906976744186,0.1620553359683794,0.4782608695652174,0.3913043478260869,0.2187501063469883,0.6538912337740576,-1.6264589190656924,0.1195764613549228,2.0,1.0,0.8985245917528065,-0.7686978793825137,-1.0658787113544044,0.3365384615384615,0.3090909090909091,0.4454545454545454,0.324074074074074,-1.181382724991769,-0.0928364666640704,0.303030303030303,0.3235294117647059,6,9,0.4166666666666666,0.3142857142857143,0.1333333333333333,0.9090909090909092,1,2,1.3430815935134888,1.031191110610962
0.9565217391304373,0.9771597633136097,0.8085106382978723,0.1686746987951807,0.217391304347826,0.3280918949906568,0.1971008165607045,0.8958333333333333,0.6458333333333333,0.1627906976744186,0.1620553359683794,0.8260869565217391,0.782608695652174,-0.2214356803184806,-1.575953493817519,0.55650615895966,0.5116656403714944,0.0,2.0,-0.415974149226847,0.0581879304310744,-0.0159828156045751,0.2115384615384615,0.2181818181818181,0.4454545454545454,0.537037037037037,-2.299076214011396,-2.888552195979462,0.0606060606060606,0.2058823529411764,11,5,0.4722222222222222,0.5428571428571428,0.1333333333333333,0.9090909090909092,-1,2,1.5696794986724854,0.9549084305763245
0.9565217391304373,0.9772781065088756,0.8085106382978723,0.4819277108433735,0.217391304347826,0.3280918949906568,0.1971008165607045,0.2291666666666666,0.4791666666666666,0.1627906976744186,0.1620553359683794,0.5652173913043479,0.7391304347826086,-0.5028142705361694,-0.9127673766825184,1.1906624519596425,1.5761674031474842,1.0,1.0,0.2361803406641606,-0.97312496172793,-0.4992481965562697,0.2788461538461538,0.2545454545454545,0.2636363636363636,0.4166666666666666,0.022287186260137,-1.4483350020897148,0.303030303030303,0.2058823529411764,8,7,0.3611111111111111,0.4571428571428571,0.1666666666666666,0.9090909090909092,0,2,1.3557562828063965,0.9954450726509094
0.9565217391304373,0.9772781065088756,0.8085106382978723,0.5301204819277109,0.217391304347826,0.3280918949906568,0.1971008165607045,0.4583333333333333,0.9791666666666666,0.1627906976744186,0.1620553359683794,0.217391304347826,0.1304347826086956,0.2917610693513131,0.3358547684095887,-0.04302698182486,2.5893815264237306e-15,1.0,0.0,-0.5973954145480654,-0.2744290714194711,0.474389017901951,0.3557692307692308,0.4727272727272727,0.3363636363636363,0.287037037037037,0.022287186260137,1.7709740195461905,0.4242424242424242,0.4411764705882353,5,11,0.3333333333333333,0.1428571428571428,0.1666666666666666,0.9090909090909092,1,2,1.476563811302185,0.9342468976974487
0.9565217391304373,0.9772781065088756,0.8085106382978723,0.3012048192771084,0.217391304347826,0.3280918949906568,0.1971008165607045,0.9375,0.4375,0.1627906976744186,0.1620553359683794,0.3478260869565217,0.0434782608695652,0.6851403758296035,1.1519415273162588,-0.0508797361788803,0.1554254576072724,2.0,2.0,2.8521371110232367,-0.7940341808724144,-1.784518149465468,0.3365384615384615,0.5363636363636364,0.3,0.1481481481481481,0.194240030724695,3.634784505756451,0.3636363636363636,0.5588235294117647,8,7,0.3055555555555555,0.1142857142857142,0.1666666666666666,0.9090909090909092,0,0,1.199137568473816,1.1863659620285034
0.9565217391304373,0.977396449704142,0.8085106382978723,0.0,0.217391304347826,0.3280918949906568,0.1971008165607045,0.6875,0.8541666666666666,0.1627906976744186,0.1620553359683794,0.0,0.6521739130434783,1.0111829088467053,0.489654265156518,0.0884758237563281,-0.5263477305420222,2.0,0.0,-1.525618051834204,3.0134784930427068,2.272228722356961,0.5288461538461539,0.2818181818181818,0.2363636363636363,0.3981481481481481,2.515603430996228,-1.0247417097692009,0.6060606060606061,0.2352941176470588,5,9,0.1388888888888889,0.3714285714285714,0.2,0.9090909090909092,1,2,1.8165165185928345,0.8684946894645691
0.9565217391304373,0.977514792899408,0.8297872340425532,0.2409638554216867,0.217391304347826,0.3280918949906568,0.1971008165607045,0.5833333333333333,0.375,0.1627906976744186,0.1620553359683794,0.6086956521739131,0.1739130434782608,0.3906597128389619,-0.7116838911794967,0.3124269791225654,0.0108594786393483,2.0,2.0,0.2046705693382438,-0.7686978793825137,-0.5455018632570741,0.3365384615384615,0.3818181818181818,0.3999999999999999,0.3518518518518518,-0.7515006138303739,0.3307568256564434,0.2727272727272727,0.4411764705882353,9,7,0.3888888888888888,0.2857142857142857,0.2333333333333333,0.9090909090909092,0,2,1.3647865056991577,0.990118145942688
0.9565217391304373,0.977514792899408,0.8297872340425532,0.1686746987951807,0.217391304347826,0.3280918949906568,0.1971008165607045,0.8958333333333333,0.0833333333333333,0.1627906976744186,0.1620553359683794,0.8260869565217391,0.5217391304347826,-0.2214055354998322,0.6780949515787777,0.55650615895966,0.4168381450064988,2.0,4.0,1.3605859483617346,-0.8448913465681646,-1.31121655833027,0.2115384615384615,0.2727272727272727,0.4636363636363636,0.2962962962962963,-2.471029058475954,-0.1775551251281732,0.0606060606060606,0.2941176470588235,11,10,0.5,0.3142857142857143,0.2333333333333333,0.9090909090909092,-1,2,1.3424839973449707,1.0715043544769287
0.9565217391304373,0.977514792899408,0.8297872340425532,0.8433734939759037,0.217391304347826,0.3280918949906568,0.1971008165607045,0.9583333333333331,0.6458333333333333,0.1627906976744186,0.1620553359683794,0.3478260869565217,0.782608695652174,-0.5001632682887165,-1.576954826655152,-0.3932256955276284,0.5116656403714944,1.0,3.0,-1.1628133783213062,1.477579050381725,1.260883549417025,0.4711538461538462,0.2363636363636363,0.4181818181818181,0.537037037037037,0.280216452956974,-2.7191148790512565,0.3636363636363636,0.2352941176470588,6,5,0.3888888888888888,0.5428571428571428,0.2333333333333333,0.9090909090909092,-1,2,1.779932975769043,0.9469211101531982
0.9565217391304373,0.9776331360946746,0.8297872340425532,0.9759036144578314,0.217391304347826,0.3280918949906568,0.1971008165607045,0.2708333333333333,0.2291666666666666,0.1627906976744186,0.1620553359683794,0.3913043478260869,0.4782608695652174,0.6349915716926781,-0.4752136159316529,0.0786598294833466,1.2097851849199468,0.0,1.0,-0.6530914332367731,-0.3470991123393136,0.6463600838398857,0.3365384615384615,0.2727272727272727,0.3363636363636363,0.2777777777777778,-0.1496656582044209,-0.0081178081999676,0.3333333333333333,0.2941176470588235,9,9,0.3333333333333333,0.3714285714285714,0.2666666666666666,0.9090909090909092,-1,2,1.4792009592056274,0.9371309280395508
0.9565217391304373,0.9776331360946746,0.8297872340425532,0.4698795180722891,0.217391304347826,0.3280918949906568,0.1971008165607045,0.3333333333333333,0.4583333333333333,0.1627906976744186,0.1620553359683794,0.0869565217391304,0.2608695652173913,0.0641287327932389,0.3196295854925727,0.1200616396512995,0.0002745635450137,0.0,0.0,-0.3451574802028851,-0.59303894052313,0.1199754823232281,0.4423076923076923,0.3454545454545454,0.1999999999999999,0.3425925925925925,2.085721319834833,0.076600850264135,0.5454545454545454,0.4411764705882353,9,5,0.1388888888888889,0.3428571428571428,0.2666666666666666,0.9090909090909092,0,2,1.481143832206726,0.9217432141304016
0.9565217391304373,0.9776331360946746,0.8297872340425532,0.5903614457831325,0.217391304347826,0.3280918949906568,0.1971008165607045,0.3958333333333333,0.1666666666666666,0.1627906976744186,0.1620553359683794,0.6956521739130435,0.217391304347826,-1.0263374441540605,-0.2244222140087256,-0.4883143183824354,0.1076684920328081,0.0,0.0,1.3731975374057142,-0.7940341808724144,-1.3308683487501232,0.2788461538461538,0.3999999999999999,0.4272727272727272,0.2592592592592592,-1.5252884139208849,1.3473807272256766,0.2424242424242424,0.4117647058823529,10,9,0.3888888888888888,0.2571428571428571,0.2666666666666666,0.9090909090909092,0,2,1.3409117460250854,1.0958572626113892
0.9565217391304373,0.9776331360946746,0.8297872340425532,0.5301204819277109,0.217391304347826,0.3280918949906568,0.1971008165607045,0.4375,0.8541666666666666,0.1627906976744186,0.1620553359683794,0.0434782608695652,0.6521739130434783,1.1286745368373312,0.4899945125344663,0.115225467772681,-0.5263477305420222,3.0,2.0,-1.5035544996888237,2.727411421795136,2.288678857135076,0.5865384615384616,0.2818181818181818,0.1636363636363636,0.4166666666666666,3.719273342248134,-1.1941790266974064,0.5757575757575758,0.2352941176470588,8,9,0.1111111111111111,0.3999999999999999,0.2666666666666666,0.9090909090909092,1,2,1.952322006225586,0.8685778975486755
0.9565217391304373,0.9776331360946746,0.8297872340425532,0.4819277108433735,0.217391304347826,0.3280918949906568,0.1971008165607045,0.4791666666666666,0.5416666666666666,0.1627906976744186,0.1620553359683794,0.7391304347826086,0.4347826086956522,-0.9352158265125736,0.5325170464815215,1.5643688612841171,-0.0402226603643458,2.0,2.0,-0.2579839696756624,-0.2262609150274557,-0.1785672254192772,0.2788461538461538,0.3,0.4181818181818181,0.3796296296296296,-1.439311991688606,-0.6858670759127897,0.2121212121212121,0.2941176470588235,8,9,0.4444444444444444,0.3714285714285714,0.2666666666666666,0.9090909090909092,0,2,1.4626961946487427,1.050266981124878
0.9565217391304373,0.9776331360946746,0.8297872340425532,0.3012048192771084,0.217391304347826,0.3280918949906568,0.1971008165607045,0.9375,0.7916666666666666,0.1627906976744186,0.1620553359683794,0.3043478260869565,0.5652173913043479,0.6859619311358464,0.2458066789537303,-0.0508797361788803,-1.5521240335978803,0.0,1.0,-0.8238860209011809,0.1975676654840635,0.8046437071654308,0.3557692307692308,0.3363636363636363,0.3181818181818182,0.4629629629629629,0.194240030724695,-1.1094603682333035,0.3636363636363636,0.3235294117647059,9,6,0.3055555555555555,0.4285714285714285,0.2666666666666666,0.9090909090909092,-1,2,1.5568113327026367,0.9181358814239502
0.9565217391304373,0.9776331360946746,0.8297872340425532,0.5301204819277109,0.217391304347826,0.3280918949906568,0.1971008165607045,0.9791666666666666,0.6875,0.1627906976744186,0.1620553359683794,0.1304347826086956,0.0,0.3379507302769394,1.0381530691781802,2.641144751217104e-15,0.1292000740789988,2.0,1.0,2.1655561069597864,-0.4202767478793102,-1.6842566386572322,0.5,0.5181818181818182,0.2909090909090909,0.2407407407407407,1.7418156309057171,2.618160604187218,0.4545454545454546,0.6176470588235294,11,5,0.1666666666666666,0.1428571428571428,0.2666666666666666,0.9090909090909092,1,2,1.349614143371582,1.1808459758758545
0.9565217391304373,0.9779881656804736,0.8510638297872339,0.8072289156626506,0.217391304347826,0.3280918949906568,0.1971008165607045,0.0833333333333333,0.4791666666666666,0.1627906976744186,0.1620553359683794,0.4347826086956522,0.782608695652174,0.6607344837960767,-0.9101121924465058,0.3818639450231136,1.5761674031474842,3.0,3.0,-1.060793578209874,1.0609613108719451,1.0716818332267446,0.3269230769230769,0.2818181818181818,0.3090909090909091,0.4444444444444444,0.022287186260137,-1.4483350020897148,0.3333333333333333,0.2058823529411764,10,9,0.3055555555555555,0.4571428571428571,0.3666666666666667,0.9090909090909092,0,2,1.6825982332229614,0.9385254979133606
0.9565217391304373,0.9783431952662722,0.8510638297872339,0.1686746987951807,0.217391304347826,0.3280918949906568,0.1971008165607045,0.8958333333333333,0.4375,0.1627906976744186,0.1620553359683794,0.8260869565217391,0.0434782608695652,-0.2213170917958148,1.1537174897850486,0.55650615895966,0.1554254576072724,1.0,5.0,4.981825633064626,2.188126249148567,-2.391453603141318,0.2307692307692307,0.5818181818181818,0.5,0.1851851851851851,-2.642981902940512,3.719503164220554,0.0606060606060606,0.5882352941176471,11,8,0.5277777777777778,0.1142857142857142,0.4666666666666667,0.9090909090909092,-1,0,1.193651556968689,1.503815770149231
0.9565217391304373,0.9784615384615384,0.8723404255319148,0.710843373493976,0.217391304347826,0.3280918949906568,0.1971008165607045,0.7916666666666666,0.0833333333333333,0.1627906976744186,0.1620553359683794,0.4782608695652174,0.3478260869565217,0.2228066645083729,0.6796772011813211,-1.6264589190656924,0.4168381450064988,2.0,0.0,0.1729668905071127,-0.7940341808724144,-0.5069121467431923,0.3653846153846154,0.3363636363636363,0.4545454545454545,0.3425925925925925,-1.0094298805272108,-0.0081178081999676,0.3636363636363636,0.3235294117647059,6,11,0.4166666666666666,0.3142857142857143,0.5,0.9090909090909092,1,2,1.3597520589828491,1.0027146339416504
0.9565217391304373,0.9784615384615384,0.8723404255319148,0.8674698795180723,0.217391304347826,0.3280918949906568,0.1971008165607045,0.8541666666666666,0.6875,0.1627906976744186,0.1620553359683794,0.6956521739130435,0.0,0.4594499532122053,1.0395942823799649,-0.580176758212922,0.1292000740789988,1.0,0.0,0.953477982681342,-0.6679609920828745,-1.1394385349469036,0.3173076923076923,0.5272727272727272,0.4363636363636363,0.2592592592592592,-1.267359147224048,2.533441945723115,0.2424242424242424,0.6176470588235294,9,5,0.4166666666666666,0.1714285714285714,0.5,0.9090909090909092,1,2,1.3474851846694946,1.1208360195159912
0.9565217391304373,0.9786982248520708,0.8723404255319148,0.746987951807229,0.217391304347826,0.3280918949906568,0.1971008165607045,0.1666666666666666,0.8958333333333333,0.1627906976744186,0.1620553359683794,0.217391304347826,0.8260869565217391,-0.2499001759301794,-0.1914485491846548,0.0665138130111448,0.588057583961006,3.0,2.0,-1.868438391995659,5.867445188662213,3.465357737909685,0.4230769230769231,0.2272727272727272,0.2545454545454545,0.5555555555555556,1.3979099419766012,-2.9732708544435646,0.4242424242424242,0.0588235294117647,10,11,0.25,0.5714285714285714,0.5666666666666667,0.9090909090909092,1,2,1.8528255224227905,0.8874948620796204
0.9565217391304373,0.9788165680473372,0.8936170212765957,0.0,0.217391304347826,0.3280918949906568,0.1971008165607045,0.6875,0.3958333333333333,0.1627906976744186,0.1620553359683794,0.0,0.6521739130434783,1.0136933638928876,-1.0129993685440544,0.0884758237563281,-0.4362856828031928,0.0,0.0,-1.547776501270021,2.9781443767158757,2.3213345328846358,0.5576923076923077,0.2636363636363636,0.2636363636363636,0.4351851851851852,2.515603430996228,-1.5330536605538176,0.6363636363636364,0.2352941176470588,5,11,0.1944444444444444,0.3999999999999999,0.6,0.9090909090909092,0,2,1.816114068031311,0.8693153262138367
0.9565217391304373,0.9789349112426038,0.8936170212765957,0.9759036144578314,0.217391304347826,0.3280918949906568,0.1971008165607045,0.2708333333333333,0.9375,0.1627906976744186,0.1620553359683794,0.4782608695652174,0.3043478260869565,0.6382676146011371,0.7174249730965289,0.0786598294833466,-0.0074242863746937,3.0,1.0,0.4515121069612058,-2.0026583964626945,-0.3277296761190184,0.3365384615384615,0.3363636363636363,0.3454545454545454,0.3333333333333333,-0.2356420804366999,0.076600850264135,0.3333333333333333,0.3529411764705882,9,9,0.3611111111111111,0.3428571428571428,0.6333333333333333,0.9090909090909092,1,2,1.3162654638290405,1.0014283657073975
0.9565217391304373,0.9789349112426038,0.8936170212765957,0.036144578313253,0.217391304347826,0.3280918949906568,0.1971008165607045,0.375,0.4791666666666666,0.1627906976744186,0.1620553359683794,0.1739130434782608,0.7391304347826086,-0.7378350176530678,-0.9084259908157604,-0.0322304681947919,1.5761674031474842,2.0,3.0,-1.1628133783213062,1.937063133676678,1.0045026623745992,0.4230769230769231,0.3090909090909091,0.3636363636363636,0.4722222222222222,0.3661928751892531,-1.4483350020897148,0.4545454545454546,0.2058823529411764,8,10,0.2777777777777778,0.4571428571428571,0.6333333333333333,0.9090909090909092,-1,2,1.6719756126403809,0.9373133182525635
0.9565217391304373,0.9789349112426038,0.8936170212765957,0.5301204819277109,0.217391304347826,0.3280918949906568,0.1971008165607045,0.4583333333333333,0.4375,0.1627906976744186,0.1620553359683794,0.2608695652173913,0.0434782608695652,0.2961865833453888,1.1544884515745326,-0.04302698182486,0.1554254576072724,2.0,1.0,2.0674230151064275,-1.2079766391580398,-1.5028223640665008,0.3653846153846154,0.6272727272727272,0.3363636363636363,0.1944444444444444,0.108263608492416,4.058377798076965,0.4545454545454546,0.6176470588235294,6,8,0.3333333333333333,0.1142857142857142,0.6333333333333333,0.9090909090909092,1,0,1.2016146183013916,1.178349494934082
0.9565217391304373,0.9789349112426038,0.8936170212765957,0.1325301204819277,0.217391304347826,0.3280918949906568,0.1971008165607045,0.5416666666666666,0.9583333333333331,0.1627906976744186,0.1620553359683794,0.5652173913043479,0.3913043478260869,0.5122721441508942,-0.470882080624453,-0.0843337685133374,-0.343060681303428,2.0,0.0,-0.5422950866216237,0.6270874855992962,-0.0425286459135205,0.3365384615384615,0.4545454545454545,0.3909090909090909,0.4537037037037036,-0.665524191598095,0.076600850264135,0.303030303030303,0.3529411764705882,10,6,0.3611111111111111,0.4285714285714285,0.6333333333333333,0.9090909090909092,1,2,1.560144066810608,1.0348109006881714
0.9565217391304373,0.9789349112426038,0.8936170212765957,0.2048192771084337,0.217391304347826,0.3280918949906568,0.1971008165607045,0.6458333333333333,0.3333333333333333,0.1627906976744186,0.1620553359683794,0.782608695652174,0.0869565217391304,-1.5839435603439709,0.1017108189319579,0.4785870965164475,0.160166846399134,3.0,3.0,1.978596132708472,-0.6679609920828745,-1.5763235226358152,0.2788461538461538,0.4181818181818181,0.5363636363636364,0.2037037037037037,-2.557005480708233,2.0251299949384984,0.2727272727272727,0.5294117647058824,5,10,0.5277777777777778,0.1428571428571428,0.6333333333333333,0.9090909090909092,0,0,1.1737366914749146,1.210019588470459
0.9565217391304373,0.9789349112426038,0.8936170212765957,0.8674698795180723,0.217391304347826,0.3280918949906568,0.1971008165607045,0.8541666666666666,0.9791666666666666,0.1627906976744186,0.1620553359683794,0.6956521739130435,0.1304347826086956,0.4597521336487152,0.3358547684095887,-0.580176758212922,2.5893815264237306e-15,1.0,1.0,-0.5240584957145404,0.0815470383468714,0.1640750047530544,0.3269230769230769,0.4909090909090909,0.4363636363636363,0.3055555555555555,-1.181382724991769,1.7709740195461905,0.2727272727272727,0.4705882352941176,9,11,0.4166666666666666,0.1714285714285714,0.6333333333333333,0.9090909090909092,0,2,1.4958891868591309,0.951971709728241
0.9565217391304373,0.9790532544378698,0.8936170212765957,0.4819277108433735,0.217391304347826,0.3280918949906568,0.1971008165607045,0.2291666666666666,0.5833333333333333,0.1627906976744186,0.1620553359683794,0.5217391304347826,0.6086956521739131,-0.5032056219600225,0.4122765057588006,1.1906624519596425,0.3487620591838878,1.0,2.0,0.0114542414871538,-0.7434227029254181,-0.3422945897864637,0.2980769230769231,0.3363636363636363,0.2727272727272727,0.4259259259259259,0.108263608492416,-0.7705857343768925,0.3333333333333333,0.2647058823529412,9,10,0.3611111111111111,0.3999999999999999,0.6666666666666666,0.9090909090909092,-1,2,1.4123016595840454,1.0008116960525513
0.9565217391304373,0.9791715976331364,0.9148936170212766,0.746987951807229,0.217391304347826,0.3280918949906568,0.1971008165607045,0.1666666666666666,0.5416666666666666,0.1627906976744186,0.1620553359683794,0.217391304347826,0.5652173913043479,-0.2491791225128956,0.5378101521132376,0.0665138130111448,-0.0402226603643458,3.0,2.0,-0.8820994261788107,0.6270874855992962,0.6839795232300757,0.4519230769230769,0.3363636363636363,0.2727272727272727,0.3981481481481481,1.4838863642088802,-0.5164297589845843,0.4545454545454546,0.3235294117647059,10,10,0.25,0.3714285714285714,0.7,0.9090909090909092,1,2,1.5430264472961426,0.9205871820449829
0.9565217391304373,0.9792899408284024,0.9148936170212766,0.4698795180722891,0.217391304347826,0.3280918949906568,0.1971008165607045,0.3333333333333333,0.2708333333333333,0.1627906976744186,0.1620553359683794,0.0869565217391304,0.5217391304347826,0.0712040197623165,0.659468858344386,0.1200616396512995,0.1195764613549228,3.0,0.0,-0.804626815101258,0.4258240921077591,0.6463600838398857,0.4711538461538462,0.3454545454545454,0.2272727272727272,0.3611111111111111,2.085721319834833,-0.0928364666640704,0.5454545454545454,0.3529411764705882,11,9,0.1388888888888889,0.3714285714285714,0.7333333333333333,0.9090909090909092,1,2,1.5481061935424805,0.9277561902999878
0.9565217391304373,0.9792899408284024,0.9148936170212766,0.036144578313253,0.217391304347826,0.3280918949906568,0.1971008165607045,0.375,0.9583333333333331,0.1627906976744186,0.1620553359683794,0.1739130434782608,0.3913043478260869,-0.7372933395360537,-0.4701132250983797,-0.0322304681947919,-0.343060681303428,1.0,0.0,-0.86262177896387,0.8462702824403396,0.5753338484617933,0.4423076923076923,0.4545454545454545,0.3909090909090909,0.4722222222222222,0.280216452956974,-0.0928364666640704,0.4545454545454546,0.3529411764705882,8,6,0.3055555555555555,0.4571428571428571,0.7333333333333333,0.9090909090909092,1,2,1.644296407699585,0.9206938147544861
0.9565217391304373,0.9792899408284024,0.9148936170212766,0.5301204819277109,0.217391304347826,0.3280918949906568,0.1971008165607045,0.4375,0.7916666666666666,0.1627906976744186,0.1620553359683794,0.0,0.4347826086956522,1.1319173347873173,0.2504105397923454,0.115225467772681,-1.5521240335978803,3.0,0.0,-1.5700306678470846,3.2575357489600862,2.308311112856135,0.6730769230769231,0.3636363636363636,0.209090909090909,0.4629629629629629,4.06317903117725,-0.8553043928409952,0.6363636363636364,0.3823529411764705,8,6,0.1388888888888889,0.4285714285714285,0.7333333333333333,0.9090909090909092,1,2,2.009506940841675,0.8645308017730713
0.9565217391304373,0.9792899408284024,0.9148936170212766,0.0,0.217391304347826,0.3280918949906568,0.1971008165607045,0.6875,0.4583333333333333,0.1627906976744186,0.1620553359683794,0.0434782608695652,0.2608695652173913,1.014346098157752,0.3237141194529109,0.0884758237563281,0.0002745635450137,0.0,0.0,-1.12176271051321,0.9326753541533598,1.309847692694596,0.5576923076923077,0.3636363636363636,0.2636363636363636,0.3518518518518518,2.515603430996228,0.1613195087282378,0.6363636363636364,0.4705882352941176,6,6,0.1944444444444444,0.3428571428571428,0.7333333333333333,0.9090909090909092,0,2,1.710800051689148,0.9196420311927795
0.9565217391304373,0.9792899408284024,0.9148936170212766,0.1686746987951807,0.217391304347826,0.3280918949906568,0.1971008165607045,0.8958333333333333,0.3958333333333333,0.1627906976744186,0.1620553359683794,0.8260869565217391,0.6956521739130435,-0.2212123783547664,-1.0125234542785235,0.55650615895966,-0.4362856828031928,1.0,3.0,1.6191550577725538,-0.3470991123393136,-1.5028223640665008,0.2596153846153846,0.2636363636363636,0.5727272727272728,0.4351851851851852,-3.0728640141019072,-1.5330536605538176,0.0606060606060606,0.2352941176470588,11,12,0.5833333333333333,0.3999999999999999,0.7333333333333333,0.9090909090909092,-1,2,1.2786248922348022,1.117525339126587
0.9565217391304373,0.9792899408284024,0.9148936170212766,0.3012048192771084,0.217391304347826,0.3280918949906568,0.1971008165607045,0.9375,0.6458333333333333,0.1627906976744186,0.1620553359683794,0.3043478260869565,0.7391304347826086,0.6910660568481926,-1.5687917363712056,-0.0508797361788803,0.5116656403714944,2.0,1.0,-0.9409781419179728,0.5157521598034653,0.9605806080884938,0.3653846153846154,0.2909090909090909,0.3545454545454545,0.5740740740740741,-0.0636892359721419,-2.5496775621230507,0.3636363636363636,0.2647058823529412,9,6,0.3611111111111111,0.5428571428571428,0.7333333333333333,0.9090909090909092,1,2,1.6179927587509155,0.937810480594635
0.9565217391304373,0.9794082840236684,0.9148936170212766,0.5301204819277109,0.217391304347826,0.3280918949906568,0.1971008165607045,0.9791666666666666,0.2291666666666666,0.1627906976744186,0.1620553359683794,0.1304347826086956,0.4782608695652174,0.3379507302769394,-0.4755561526329966,2.641144751217104e-15,1.2097851849199468,3.0,0.0,-0.6530914332367731,0.0113128832826407,0.4169413971687611,0.5288461538461539,0.2909090909090909,0.3090909090909091,0.2962962962962963,1.827792053137996,-0.0081178081999676,0.4848484848484848,0.3235294117647059,12,9,0.1666666666666666,0.3999999999999999,0.7666666666666667,0.9090909090909092,1,2,1.505015254020691,0.9354180693626404
0.9565217391304373,0.9795266272189348,0.9148936170212766,0.2409638554216867,0.217391304347826,0.3280918949906568,0.1971008165607045,0.5833333333333333,0.8541666666666666,0.1627906976744186,0.1620553359683794,0.6086956521739131,0.6521739130434783,0.3964079698103251,0.4906449645623903,0.3124269791225654,-0.5263477305420222,1.0,1.0,-0.3804441356314412,-0.3470991123393136,0.0494599983513029,0.375,0.3181818181818182,0.4272727272727272,0.4537037037037036,-0.665524191598095,-1.1941790266974064,0.303030303030303,0.2647058823529412,10,10,0.3888888888888888,0.4285714285714285,0.8,0.9090909090909092,0,2,1.533892273902893,0.9312850832939148
0.9565217391304373,0.979644970414201,0.9361702127659574,0.8072289156626506,0.217391304347826,0.3280918949906568,0.1971008165607045,0.0833333333333333,0.4375,0.1627906976744186,0.1620553359683794,0.4347826086956522,0.0,0.6641713026628919,1.1561448846020232,0.3818639450231136,0.1554254576072724,1.0,1.0,2.314586419489774,-0.7686978793825137,-1.6623850291631883,0.3557692307692308,0.6636363636363636,0.3545454545454545,0.2129629629629629,-0.1496656582044209,4.22781511500517,0.3333333333333333,0.6470588235294118,11,8,0.3333333333333333,0.1428571428571428,0.8333333333333334,0.9090909090909092,0,0,1.2020140886306763,1.1694291830062866
0.9565217391304373,0.979644970414201,0.9361702127659574,0.1325301204819277,0.217391304347826,0.3280918949906568,0.1971008165607045,0.5416666666666666,0.6875,0.1627906976744186,0.1620553359683794,0.4782608695652174,0.0434782608695652,0.5143036752954071,1.0412236425860577,-0.0843337685133374,0.1292000740789988,3.0,2.0,0.2674985620448329,-0.6179534720272628,-0.6480051074620717,0.375,0.5272727272727272,0.4181818181818181,0.2685185185185185,-0.579547769365816,2.4487232872590123,0.3333333333333333,0.6176470588235294,10,7,0.3888888888888888,0.1999999999999999,0.8333333333333334,0.9090909090909092,1,2,1.3614439964294434,1.0554581880569458
0.9565217391304373,0.979644970414201,0.9361702127659574,0.710843373493976,0.217391304347826,0.3280918949906568,0.1971008165607045,0.7916666666666666,0.4791666666666666,0.1627906976744186,0.1620553359683794,0.3043478260869565,0.782608695652174,0.2262915376912608,-0.9068674910590976,-1.6264589190656924,1.5761674031474842,0.0,1.0,-0.5789630816416148,0.493342406745466,0.0945079269000567,0.3846153846153846,0.3363636363636363,0.4818181818181818,0.4907407407407407,-1.0954063027594898,-1.363616343625612,0.3939393939393939,0.2352941176470588,6,10,0.4444444444444444,0.4571428571428571,0.8333333333333334,0.9090909090909092,-1,2,1.594367504119873,0.9284127354621887
0.9565217391304373,0.9797633136094674,0.9361702127659574,0.5301204819277109,0.217391304347826,0.3280918949906568,0.1971008165607045,0.4583333333333333,0.9375,0.1627906976744186,0.1620553359683794,0.217391304347826,0.3478260869565217,0.2981399562177149,0.7193993662588213,-0.04302698182486,-0.0074242863746937,6.0,0.0,-1.12176271051321,0.8462702824403396,1.4099324650605067,0.3846153846153846,0.3636363636363636,0.3454545454545454,0.3703703703703703,0.194240030724695,-0.0081178081999676,0.4848484848484848,0.3823529411764705,7,9,0.3333333333333333,0.3714285714285714,0.8666666666666667,0.9090909090909092,1,2,1.727445125579834,0.9208440780639648
0.9565217391304373,0.979881656804734,0.9361702127659574,0.2048192771084337,0.217391304347826,0.3280918949906568,0.1971008165607045,0.6458333333333333,0.375,0.1627906976744186,0.1620553359683794,0.7391304347826086,0.2608695652173913,-1.5810113740260543,-0.7069947613632372,0.4785870965164475,0.0108594786393483,1.0,1.0,1.3857783288878036,-0.2262609150274557,-1.4513085565605808,0.3173076923076923,0.4272727272727272,0.5818181818181818,0.3981481481481481,-2.642981902940512,0.3307568256564434,0.2727272727272727,0.4705882352941176,6,8,0.5555555555555556,0.3142857142857143,0.9,0.9090909090909092,0,2,1.291948914527893,1.1625654697418213
0.9565217391304373,0.979881656804734,0.9361702127659574,0.8433734939759037,0.217391304347826,0.3280918949906568,0.1971008165607045,0.9583333333333331,0.5833333333333333,0.1627906976744186,0.1620553359683794,0.5217391304347826,0.6086956521739131,-0.4923824502370518,0.4162206105392445,-0.3932256955276284,0.3487620591838878,5.0,1.0,0.4364262058396629,-0.7686978793825137,-0.7538032046842718,0.4807692307692308,0.3636363636363636,0.4727272727272727,0.4444444444444444,-0.1496656582044209,-0.6858670759127897,0.3636363636363636,0.2941176470588235,6,11,0.4722222222222222,0.3999999999999999,0.9,0.9090909090909092,1,2,1.35892915725708,1.0301384925842285
0.9565217391304373,0.98,0.9361702127659574,0.5903614457831325,0.217391304347826,0.3280918949906568,0.1971008165607045,0.3958333333333333,0.9791666666666666,0.1627906976744186,0.1620553359683794,0.6956521739130435,0.1304347826086956,-1.0157292258543986,0.3358547684095887,-0.4883143183824354,2.5893815264237306e-15,2.0,0.0,0.4212959995117275,-0.8959965969805078,-0.7045504386248921,0.3076923076923077,0.5272727272727272,0.4363636363636363,0.3148148148148147,-1.353335569456327,2.0251299949384984,0.2727272727272727,0.5,12,12,0.3888888888888888,0.1714285714285714,0.9333333333333332,0.9090909090909092,1,2,1.3576668500900269,1.0593910217285156
0.9565217391304373,0.98,0.9361702127659574,0.8674698795180723,0.217391304347826,0.3280918949906568,0.1971008165607045,0.8541666666666666,0.8958333333333333,0.1627906976744186,0.1620553359683794,0.6521739130434783,0.8260869565217391,0.4605801158521491,-0.1907934500522042,-0.580176758212922,0.588057583961006,3.0,0.0,-1.5700306678470846,3.811269640071401,2.06462342285584,0.3461538461538461,0.2545454545454545,0.4545454545454545,0.611111111111111,-1.181382724991769,-3.227426829835873,0.2727272727272727,0.0588235294117647,11,11,0.4166666666666666,0.6285714285714286,0.9333333333333332,0.9090909090909092,1,2,1.8036202192306519,0.9078132510185242
0.9565217391304373,0.9801183431952664,0.9361702127659574,0.4819277108433735,0.217391304347826,0.3280918949906568,0.1971008165607045,0.2291666666666666,0.3333333333333333,0.1627906976744186,0.1620553359683794,0.5652173913043479,0.0869565217391304,-0.5034207802121452,0.1056107385867269,1.1906624519596425,0.160166846399134,1.0,1.0,0.8289981444848291,-1.0248611437064463,-0.9673453236360414,0.3076923076923077,0.4727272727272727,0.3181818181818182,0.2314814814814814,-0.2356420804366999,2.279285970330807,0.3333333333333333,0.5588235294117647,9,11,0.4166666666666666,0.1428571428571428,0.9666666666666668,0.9090909090909092,0,2,1.3037797212600708,1.0927233695983887
0.9565217391304373,0.9801183431952664,0.9361702127659574,0.9759036144578314,0.217391304347826,0.3280918949906568,0.1971008165607045,0.2708333333333333,0.1666666666666666,0.1627906976744186,0.1620553359683794,0.3913043478260869,0.1739130434782608,0.6411083546777776,-0.2199486536896516,0.0786598294833466,0.1076684920328081,2.0,2.0,-0.0545957856764702,-0.59303894052313,-0.3204713156955137,0.3653846153846154,0.4545454545454545,0.3818181818181818,0.2962962962962963,-0.3216185026689789,1.516818044153882,0.3636363636363636,0.4705882352941176,9,10,0.3888888888888888,0.2571428571428571,0.9666666666666668,0.9090909090909092,0,2,1.4585548639297485,1.0016748905181885
0.9565217391304373,0.9801183431952664,0.9574468085106382,0.4819277108433735,0.217391304347826,0.3280918949906568,0.1971008165607045,0.4791666666666666,0.0833333333333333,0.1627906976744186,0.1620553359683794,0.7391304347826086,0.4347826086956522,-0.9272315536329788,0.6826712473844074,1.5643688612841171,0.4168381450064988,1.0,0.0,0.1729668905071127,-0.6930545503312608,-0.5455018632570741,0.3653846153846154,0.3454545454545454,0.4818181818181818,0.3703703703703703,-1.267359147224048,-0.1775551251281732,0.2727272727272727,0.3235294117647059,10,12,0.4444444444444444,0.3428571428571428,0.9666666666666668,0.9090909090909092,1,2,1.3581151962280273,1.0349256992340088
0.9565217391304373,0.980355029585799,0.9574468085106382,0.8433734939759037,0.217391304347826,0.3280918949906568,0.1971008165607045,0.9583333333333331,0.9791666666666666,0.1627906976744186,0.1620553359683794,0.5217391304347826,0.1304347826086956,-0.4912813933749912,0.3358547684095887,-0.3932256955276284,2.5893815264237306e-15,0.0,2.0,-0.0879410901254828,-0.2985964536704366,-0.3642635152827687,0.5288461538461539,0.5272727272727272,0.4818181818181818,0.3333333333333333,0.194240030724695,1.8556926780102927,0.3939393939393939,0.5,6,12,0.4722222222222222,0.1999999999999999,0.0333333333333333,1.0,-1,2,1.4664888381958008,1.0403645038604736
0.9565217391304373,0.9804733727810652,0.9574468085106382,0.036144578313253,0.217391304347826,0.3280918949906568,0.1971008165607045,0.375,0.8958333333333333,0.1627906976744186,0.1620553359683794,0.217391304347826,0.8260869565217391,-0.7349246141283159,-0.190433434553352,-0.0322304681947919,0.588057583961006,2.0,0.0,-1.868438391995659,5.987636436845055,3.3126666233253474,0.4615384615384615,0.2545454545454545,0.3999999999999999,0.6388888888888888,0.3661928751892531,-3.481582805228181,0.4848484848484848,0.0588235294117647,9,11,0.3055555555555555,0.6571428571428571,0.0666666666666666,1.0,1,2,1.8531832695007324,0.8865980505943298
0.9565217391304373,0.9804733727810652,0.9787234042553192,0.4819277108433735,0.217391304347826,0.3280918949906568,0.1971008165607045,0.4791666666666666,0.2708333333333333,0.1627906976744186,0.1620553359683794,0.7391304347826086,0.4347826086956522,-0.9265452645619036,0.662242654670785,1.5643688612841171,0.1195764613549228,2.0,1.0,-0.4697328793010963,-0.4202767478793102,0.2808783653145138,0.375,0.3636363636363636,0.4818181818181818,0.4074074074074074,-1.181382724991769,-0.3469924420563787,0.303030303030303,0.3529411764705882,10,10,0.4444444444444444,0.3999999999999999,0.0666666666666666,1.0,1,2,1.4623092412948608,0.9452349543571472
0.9565217391304373,0.9804733727810652,0.9787234042553192,0.1325301204819277,0.217391304347826,0.3280918949906568,0.1971008165607045,0.5416666666666666,0.4583333333333333,0.1627906976744186,0.1620553359683794,0.5217391304347826,0.2608695652173913,0.5166750591367629,0.3263244760049709,-0.0843337685133374,0.0002745635450137,1.0,2.0,1.1544852032617183,-0.8704128100053846,-1.1862624414036402,0.4038461538461538,0.4181818181818181,0.4363636363636363,0.3518518518518518,-0.4935713471335369,0.6696314595128544,0.3636363636363636,0.5,10,7,0.3888888888888888,0.3428571428571428,0.0666666666666666,1.0,-1,2,1.3468509912490845,1.0472663640975952
0.9565217391304373,0.9804733727810652,0.9787234042553192,0.2048192771084337,0.217391304347826,0.3280918949906568,0.1971008165607045,0.6458333333333333,0.8541666666666666,0.1627906976744186,0.1620553359683794,0.782608695652174,0.6956521739130435,-1.5794648939852665,0.4910545607881461,0.4785870965164475,-0.5263477305420222,0.0,3.0,3.557762124697589,0.8027990351723963,-2.1300730831449037,0.3269230769230769,0.3545454545454545,0.5909090909090908,0.4629629629629629,-2.642981902940512,-0.940023051305098,0.2727272727272727,0.2941176470588235,7,11,0.5555555555555556,0.4285714285714285,0.0666666666666666,1.0,-1,0,1.1629515886306763,1.4131234884262085
0.9565217391304373,0.9804733727810652,0.9787234042553192,0.710843373493976,0.217391304347826,0.3280918949906568,0.1971008165607045,0.7916666666666666,0.3958333333333333,0.1627906976744186,0.1620553359683794,0.3913043478260869,0.6521739130434783,0.2284811182427227,-1.0044789712087017,-1.6264589190656924,-0.4362856828031928,4.0,0.0,-0.5789630816416148,-0.0122035251548139,0.2989479355854295,0.3846153846153846,0.3090909090909091,0.4909090909090909,0.4444444444444444,-1.181382724991769,-1.1941790266974064,0.3939393939393939,0.2941176470588235,6,12,0.4722222222222222,0.3999999999999999,0.0666666666666666,1.0,1,2,1.565846562385559,0.9288546442985535
0.9565217391304373,0.9804733727810652,0.9787234042553192,0.3012048192771084,0.217391304347826,0.3280918949906568,0.1971008165607045,0.9375,0.5833333333333333,0.1627906976744186,0.1620553359683794,0.3043478260869565,0.6086956521739131,0.6945025907890224,0.4162074244776355,-0.0508797361788803,0.3487620591838878,3.0,0.0,0.5853334373848265,-0.8448913465681646,-0.8545763335208868,0.3846153846153846,0.3727272727272727,0.4181818181818181,0.4907407407407407,-0.4935713471335369,-1.0247417097692009,0.3939393939393939,0.2941176470588235,9,11,0.3888888888888888,0.4285714285714285,0.0666666666666666,1.0,1,2,1.3495800495147705,1.012914776802063
0.9565217391304373,0.9805917159763312,0.9787234042553192,0.8072289156626506,0.217391304347826,0.3280918949906568,0.1971008165607045,0.0833333333333333,0.6875,0.1627906976744186,0.1620553359683794,0.4782608695652174,0.0434782608695652,0.6659248807395729,1.042668422117437,0.3818639450231136,0.1292000740789988,0.0,3.0,1.7495881397664352,-0.8448913465681646,-1.4615470255251903,0.3653846153846154,0.5454545454545454,0.3727272727272727,0.2962962962962963,-0.2356420804366999,2.364004628794909,0.3333333333333333,0.6176470588235294,12,7,0.3611111111111111,0.2285714285714285,0.1,1.0,-1,0,1.1861810684204102,1.1576544046401978
0.9565217391304373,0.9805917159763312,0.9787234042553192,0.4698795180722891,0.217391304347826,0.3280918949906568,0.1971008165607045,0.3333333333333333,0.1666666666666666,0.1627906976744186,0.1620553359683794,0.0869565217391304,0.1739130434782608,0.0764115620508109,-0.2191959321733518,0.1200616396512995,0.1076684920328081,2.0,2.0,-0.7472774486603239,0.1281095841487151,0.6083057280034945,0.5096153846153847,0.4727272727272727,0.2363636363636363,0.3148148148148147,2.34365058653167,1.516818044153882,0.5757575757575758,0.4705882352941176,12,11,0.1388888888888889,0.2571428571428571,0.1,1.0,0,2,1.4985368251800537,0.9411332607269287
0.9565217391304373,0.9805917159763312,0.9787234042553192,0.5301204819277109,0.217391304347826,0.3280918949906568,0.1971008165607045,0.4375,0.2291666666666666,0.1627906976744186,0.1620553359683794,0.0,0.5652173913043479,1.1342805183426723,-0.475754694808338,0.115225467772681,1.2097851849199468,1.0,0.0,-1.7516118087750605,4.537345597686456,3.1016697666581523,0.7115384615384616,0.3,0.2181818181818181,0.3333333333333333,4.321108297874087,-0.262273783592276,0.6666666666666667,0.3235294117647059,9,10,0.1388888888888889,0.4285714285714285,0.1,1.0,1,2,2.027174949645996,0.8854039311408997
0.9565217391304373,0.9808284023668636,1.0,0.5301204819277109,0.217391304347826,0.3280918949906568,0.1971008165607045,0.9791666666666666,0.4375,0.1627906976744186,0.1620553359683794,0.1304347826086956,0.0,0.3379507302769394,1.1585173758538765,2.641144751217104e-15,0.1554254576072724,3.0,3.0,-1.547776501270021,3.2575357489600862,2.151296811491806,0.576923076923077,0.6818181818181818,0.3272727272727272,0.2222222222222222,2.085721319834833,4.312533773469274,0.5454545454545454,0.6764705882352942,12,9,0.1944444444444444,0.1428571428571428,0.1666666666666666,1.0,0,2,1.802502155303955,0.971727192401886
0.9565217391304373,0.98094674556213,1.0,0.8072289156626506,0.217391304347826,0.3280918949906568,0.1971008165607045,0.0833333333333333,0.9583333333333331,0.1627906976744186,0.1620553359683794,0.5217391304347826,0.4347826086956522,0.6664301975501202,-0.4651338172972002,0.3818639450231136,-0.343060681303428,5.0,0.0,-1.1628133783213062,1.4366549531877222,1.2474023082454069,0.3653846153846154,0.5,0.3999999999999999,0.5092592592592592,-0.4935713471335369,-0.0081178081999676,0.3333333333333333,0.3823529411764705,12,6,0.3888888888888888,0.5142857142857142,0.2,1.0,1,2,1.7265430688858032,0.9289820194244385
0.9565217391304373,0.98094674556213,1.0,0.746987951807229,0.217391304347826,0.3280918949906568,0.1971008165607045,0.1666666666666666,0.4791666666666666,0.1627906976744186,0.1620553359683794,0.1739130434782608,0.7391304347826086,-0.2458463437297046,-0.902140509658034,0.0665138130111448,1.5761674031474842,4.0,2.0,-0.6717913868051741,0.7591466571844859,0.1578111301353347,0.5192307692307693,0.3727272727272727,0.3272727272727272,0.5,1.5698627864411592,-1.1094603682333035,0.4848484848484848,0.3235294117647059,12,10,0.25,0.4571428571428571,0.2,1.0,1,2,1.5989125967025757,0.9222895503044128
0.9565217391304373,0.98094674556213,1.0,0.4819277108433735,0.217391304347826,0.3280918949906568,0.1971008165607045,0.2291666666666666,0.6875,0.1627906976744186,0.1620553359683794,0.5652173913043479,0.0434782608695652,-0.5035752809538981,1.0431202339665275,1.1906624519596425,0.1292000740789988,1.0,3.0,-0.2063792154743537,-0.4447833217673027,-0.1716300993147152,0.3173076923076923,0.5727272727272728,0.3363636363636363,0.2962962962962963,-0.3216185026689789,2.618160604187218,0.3333333333333333,0.6470588235294118,10,7,0.4444444444444444,0.2285714285714285,0.2,1.0,-1,2,1.4496338367462158,1.1244767904281616
0.9565217391304373,0.98094674556213,1.0,0.9759036144578314,0.217391304347826,0.3280918949906568,0.1971008165607045,0.2708333333333333,0.6458333333333333,0.1627906976744186,0.1620553359683794,0.3478260869565217,0.782608695652174,0.6429231094274961,-1.563275008428355,0.0786598294833466,0.5116656403714944,1.0,1.0,-0.6717913868051741,0.0347766233480473,0.4970902466262032,0.3942307692307693,0.3090909090909091,0.4181818181818181,0.6296296296296295,-0.4075949249012579,-2.888552195979462,0.3636363636363636,0.2647058823529412,10,7,0.4166666666666666,0.6,0.2,1.0,0,2,1.572797417640686,0.9411287307739258
0.9565217391304373,0.98094674556213,1.0,0.5903614457831325,0.217391304347826,0.3280918949906568,0.1971008165607045,0.3958333333333333,0.9375,0.1627906976744186,0.1620553359683794,0.6086956521739131,0.3043478260869565,-1.0121729196346831,0.722506457123329,-0.4883143183824354,-0.0074242863746937,1.0,0.0,0.526286011035339,-0.8194319037593477,-0.8206413410232347,0.3269230769230769,0.3909090909090909,0.4727272727272727,0.4259259259259259,-1.5252884139208849,-0.262273783592276,0.303030303030303,0.4117647058823529,12,9,0.4166666666666666,0.3999999999999999,0.2,1.0,1,2,1.347056269645691,1.046040415763855
0.9565217391304373,0.98094674556213,1.0,0.5301204819277109,0.217391304347826,0.3280918949906568,0.1971008165607045,0.4583333333333333,0.375,0.1627906976744186,0.1620553359683794,0.217391304347826,0.2608695652173913,0.300999797979048,-0.7051138539959648,-0.04302698182486,0.0108594786393483,2.0,0.0,-0.6530914332367731,0.3351174167375081,0.2929357601819815,0.4615384615384615,0.4545454545454545,0.3545454545454545,0.4074074074074074,0.7960749863506482,0.5001941425846489,0.5454545454545454,0.5,7,9,0.3333333333333333,0.3142857142857143,0.2,1.0,1,2,1.5233219861984253,0.9202723503112793
0.9565217391304373,0.98094674556213,1.0,0.2409638554216867,0.217391304347826,0.3280918949906568,0.1971008165607045,0.5833333333333333,0.7916666666666666,0.1627906976744186,0.1620553359683794,0.6956521739130435,0.4782608695652174,0.4001629317304214,0.2549358897896956,0.3124269791225654,-1.5521240335978803,3.0,1.0,-0.98060781080609,1.1666792166131024,0.7683858176282239,0.3942307692307693,0.3999999999999999,0.509090909090909,0.5,-1.267359147224048,-0.8553043928409952,0.303030303030303,0.4117647058823529,11,6,0.4444444444444444,0.4857142857142857,0.2,1.0,1,2,1.6273905038833618,0.9366528391838074
0.9565217391304373,0.98094674556213,1.0,0.8674698795180723,0.217391304347826,0.3280918949906568,0.1971008165607045,0.8541666666666666,0.3333333333333333,0.1627906976744186,0.1620553359683794,0.6521739130434783,0.0869565217391304,0.4612912417790163,0.107580564544907,-0.580176758212922,0.160166846399134,3.0,0.0,-1.481585035471631,2.5445698602229023,2.239079750178151,0.4038461538461538,0.5,0.4545454545454545,0.2592592592592592,-0.665524191598095,2.279285970330807,0.3333333333333333,0.5588235294117647,11,13,0.4166666666666666,0.1428571428571428,0.2,1.0,1,2,1.7100902795791626,0.9201357364654541
0.9565217391304373,0.98094674556213,1.0,0.1686746987951807,0.217391304347826,0.3280918949906568,0.1971008165607045,0.8958333333333333,0.5416666666666666,0.1627906976744186,0.1620553359683794,0.8260869565217391,0.3913043478260869,-0.2210105320272735,0.5426165900918594,0.55650615895966,-0.0402226603643458,0.0,4.0,2.2192774649765705,0.4258240921077591,-1.8186289740786656,0.2692307692307693,0.3909090909090909,0.6454545454545454,0.4629629629629629,-3.674698969727861,-0.6011484174486871,0.0606060606060606,0.3529411764705882,11,10,0.6666666666666666,0.4285714285714285,0.2,1.0,-1,0,1.1698282957077026,1.3319897651672363
